"CASEID","POINT_X","POINT_Y","YEAR_","LOCATION","CHPTYPE","DAYWEEK","CRASHSEV","VIOLCAT","KILLED","INJURED","WEATHER1","PEDCOL","BICCOL","MCCOL","TRUCKCOL","ETOH","TIMECAT","MONTH_","CRASHTYP","INVOLVE","PED","PRIMARYRD","SECONDRD","DISTANCE","DIRECT","INTERSECT_","PROCDATE","JURIS","DATE_","TIME_","BADGE","JURIDIST","SHIFT","POP","SPECIAL","BEATTYPE","LAPDDIV","BEATCLAS","BEATNUMB","WEATHER2","STATEHW","CALTRANC","CALTRAND","STROUTE","ROUTESUF","POSTPRE","POSTMILE","LOCATYPE","RAMP","SIDEHW","TOWAWAY","PARTIES","PCF","VIOLCODE","VIOL","VIOLSUB","HITRUN","ROADSURF","RDCOND1","RDCOND2","LIGHTING","RIGHTWAY","CHPRDTYP","NOTPRIV","STFAULT","CHPFAULT","SEVINJ","OTHERINJ","COP","PEDKILL","PEDINJ","BICKILL","BICINJ","MCKILL","MCINJURE","RAMP1","RAMP2","CITY","COUNTY","STATE","X_CHP","Y_CHP"
"90271800",-121.1568431,38.7675251,2016,"3100","4","2","3","09",0,1,"A",,,"Y",,,1500,9,"D","C","A","AUBURN FOLSOM ROAD","TWIN ROCKS ROAD",0,,"Y","2016-09-20",9220,"2016-09-13",1405,"013794",,"2","9","0","2",,"2","027","-","N",,0,0,,,0,,,,"Y",2,"A","-",21801,"A","N","A","H","-","A","D","0","Y","A","01",0,1,0,0,0,0,0,0,1,"-","-","UNINCORPORATED","PLACER","CA",0,0
"90271779",0,0,2016,"3100","4","2","4","03",0,1,"A",,,"Y",,,1200,9,"F","A","A","WALERGA RD","FARRIER WAY",1056,"N","N","2016-09-20",9220,"2016-09-13",1135,"012546","9220","1","9","0","2",,"1","013","-","N",,0,0,,,0,,,,"N",1,"A","-",22350,,"N","A","H","-","A","A","0","Y","C","02",0,0,1,0,0,0,0,0,1,"-","-","UNINCORPORATED","PLACER","CA",-121.36378,38.74631
"90271769",0,0,2016,"3101","1","1","4","07",0,1,"A",,,,"Y",,600,9,"B","C","A","I-80 WB","NEVADA ST OVERCROSSING",1056,"E","N","2016-09-20",9220,"2016-09-12",345,"014282",,"3","3","0","1",,"2","282","-","Y",,0,0,,,0,,,,"N",2,"A","-",21658,"A","F","A","H","-","C","D","0","Y","A","01",0,0,1,0,0,0,0,0,0,"-","-","AUBURN","PLACER","CA",-121.07641,38.89891
"90271747",-121.2128911,38.8394839,2016,"3100","5","1","4","08",0,1,"A",,,,,,1200,9,"E","I","A","CITRUS COLONY RD.","CARLILE DR.",82,"W","N","2016-09-20",9220,"2016-09-12",1100,"013466",,"1","9","0","3",,"2","070","-","N",,0,0,,,0,,,,"Y",1,"A","-",22107,,"N","A","H","-","A","A","0","Y","A","01",0,0,1,0,0,0,0,0,0,"-","-","UNINCORPORATED","PLACER","CA",0,0
"90271733",0,0,2016,"3105","1","7","2","08",0,1,"A",,,,,,2100,9,"F","A","A","I-80 W/B","TAYLOR RD",260,"W","N","2016-09-20",9220,"2016-09-11",2040,"013257",,"2","5","0","1",,"2","281","-","Y",,0,0,,,0,,,,"Y",1,"A","-",22107,,"N","A","H","-","C","D","0","Y","D","22",1,0,0,0,0,0,0,0,0,"-","-","ROSEVILLE","PLACER","CA",0,0
"90271688",-121.217889,38.8991824,2016,"3100","5","7","3","08",0,1,"A",,,,,,1800,9,"E","I","A","VIRGINIATOWN RD","FOWLER RD",1056,"W","N","2016-09-20",9220,"2016-09-11",1520,"016031",,"2","9","0","3",,"2","070","-","N",,0,0,,,0,,,,"Y",1,"A","-",22107,,"N","A","H","-","A","D","0","Y","A","07",0,1,0,0,0,0,0,0,0,"-","-","UNINCORPORATED","PLACER","CA",0,0
"90271652",0,0,2016,"3100","5","5","3","01",0,1,"A",,,,,,2100,9,"E","I","A","W. PAOLI LN.","I-80 E/B",167,"S","N","2016-09-20",9220,"2016-09-09",2050,"016682",,"2","9","0","3",,"2","050","-","Y",,0,0,,,0,,,,"Y",1,"A","-",23152,"E","N","A","H","-","D","D","0","Y","D","22",0,1,0,0,0,0,0,0,0,"-","-","UNINCORPORATED","PLACER","CA",-120.97588,39.03234
"90271538",0,0,2016,"3105","1","6","4","03",0,1,"A",,,,,,1800,9,"C","C","A","I-80 E/B","TAYLOR RD",1584,"W","N","2016-09-20",9220,"2016-09-10",1725,"011085",,"2","5","0","1",,"2","281","-","Y",,0,0,,,0,,,,"Y",2,"A","-",22350,,"N","A","H","-","A","D","0","Y","D","23",0,0,1,0,0,0,0,0,0,"-","-","ROSEVILLE","PLACER","CA",-121.25782,38.76336
"90271421",0,0,2016,"3100","1","1","3","08",0,1,"A",,,,,,1800,9,"E","I","A","I-80 E/B","CISCO RD",4752,"E","N","2016-09-20",9221,"2016-09-19",1550,"016634",,"2","9","0","1",,"2","388","-","Y",,0,0,,,0,,,,"Y",1,"A","-",22107,,"N","A","H","-","A","D","0","Y","A","01",0,1,0,0,0,0,0,0,0,"-","-","UNINCORPORATED","PLACER","CA",-120.53754,39.30551
"90271408",-121.0960431,38.9384251,2016,"3100","3","6","4","12",0,3,"A",,,,,,900,9,"D","C","A","SR-49 SOUTHBOUND","WILLOW CREEK DR",0,,"Y","2016-09-20",9220,"2016-09-03",750,"015239",,"1","9","0","1",,"1","249","-","Y",,0,0,,,0,,,,"N",2,"A","-",21453,"A","N","A","H","-","A","A","0","Y","A","01",0,0,3,0,0,0,0,0,0,"-","-","UNINCORPORATED","PLACER","CA",-121.09594,38.93845
"90271387",-121.1986531,38.7442651,2016,"3100","4","5","3","09",0,2,"A",,,,,,1800,9,"A","C","A","DOUGLAS BLVD","BERG LN",0,,"Y","2016-09-20",9220,"2016-09-02",1525,"016031",,"2","9","0","2",,"2","022","-","N",,0,0,,,0,,,,"Y",2,"A","-",21801,"A","N","A","H","-","E","D","0","Y","A","07",0,1,1,0,0,0,0,0,0,"-","-","UNINCORPORATED","PLACER","CA",0,0
"90271351",0,0,2016,"3100","1","1","4","03",0,1,"A",,,,,,1500,9,"F","I","A","I-80 E/B","RAILROAD TRESTLE",1056,"E","N","2016-09-20",9221,"2016-09-12",1325,"017320",,"1","9","0","1",,"2","384","-","Y",,0,0,,,0,,,,"Y",1,"A","-",22350,,"N","A","H","-","A","D","0","Y","A","01",0,0,1,0,0,0,0,0,0,"-","-","UNINCORPORATED","PLACER","CA",-120.9375,39.12846
"90271312",-121.1325131,38.8764851,2016,"3100","3","1","4","08",0,1,"A",,,,,,1800,8,"E","J","A","SR-193","OLD STATE HIGHWAY",0,,"Y","2016-09-20",9220,"2016-08-15",1720,"016481",,"2","9","0","1",,"2","193","-","N",,0,0,,,0,,,,"Y",1,"A","-",22107,,"N","A","H","-","A","D","0","Y","A","01",0,0,1,0,0,0,0,0,0,"-","-","UNINCORPORATED","PLACER","CA",0,0
"90270705",-120.1633636,39.1021589,2016,"3100","3","1","3","08",0,1,"A",,,,,,1500,9,"E","I","A","SR-89 SOUTH","TROUT CREEK",4752,"N","N","2016-09-19",9222,"2016-09-12",1418,"017288",,"2","9","0","1",,"1","013","-","Y",,0,0,,,0,,,,"Y",1,"A","-",22107,,"N","A","H","-","A","D","0","Y","A","01",0,1,0,0,0,0,0,0,0,"-","-","UNINCORPORATED","PLACER","CA",-120.20213,39.22213
"90269420",0,0,2016,"3100","4","4","4","03",0,1,"A",,,"Y",,,2100,9,"B","C","A","W. WEIMAR RD.","TIMBER HILLS RD",106,"E","N","2016-09-16",9220,"2016-09-01",2005,"016682",,"2","9","0","2",,"2","051","-","N",,0,0,,,0,,,,"N",2,"A","-",22350,,"N","A","H","-","D","D","0","Y","C","02",0,0,1,0,0,0,0,0,1,"-","-","UNINCORPORATED","PLACER","CA",-120.99019,39.04274
"90269089",-121.189203,38.744065,2016,"3100","4","7","4","12",0,1,"A",,,,,,1800,8,"D","C","A","DOUGLAS BLVD","BARTON RD",0,,"Y","2016-11-10",9220,"2016-08-28",1705,"016682",,"2","9","0","2",,"2","022","-","Y",,0,0,,,0,,,,"Y",2,"A","-",21453,"A","N","A","H","-","A","A","0","Y","A","07",0,0,1,0,0,0,0,0,0,"-","-","UNINCORPORATED","PLACER","CA",-121.18928,38.74435
"90268716",-121.1647989,38.8510694,2016,"3100","4","6","4","11",0,1,"A","Y",,,,"Y",300,9,"G","B","E","TAYLOR RD","ENGLISH COLONY WAY",120,"W","N","2016-09-15",9220,"2016-09-03",20,"013060",,"3","9","0","2",,"2","075","-","N",,0,0,,,0,,,,"N",2,"A","-",21954,"A","N","A","H","-","C","D","0","Y","N","60",0,0,1,0,1,0,0,0,0,"-","-","UNINCORPORATED","PLACER","CA",0,0
"90268703",-121.0678669,38.9603609,2016,"3100","4","3","3","01",0,1,"A",,,,,"Y",2100,9,"E","I","A","DRY CREEK ROAD","VALLEY QUAIL LANE",2100,"W","N","2016-11-22",9220,"2016-09-14",1940,"013676",,"2","9","0","2",,"2","058","-","N",,0,0,,,0,,,,"Y",1,"A","-",23152,"A","N","A","H","-","D","D","0","Y","A","01",0,1,0,0,0,0,0,0,0,"-","-","UNINCORPORATED","PLACER","CA",-121.06534,38.95886
"90268685",0,0,2016,"3100","1","2","4","03",0,2,"A",,,,,,1800,8,"C","C","A","I-80 W/B","SR-65",1056,"E","N","2016-09-15",9220,"2016-08-30",1705,"016682",,"2","9","0","1",,"2","281","-","Y",,0,0,,,0,,,,"N",3,"A","-",22350,,"N","A","H","-","A","D","0","Y","A","01",0,0,2,0,0,0,0,0,0,"-","-","UNINCORPORATED","PLACER","CA",-121.24507,38.77243
"90268229",-121.1024892,38.8546917,2016,"3100","4","5","4","17",0,1,"A",,,,"Y",,900,9,"E","J","A","AUBURN FOLSOM RD","SHIRLAND TRACT RD",528,"S","N","2016-09-15",9220,"2016-09-09",804,"013856",,"1","9","0","2",,"2","077","-","N",,0,0,,,0,,,,"Y",2,"A","-",23114,"A","N","A","D","H","A","D","0","Y","F","27",0,0,1,0,0,0,0,0,0,"-","-","UNINCORPORATED","PLACER","CA",0,0
"90268185",0,0,2016,"3100","1","5","4","03",0,1,"A",,,,,,1500,9,"C","C","A","I-80 E/B","PENRYN RD.",317,"E","N","2016-09-15",9220,"2016-09-02",1338,"013856",,"1","9","0","1",,"2","282","-","Y",,0,0,,,0,,,,"Y",2,"A","-",22350,,"N","A","H","-","A","D","0","Y","A","01",0,0,1,0,0,0,0,0,0,"-","-","UNINCORPORATED","PLACER","CA",0,0
"90267875",-121.0978931,38.9348851,2016,"3100","5","2","3","09",0,2,"A",,,,"Y",,1500,9,"D","C","A","ATWOOD ROAD","SOUTH DRIVE",0,,"Y","2016-09-14",9220,"2016-09-13",1350,"016685",,"1","9","0","3",,"2","040","-","N",,0,0,,,0,,,,"Y",3,"A","-",21801,"A","N","A","H","-","A","D","0","Y","A","01",0,1,1,0,0,0,0,0,0,"-","-","UNINCORPORATED","PLACER","CA",-121.09767,38.93482
"90267847",-121.1031931,38.9405951,2016,"3100","5","1","4","08",0,2,"A",,,,,,1500,9,"D","C","A","1ST STREET","B AVENUE",0,,"Y","2016-09-14",9220,"2016-09-12",1305,"016685",,"1","9","0","3",,"2","040","-","N",,0,0,,,0,,,,"Y",2,"A","-",22107,,"F","A","H","-","A","C","0","Y","D","22",0,0,2,0,0,0,0,0,0,"-","-","UNINCORPORATED","PLACER","CA",-121.10306,38.94046
"90267769",0,0,2016,"3105","1","2","4","03",0,2,"A",,,,,,1800,9,"C","C","A","I-80 (E/B)","ROSEVILLE PARKWAY O/C",60,"E","N","2016-09-14",9220,"2016-09-13",1720,"013794",,"2","5","0","1",,"2","281","-","Y",,0,0,,,0,,,,"N",3,"A","-",22350,,"N","A","H","-","A","D","0","Y","D","22",0,0,2,0,0,0,0,0,0,"-","-","ROSEVILLE","PLACER","CA",0,0
"90267677",-120.194841,39.1864971,2016,"3100","3","6","3","01",0,1,"A",,,"Y",,"Y",1500,9,"C","C","A","STATE ROUTE 89","ALPINE MEADOWS RD.",200,"S","N","2016-09-14",9222,"2016-09-03",1325,"018593",,"1","9","0","1",,"2","012","-","Y",,0,0,,,0,,,,"N",2,"A","-",23152,"A","N","A","H","-","A","D","0","Y","C","02",0,1,0,0,0,0,0,0,1,"-","-","UNINCORPORATED","PLACER","CA",-120.19477,39.18661
"90267410",0,0,2016,"3100","3","7","4","03",0,2,"A",,,,,,2400,9,"C","C","A","SR-193 E/B","SIERRA COLLEGE BLVD",60,"W","N","2016-09-14",9220,"2016-09-11",2300,"013794",,"3","9","0","1",,"2","193","-","Y",,0,0,,,0,,,,"N",2,"A","-",22350,,"F","A","H","-","D","A","0","Y","D","22",0,0,2,0,0,0,0,0,0,"-","-","UNINCORPORATED","PLACER","CA",0,0
"90267385",0,0,2016,"3105","1","3","4","03",0,1,"A",,,,,,1800,9,"C","C","A","I-80 (W/B)","ROSEVILLE PKWY O/C",36,"W","N","2016-09-14",9220,"2016-09-07",1725,"013794",,"2","5","0","1",,"2","281","-","Y",,0,0,,,0,,,,"Y",3,"A","-",22350,,"N","A","H","-","A","D","0","Y","A","01",0,0,1,0,0,0,0,0,0,"-","-","ROSEVILLE","PLACER","CA",0,0
"90267044",-120.6514625,39.3103281,2016,"3100","3","7","3","01",0,1,"A",,,,,"Y",1800,9,"F","I","A","STATE ROUTE 20 ","LAKE SPAULDING RD",3696,"W","N","2016-09-13",9221,"2016-09-04",1755,"016556",,"2","9","0","1",,"1","320","-","Y",,0,0,,,0,,,,"Y",1,"A","-",23152,"A","N","A","H","-","A","D","0","Y","A","07",0,1,0,0,0,0,0,0,0,"-","-","UNINCORPORATED","PLACER","CA",-120.6542,39.30921
"90267024",0,0,2016,"3100","1","2","2","08",0,2,"A",,,,,,1800,9,"E","I","A","I-80 E/B","SAWMILL OVERPASS",528,"W","N","2016-09-27",9221,"2016-09-06",1640,"016556",,"2","9","0","1",,"2","385","-","Y",,0,0,,,0,,,,"Y",1,"A","-",22107,,"N","A","H","-","A","D","0","Y","A","01",2,0,0,0,0,0,0,0,0,"-","-","UNINCORPORATED","PLACER","CA",-120.85457,39.17873
"90266779",0,0,2016,"3100","1","5","4","03",0,1,"A",,,,,,1800,9,"C","C","A","I-80 W/B","YUBA GAP O/C",1584,"W","N","2016-09-13",9221,"2016-09-02",1655,"017121",,"2","9","0","1",,"2","386","-","Y",,0,0,,,0,,,,"Y",2,"A","-",22350,,"F","A","H","-","A","D","0","Y","A","01",0,0,1,0,0,0,0,0,0,"-","-","UNINCORPORATED","PLACER","CA",-120.62831,39.31375
"90265900",0,0,2016,"3105","1","6","4","03",0,2,"A",,,,,,1800,9,"C","C","A","I-80 E/B","TAYLOR RD.",20,"E","N","2016-09-12",9220,"2016-09-10",1615,"15060",,"2","5","0","1",,"2","281","-","Y",,0,0,,,0,,,,"Y",2,"A","-",22350,,"N","A","H","-","A","D","0","Y","A","01",0,0,2,0,0,0,0,0,0,"-","-","ROSEVILLE","PLACER","CA",-121.25819,38.76265
"90265881",0,0,2016,"3105","3","6","4","03",0,2,"A",,,,,,1500,9,"C","C","A","SR-65 (N/B)","I-80",528,"N","N","2016-09-12",9220,"2016-09-10",1430,"15060",,"2","5","0","1",,"1","265","-","Y",,0,0,,,0,,,,"N",2,"A","-",22350,,"N","A","H","-","A","D","0","Y","A","01",0,0,2,0,0,0,0,0,0,"-","-","ROSEVILLE","PLACER","CA",-121.25001,38.77084
"90265541",0,0,2016,"3100","3","5","4","12",0,1,"A",,,,,,1500,9,"D","C","A","SR-49 N/B","WILLOW CREEK DRIVE",0,,"Y","2016-09-12",9220,"2016-09-09",1350,"013676",,"1","9","0","1",,"1","249","-","Y",,0,0,,,0,,,,"Y",2,"A","-",21453,"A","N","A","H","-","A","A","0","Y","A","01",0,0,1,0,0,0,0,0,0,"-","-","UNINCORPORATED","PLACER","CA",-121.09329,38.93536
"90265529",-121.1706031,38.7409234,2016,"3100","4","5","3","09",0,1,"A",,,,,,2100,9,"D","C","A","AUBURN FOLSOM RD","FULLER DR",400,"N","N","2016-09-12",9220,"2016-09-09",1810,"15060",,"2","9","0","2",,"2","027","-","N",,0,0,,,0,,,,"Y",2,"A","-",21801,"A","N","A","H","-","A","D","0","Y","A","01",0,1,0,0,0,0,0,0,0,"-","-","UNINCORPORATED","PLACER","CA",-121.17031,38.74089
"90264929",0,0,2016,"3100","3","4","4","21",0,1,"A",,,,,,1800,9,"C","C","A","SR-49 N/B","ATWOOD ROAD",50,"S","N","2016-09-09",9220,"2016-09-08",1710,"013676",,"2","9","0","1",,"1","249","-","Y",,0,0,,,0,,,,"N",2,"A","-",22106,,"N","A","H","-","A","A","0","Y","A","07",0,0,1,0,0,0,0,0,0,"-","-","UNINCORPORATED","PLACER","CA",-121.09329,38.93536
"90264908",-121.2830958,38.7316085,2016,"3105","1","4","4","03",0,1,"A",,,,,,900,9,"C","C","A","I-80 WESTBOUND","CIRBY WAY",1050,"E","N","2016-09-09",9220,"2016-09-08",835,"014438",,"1","5","0","1",,"2","281","-","Y",,0,0,,,0,,,,"Y",3,"A","-",22350,,"N","A","H","-","A","D","0","Y","A","01",0,0,1,0,0,0,0,0,0,"-","-","ROSEVILLE","PLACER","CA",-121.28334,38.73144
"90264895",-121.451193,38.751615,2016,"3100","4","2","4","03",0,2,"A",,,,,,900,9,"C","C","A","BASELINE RD","BREWER RD",0,,"Y","2016-09-09",9220,"2016-09-06",845,"012546","9220","1","9","0","2",,"1","012","-","N",,0,0,,,0,,,,"Y",2,"A","-",22350,,"N","A","H","-","A","A","0","Y","A","01",0,0,2,0,0,0,0,0,0,"-","-","UNINCORPORATED","PLACER","CA",-121.45134,38.7516
"90264863",-121.0972331,38.9420751,2016,"3100","3","1","4","03",0,1,"A",,,,,,1500,9,"C","C","A","SR-49 SOUTHBOUND","BELL RD",0,,"Y","2016-09-09",9220,"2016-09-05",1310,"016668",,"1","9","0","1",,"1","249","-","Y",,0,0,,,0,,,,"Y",2,"A","-",22350,,"N","A","H","-","A","A","0","Y","A","01",0,0,1,0,0,0,0,0,0,"-","-","UNINCORPORATED","PLACER","CA",0,0
"90264809",0,0,2016,"3100","4","6","4","08",0,1,"A",,,,,,2100,9,"E","I","A","FORESTHILL ROAD","UPPER LAKE CLEMENTINE ROAD",6864,"E","N","2016-09-09",9220,"2016-09-03",2000,"013676",,"2","9","0","2",,"2","062","-","N",,0,0,,,0,,,,"Y",1,"A","-",22107,,"N","A","C","-","D","D","0","Y","A","01",0,0,1,0,0,0,0,0,0,"-","-","UNINCORPORATED","PLACER","CA",-120.95402,38.95722
"90264670",0,0,2016,"3100","3","6","3","03",0,1,"A",,,,,,1500,9,"C","C","A","SR-65 N/B","GALLERIA BLVD.",2112,"S","N","2016-09-09",9220,"2016-09-03",1355,"013846",,"1","9","0","1",,"1","265","-","Y",,0,0,,,0,,,,"Y",2,"A","-",22350,,"N","A","H","-","A","D","0","Y","A","01",0,1,0,0,0,0,0,0,0,"-","-","UNINCORPORATED","PLACER","CA",0,0
"90264595",-121.1317855,38.8007524,2016,"3100","4","4","3","08",0,1,"A",,,"Y",,,2100,8,"F","A","A","AUBURN FOLSOM RD.","DICK COOK RD",2112,"N","N","2016-09-09",9220,"2016-08-25",1900,"15060",,"2","9","0","2",,"2","027","-","N",,0,0,,,0,,,,"N",1,"A","-",22107,,"N","A","H","-","A","D","0","Y","C","02",0,1,0,0,0,0,0,0,1,"-","-","UNINCORPORATED","PLACER","CA",-121.13235,38.79885
"90264396",0,0,2016,"3100","4","5","4","03",0,2,"A",,,,,,1500,9,"C","C","A","DOUGLAS BLVD","CAVITT STALLMAN RD",90,"W","N","2016-09-08",9220,"2016-09-02",1200,"014438",,"1","9","0","2",,"2","022","-","N",,0,0,,,0,,,,"N",2,"A","-",22350,,"N","A","H","-","A","A","0","Y","A","07",0,0,2,0,0,0,0,0,0,"-","-","UNINCORPORATED","PLACER","CA",-121.22368,38.74384
"90264380",-121.2380446,38.8838102,2016,"3100","4","3","3","08",0,1,"A",,,,,,2400,8,"E","I","A","SIERRA COLLEGE BOULEVARD","SR-193",1000,"S","N","2016-09-08",9220,"2016-08-31",2200,"012239",,"3","9","0","2",,"2","071","-","N",,0,0,,,0,,,,"Y",1,"A","-",22107,,"N","A","H","-","D","D","0","Y","A","01",0,1,0,0,0,0,0,0,0,"-","-","UNINCORPORATED","PLACER","CA",-121.23237,38.32315
"90264371",-121.0835086,38.9230862,2016,"3100","3","3","4","21",0,2,"A",,,,"Y",,1800,8,"C","C","A","SR-49 SOUTHBOUND","EDGEWOOD DRIVE",1056,"N","N","2016-09-08",9220,"2016-08-31",1720,"012239",,"2","9","0","1",,"1","249","-","Y",,0,0,,,0,,,,"N",2,"A","-",22106,,"N","A","H","-","A","A","0","Y","G","25",0,0,2,0,0,0,0,0,0,"-","-","UNINCORPORATED","PLACER","CA",-121.1844,38.88786
"90264359",-121.3925506,38.7358817,2016,"3100","4","3","3","05",0,2,"A",,,,,,2100,8,"A","C","A","WATT AVENUE","DYER LANE",85,"S","N","2016-09-08",9220,"2016-08-31",1805,"014282",,"2","9","0","2",,"1","011","-","N",,0,0,,,0,,,,"Y",3,"A","-",21460,"A","N","A","H","-","A","D","0","Y","A","01",0,1,1,0,0,0,0,0,0,"-","-","UNINCORPORATED","PLACER","CA",-121.3926,38.73593
"90264317",0,0,2016,"3104","1","2","4","03",0,1,"A",,,,,,900,8,"C","C","A","I-80 E/B","ROCKLIN RD.",1584,"W","N","2016-09-08",9220,"2016-08-30",755,"013466",,"1","4","0","1",,"2","281","-","Y",,0,0,,,0,,,,"N",2,"A","-",22350,,"N","A","H","-","A","A","0","Y","A","08",0,0,1,0,0,0,0,0,0,"-","-","ROCKLIN","PLACER","CA",0,0
"90264282",0,0,2016,"3105","3","1","3","08",0,1,"A",,,,,,300,8,"E","I","A","STATE ROUTE 65 SOUTHBOUND","I-80 W/B",450,"S","N","2016-09-08",9220,"2016-08-29",110,"011085",,"3","5","0","1",,"1","265","-","Y",,0,0,,,0,,,,"Y",1,"A","-",22107,,"N","A","H","-","C","D","0","Y","A","07",0,1,0,0,0,0,0,0,0,"-","-","ROSEVILLE","PLACER","CA",-121.25198,38.77507
"90264256",-121.3011207,38.8509914,2016,"3100","5","6","4","18",0,1,"A","Y",,,"Y",,2400,7,"H","E","E","TWELVE BRIDGES DRIVE","SR-65 ",324,"W","N","2016-09-08",9220,"2016-07-16",2332,"014611",,"3","9","0","3",,"2","010","-","N",,0,0,,,0,,,,"N",4,"C","-",0,,"N","A","H","-","D","D","0","Y","-","-",0,0,1,0,1,0,0,0,0,"-","-","UNINCORPORATED","PLACER","CA",-121.185,38.514
"90264140",0,0,2016,"3100","1","7","4","21",0,1,"A",,,,,,2100,8,"C","C","A","I-80 W/B TO BELL ROAD","BELL RD",20,"E","N","2016-09-08",9220,"2016-08-28",1809,"016654",,"2","9","0","1",,"2","283","-","Y",,0,0,,,0,,,,"N",2,"A","-",22106,,"N","A","H","-","A","D","0","Y","D","22",0,0,1,0,0,0,0,0,0,"-","-","UNINCORPORATED","PLACER","CA",0,0
"90264091",0,0,2016,"3100","1","1","1","08",1,0,"A",,,,"Y",,1200,8,"E","I","A","INTERSTATE 80 E/B","SR-174 O/C",8184,"E","N","2016-09-08",9221,"2016-08-08",1138,"014821",,"1","9","0","1",,"2","384","-","Y",,0,0,,,0,,,,"Y",1,"A","-",22107,,"N","A","H","-","A","D","0","Y","G","25",0,0,0,0,0,0,0,0,0,"-","-","UNINCORPORATED","PLACER","CA",-120.94233,39.1177
"90263972",-121.0844872,38.9276045,2016,"3100","4","5","4","08",0,1,"A",,,,,,1200,8,"E","I","A","LUTHER RD.","CANAL ST.",50,"W","N","2016-09-08",9220,"2016-08-26",942,"013856",,"1","9","0","2",,"2","054","-","N",,0,0,,,0,,,,"Y",1,"A","-",22107,,"N","A","H","-","A","D","0","Y","A","01",0,0,1,0,0,0,0,0,0,"-","-","UNINCORPORATED","PLACER","CA",0,0
"90263949",0,0,2016,"3100","1","5","3","00",0,5,"A",,,,,,2400,8,"D","C","A","I-80 E/B","DOUGLAS BOULEVARD O/C",2000,"W","N","2016-11-22",9220,"2016-08-26",2240,"013676",,"3","9","0","1",,"2","281","-","Y",,0,0,,,0,,,,"Y",6,"D","-",0,,"N","A","H","-","D","D","0","Y","-","-",0,2,3,0,0,0,0,0,0,"-","-","UNINCORPORATED","PLACER","CA",0,0
"90263681",0,0,2016,"3105","1","4","3","03",0,1,"A",,,"Y",,,1800,8,"C","C","A","I-80 W/B","TAYLOR RD",300,"E","N","2016-09-08",9220,"2016-08-25",1730,"013257",,"2","5","0","1",,"2","281","-","Y",,0,0,,,0,,,,"Y",2,"A","-",22350,,"N","A","H","-","A","D","0","Y","C","02",0,1,0,0,0,0,0,0,1,"-","-","ROSEVILLE","PLACER","CA",0,0
"90262588",0,0,2016,"3100","3","1","3","03",0,1,"A",,,,,,2100,9,"E","I","A","SR-174 W/B","WHITE OAK DR",1584,"W","N","2016-09-07",9221,"2016-09-05",2035,"016862",,"2","9","0","1",,"1","374","-","Y",,0,0,,,0,,,,"Y",1,"A","-",22350,,"N","A","H","-","D","D","0","Y","A","01",0,1,0,0,0,0,0,0,0,"-","-","UNINCORPORATED","PLACER","CA",-120.9585,39.1267
"90262298",0,0,2016,"3100","1","4","1","08",1,1,"A",,,,"Y",,1200,7,"E","I","A","I-80 E/B","HAMPSHIRE ROCKS RD",5808,"W","N","2016-09-06",9221,"2016-07-07",912,"013442",,"1","9","0","1",,"2","388","-","Y",,0,0,,,0,,,,"Y",1,"A","-",22107,,"N","A","H","-","A","D","0","Y","G","25",1,0,0,0,0,0,0,0,0,"-","-","UNINCORPORATED","PLACER","CA",-120.52278,39.30529
"90262259",0,0,2016,"3105","3","3","4","03",0,1,"A",,,,,,1800,8,"C","C","A","SR-65 N/B","STANFORD RANCH RD",1056,"N","N","2016-09-06",9220,"2016-08-24",1645,"15060",,"2","5","0","1",,"1","265","-","Y",,0,0,,,0,,,,"Y",2,"A","-",22350,,"N","A","H","-","A","D","0","Y","A","01",0,0,1,0,0,0,0,0,0,"-","-","ROSEVILLE","PLACER","CA",-121.26885,38.77907
"90262204",0,0,2016,"3100","3","3","4","03",0,2,"A",,,,,,900,8,"C","C","A","SR-65 N/B","NELSON LN",91,"S","N","2016-09-06",9220,"2016-08-24",630,"016668",,"1","9","0","1",,"1","267","-","Y",,0,0,,,0,,,,"Y",2,"A","-",22350,,"N","A","H","-","A","D","0","Y","A","01",0,0,2,0,0,0,0,0,0,"-","-","UNINCORPORATED","PLACER","CA",0,0
"90261556",0,0,2016,"3100","3","7","4","03",0,1,"A",,,,,,1500,8,"C","C","A","SR-49 S/B","DRY CREEK RD",500,"N","N","2016-09-06",9220,"2016-08-21",1345,"016654",,"1","9","0","1",,"1","249","-","Y",,0,0,,,0,,,,"N",2,"A","-",22350,,"N","A","H","-","A","D","0","Y","A","01",0,0,1,0,0,0,0,0,0,"-","-","UNINCORPORATED","PLACER","CA",-121.10262,38.95909
"90260204",0,0,2016,"3105","3","5","4","03",0,1,"A",,,,,,1800,8,"C","C","A","SR-65 N/B","STANFORD RANCH RD",2640,"S","N","2016-09-02",9220,"2016-08-19",1620,"013257",,"2","5","0","1",,"1","265","-","Y",,0,0,,,0,,,,"Y",2,"A","-",22350,,"N","A","H","-","A","D","0","Y","A","01",0,0,1,0,0,0,0,0,0,"-","-","ROSEVILLE","PLACER","CA",0,0
"90260168",0,0,2016,"3100","4","6","3","01",0,1,"A",,,,,"Y",1800,8,"E","I","A","AUBURN FOLSOM RD","MINERS CROSSING RD.",500,"S","N","2016-09-02",9220,"2016-08-20",1540,"15060",,"2","9","0","2",,"2","027","-","N",,0,0,,,0,,,,"Y",1,"A","-",23152,"A","N","A","H","-","A","D","0","Y","A","01",0,1,0,0,0,0,0,0,0,"-","-","UNINCORPORATED","PLACER","CA",-121.12887,38.80846