"CASEID","POINT_X","POINT_Y","YEAR_","LOCATION","CHPTYPE","DAYWEEK","CRASHSEV","VIOLCAT","KILLED","INJURED","WEATHER1","PEDCOL","BICCOL","MCCOL","TRUCKCOL","ETOH","TIMECAT","MONTH_","CRASHTYP","INVOLVE","PED","PRIMARYRD","SECONDRD","DISTANCE","DIRECT","INTERSECT_","PROCDATE","JURIS","DATE_","TIME_","BADGE","JURIDIST","SHIFT","POP","SPECIAL","BEATTYPE","LAPDDIV","BEATCLAS","BEATNUMB","WEATHER2","STATEHW","CALTRANC","CALTRAND","STROUTE","ROUTESUF","POSTPRE","POSTMILE","LOCATYPE","RAMP","SIDEHW","TOWAWAY","PARTIES","PCF","VIOLCODE","VIOL","VIOLSUB","HITRUN","ROADSURF","RDCOND1","RDCOND2","LIGHTING","RIGHTWAY","CHPRDTYP","NOTPRIV","STFAULT","CHPFAULT","SEVINJ","OTHERINJ","COP","PEDKILL","PEDINJ","BICKILL","BICINJ","MCKILL","MCINJURE","RAMP1","RAMP2","CITY","COUNTY","STATE","X_CHP","Y_CHP"
"90241038",-121.1706031,38.7408084,2016,"3100","4","5","3","03",0,1,"A",,,,,,2100,7,"D","C","A","AUBURN FOLSOM RD.","PARK PL",176,"N","N","2016-08-09",9220,"2016-07-22",1830,"15060",,"2","9","0","2",,"2","027","-","N",,0,0,,,0,,,,"Y",2,"A","-",22350,,"N","A","H","-","A","D","0","Y","A","07",0,1,0,0,0,0,0,0,0,"-","-","UNINCORPORATED","PLACER","CA",-121.17064,38.74092
"90240668",0,0,2016,"3104","1","7","3","08",0,2,"A",,,,"Y",,1500,7,"E","I","A","I-80 W/B","SR-65",1926,"E","N","2016-08-09",9220,"2016-07-24",1255,"016668",,"1","4","0","1",,"2","281","-","Y",,0,0,,,0,,,,"Y",2,"A","-",22107,,"N","A","H","-","A","D","0","Y","A","01",0,2,0,0,0,0,0,0,0,"-","-","ROCKLIN","PLACER","CA",0,0
"90240576",0,0,2016,"3100","1","1","4","03",0,1,"A",,,,,,1500,7,"C","C","A","I-80 E/B","GILARDI RD",179,"W","N","2016-08-09",9220,"2016-07-18",1330,"016668",,"1","9","0","1",,"2","282","-","Y",,0,0,,,0,,,,"Y",2,"A","-",22350,,"N","A","H","-","A","D","0","Y","A","01",0,0,1,0,0,0,0,0,0,"-","-","UNINCORPORATED","PLACER","CA",0,0
"90240550",-121.3925265,38.7332249,2016,"3100","5","2","4","01",0,1,"A",,,,,,2400,7,"E","I","A","WATT AVE. ","PFE RD. ",1584,"N","N","2016-08-09",9220,"2016-07-26",2245,"017040",,"3","9","0","3",,"2","010","-","N",,0,0,,,0,,,,"Y",1,"A","-",23152,"E","N","A","H","-","D","D","0","Y","A","01",0,0,1,0,0,0,0,0,0,"-","-","UNINCORPORATED","PLACER","CA",-121.39248,38.73351
"90240218",-121.3069518,38.8398589,2016,"3100","4","4","2","08",0,1,"A",,,,"Y",,1200,6,"D","C","A","INDUSTRIAL AVE","ATHENS AVE",300,"N","N","2016-08-08",9220,"2016-06-30",1050,"013294",,"1","9","0","2",,"2","015","-","N",,0,0,,,0,,,,"Y",2,"A","-",22107,,"N","A","H","-","A","D","0","Y","F","25",1,0,0,0,0,0,0,0,0,"-","-","UNINCORPORATED","PLACER","CA",0,0
"90239927",0,0,2016,"3105","1","5","4","08",0,1,"A",,,,"Y",,1500,7,"C","C","A","I-80 E/B","LEAD HILL BL.",75,"E","N","2016-08-08",9220,"2016-07-22",1335,"013466",,"1","5","0","1",,"2","281","-","Y",,0,0,,,0,,,,"N",2,"A","-",22107,,"N","A","H","-","A","A","0","Y","A","07",0,0,1,0,0,0,0,0,0,"-","-","ROSEVILLE","PLACER","CA",0,0
"90239725",0,0,2016,"3105","1","5","3","07",0,2,"A",,,,,,900,7,"C","C","A","I-80 E/B","CIRBY WY.",360,"W","N","2016-08-08",9220,"2016-07-22",747,"013466",,"1","5","0","1",,"2","281","-","Y",,0,0,,,0,,,,"Y",2,"A","-",21658,"A","N","A","H","-","A","A","0","Y","A","01",0,1,1,0,0,0,0,0,0,"-","-","ROSEVILLE","PLACER","CA",0,0
"90239621",0,0,2016,"3100","3","5","4","00",0,1,"A",,,,,,1500,7,"B","C","A","SR-65 N/B","SUNSET BLVD",1584,"S","N","2016-08-08",9220,"2016-07-22",1400,"013465",,"2","9","0","1",,"1","265","-","Y",,0,0,,,0,,,,"N",2,"D","-",0,,"N","A","H","-","A","D","0","Y","-","-",0,0,1,0,0,0,0,0,0,"-","-","UNINCORPORATED","PLACER","CA",-121.176,38.48459
"90239459",0,0,2016,"3103","3","4","4","01",0,1,"A",,,,,,1800,7,"E","I","A","SR-65 S/B ","FERRARI RANCH RD",1848,"N","N","2016-08-08",9220,"2016-07-14",1630,"013465",,"2","2","0","1",,"1","265","-","Y",,0,0,,,0,,,,"Y",1,"A","-",23152,"E","N","A","H","-","A","D","0","Y","A","01",0,0,1,0,0,0,0,0,0,"-","-","LINCOLN","PLACER","CA",-121.18432,38.52265
"90239436",-121.0813095,38.9187246,2016,"3100","3","4","4","03",0,2,"A",,,,,,1500,6,"C","C","A","SR-49","MARGUERITE MINE RD",24,"N","N","2016-08-08",9220,"2016-06-09",1315,"013060",,"1","9","0","1",,"1","249","-","Y",,0,0,,,0,,,,"N",2,"A","-",22350,,"N","A","H","-","A","D","0","Y","D","22",0,0,2,0,0,0,0,0,0,"-","-","UNINCORPORATED","PLACER","CA",0,0
"90239407",0,0,2016,"3100","1","5","4","07",0,1,"A",,,,,,1500,7,"B","C","A","I-80 E/B","CAPE HORN RD",25,"W","N","2016-08-08",9221,"2016-07-29",1415,"013036",,"2","9","0","1",,"2","384","-","Y",,0,0,,,0,,,,"N",2,"A","-",21658,"A","N","A","H","-","A","D","0","Y","A","01",0,0,1,0,0,0,0,0,0,"-","-","UNINCORPORATED","PLACER","CA",-120.92049,39.13858
"90238365",-121.1679064,38.7536315,2016,"3100","4","4","4","08",0,1,"A","Y",,,,"Y",1800,7,"G","B","E","AUBURN FOLSOM RD","MORNINGSIDE DR",276,"S","N","2016-08-05",9220,"2016-07-07",1747,"016682",,"2","9","0","2",,"2","027","-","N",,0,0,,,0,,,,"N",2,"A","-",22107,,"F","A","H","-","A","D","0","Y","D","22",0,0,1,0,1,0,0,0,0,"-","-","UNINCORPORATED","PLACER","CA",-121.16763,38.75402
"90238288",0,0,2016,"3104","1","3","4","03",0,2,"A",,,,,,1200,7,"C","C","A","I-80 W/B","SR-65",2112,"E","N","2016-08-05",9220,"2016-07-13",1050,"013466",,"1","4","0","1",,"2","281","-","Y",,0,0,,,0,,,,"Y",2,"A","-",22350,,"N","A","H","-","A","A","0","Y","A","08",0,0,2,0,0,0,0,0,0,"-","-","ROCKLIN","PLACER","CA",0,0
"90237393",-121.0824157,38.9208202,2016,"3100","S","3","2","00",0,1,"A","Y",,,,,600,7,"G","B","E","SR-49","EDGEWOOD RD. ",174,"N","N","2016-08-04",9220,"2016-07-20",400,"017040",,"3","9","0","1",,"2","059","-","Y",,0,0,,,0,,,,"N",2,"D","-",0,,"N","A","H","-","D","D","0","Y","-","-",1,0,0,0,1,0,0,0,0,"-","-","UNINCORPORATED","PLACER","CA",-121.08268,38.92039
"90237355",-121.2265901,38.750354,2016,"3100","4","3","4","03",0,2,"A",,,,,,2100,7,"C","C","A","SIERRA COLLEGE BLVD.","OLYMPUS DR",15,"S","N","2016-08-04",9220,"2016-07-20",2020,"15060",,"2","9","0","2",,"2","021","-","N",,0,0,,,0,,,,"Y",2,"A","-",22350,,"N","A","D","-","B","A","0","Y","D","22",0,0,2,0,0,0,0,0,0,"-","-","UNINCORPORATED","PLACER","CA",-121.22637,38.75057
"90237238",0,0,2016,"3100","3","2","4","03",0,1,"A",,,,,,1200,7,"C","C","A","SR-65 S/B","BLUE OAKS BL.",1584,"S","N","2016-08-04",9220,"2016-07-19",1145,"013856",,"1","9","0","1",,"1","265","-","Y",,0,0,,,0,,,,"Y",4,"A","-",22350,,"N","A","D","-","A","D","0","Y","A","01",0,0,1,0,0,0,0,0,0,"-","-","UNINCORPORATED","PLACER","CA",0,0
"90237229",0,0,2016,"3105","3","5","4","03",0,1,"A",,,,,,1500,7,"E","I","A","SR-65 N/B TO GALLERIA BL. ","GALLERIA BL.",300,"N","N","2016-08-04",9220,"2016-07-08",1335,"013466",,"1","5","0","1",,"1","265","-","Y",,0,0,,,0,,,,"Y",1,"A","-",22350,,"N","A","H","-","A","A","0","Y","A","01",0,0,1,0,0,0,0,0,0,"-","-","ROSEVILLE","PLACER","CA",0,0
"90237003",-121.0937078,38.942496,2016,"3100","4","6","4","08",0,1,"A",,,,,,1500,7,"F","I","A","BELL RD","QUARTZ RD.",158,"E","N","2016-08-03",9220,"2016-07-02",1450,"016682",,"2","9","0","2",,"2","056","-","N",,0,0,,,0,,,,"Y",1,"A","-",22107,,"N","A","H","-","A","D","0","Y","A","01",0,0,1,0,0,0,0,0,0,"-","-","UNINCORPORATED","PLACER","CA",-121.08679,38.94238
"90236856",-121.1510431,38.854395,2016,"3100","5","5","4","09",0,1,"A",,,,,,1800,7,"D","C","A","GILARDI ROAD","NAVAS LANE",0,,"Y","2016-08-03",9220,"2016-07-15",1735,"016685",,"2","9","0","3",,"2","070","-","N",,0,0,,,0,,,,"Y",2,"A","-",21800,"A","N","A","H","-","A","D","0","Y","A","01",0,0,1,0,0,0,0,0,0,"-","-","UNINCORPORATED","PLACER","CA",-121.15117,38.85432
"90236817",-121.0782017,38.9275484,2016,"3100","4","7","3","01",0,1,"A",,,,,"Y",1500,7,"C","C","A","LUTHER ROAD","WESLEY LN",100,"E","N","2016-08-03",9220,"2016-07-17",1450,"015239",,"2","9","0","2",,"2","054","-","N",,0,0,,,0,,,,"Y",2,"A","-",23152,"F","N","A","H","-","A","D","0","Y","A","07",0,1,0,0,0,0,0,0,0,"-","-","UNINCORPORATED","PLACER","CA",-121.0777,39.92754
"90236805",-121.2027247,38.8896028,2016,"3100","3","7","3","08",0,2,"A",,,,,,1800,7,"A","C","A","SR-193","OAK VIEW RD",792,"W","N","2016-08-03",9220,"2016-07-17",1545,"016031",,"2","9","0","1",,"2","293","-","Y",,0,0,,,0,,,,"Y",2,"A","-",22107,,"N","A","H","-","A","D","0","Y","A","07",0,1,1,0,0,0,0,0,0,"-","-","UNINCORPORATED","PLACER","CA",0,0
"90236762",0,0,2016,"3103","3","4","3","03",0,3,"A",,,,,,1800,7,"C","C","A","SR-65 N/B","FERRARI RANCH RD",1584,"N","N","2016-08-03",9220,"2016-07-14",1654,"013465",,"2","2","0","1",,"1","265","-","Y",,0,0,,,0,,,,"Y",2,"A","-",22350,,"N","A","H","-","A","D","0","Y","A","07",0,2,1,0,0,0,0,0,0,"-","-","LINCOLN","PLACER","CA",-121.18415,38.52263
"90236698",-121.2383984,38.9266249,2016,"3100","4","3","3","08",0,1,"A",,,,,,900,7,"E","I","A","WISE ROAD","BARRETT PARK LANE",650,"E","N","2016-08-03",9220,"2016-07-20",750,"013676",,"1","9","0","2",,"2","032","-","N",,0,0,,,0,,,,"Y",1,"A","-",22107,,"N","A","H","-","A","D","0","Y","A","01",0,1,0,0,0,0,0,0,0,"-","-","UNINCORPORATED","PLACER","CA",-121.23777,38.92663
"90236525",-120.20097,39.2019679,2016,"3100","3","5","4","03",0,2,"A",,,,,,1800,7,"C","C","A","STATE ROUTE 89 SOUTH","SQUAW VALLEY ROAD",1102,"S","N","2016-08-03",9222,"2016-07-29",1625,"017515",,"2","9","0","1",,"2","012","-","Y",,0,0,,,0,,,,"Y",2,"A","-",22350,,"N","A","H","-","A","D","0","Y","D","22",0,0,2,0,0,0,0,0,0,"-","-","UNINCORPORATED","PLACER","CA",-120.20081,39.20207
"90236318",0,0,2016,"3105","1","4","4","08",0,1,"A",,,,,,2100,7,"E","I","A","I-80 E/B","AUBURN BLVD",533,"W","N","2016-08-03",9220,"2016-07-28",1825,"013465",,"2","5","0","1",,"2","281","-","Y",,0,0,,,0,,,,"Y",1,"A","-",22107,,"N","A","H","-","A","D","0","Y","A","01",0,0,1,0,0,0,0,0,0,"-","-","ROSEVILLE","PLACER","CA",-121.17333,38.43199
"90236072",0,0,2016,"3105","3","5","4","03",0,1,"B",,,,,,1800,7,"C","C","A","SR-65 S/B FROM PLEASANT GROVE BLVD W/B","PLEASANT GROVE BLVD",190,"N","N","2016-08-02",9220,"2016-07-15",1630,"014282",,"2","5","0","1",,"1","265","-","Y",,0,0,,,0,,,,"Y",2,"A","-",22350,,"N","A","H","-","A","A","0","Y","A","07",0,0,1,0,0,0,0,0,0,"-","-","ROSEVILLE","PLACER","CA",-121.28479,38.7865
"90236063",0,0,2016,"3100","3","3","3","03",0,1,"A",,,,,,2400,7,"F","I","A","SR-65 N/B TO BLUE OAKS BLVD W/B","BLUE OAKS BLVD",208,"N","N","2016-08-02",9220,"2016-07-06",2115,"013465",,"2","9","0","1",,"1","265","-","Y",,0,0,,,0,,,,"Y",1,"A","-",22350,,"N","A","H","-","D","D","0","Y","A","01",0,1,0,0,0,0,0,0,0,"-","-","UNINCORPORATED","PLACER","CA",-121.17467,38.47475
"90235567",-120.0334765,39.2381987,2016,"3100","3","5","4","04",0,2,"A",,,,,,1200,7,"C","C","A","STATE ROUTE 28","BRASSIE AVENUE",345,"W","N","2016-08-02",9222,"2016-07-29",1150,"017091",,"1","9","0","1",,"1","015","-","Y",,0,0,,,0,,,,"Y",2,"A","-",21703,,"N","A","H","-","A","A","0","Y","A","07",0,0,2,0,0,0,0,0,0,"-","-","UNINCORPORATED","PLACER","CA",0,0
"90235300",0,0,2016,"3104","1","5","2","03",0,2,"A",,,,,,1200,7,"C","C","A","I-80 W/B","SR-65",2640,"E","N","2016-08-02",9220,"2016-07-01",1138,"013466",,"1","4","0","1",,"2","281","-","Y",,0,0,,,0,,,,"Y",4,"A","-",22350,,"N","A","H","-","A","A","0","Y","A","01",1,1,0,0,0,0,0,0,0,"-","-","ROCKLIN","PLACER","CA",0,0
"6181915",-121.35709244,38.7789243403,2012,"3105","0","3","4","08",0,1,"C",,,,,,1500,4,"A","I","A","TIMBERROSE WY","COLD STREAM",37,"W","N","2013-08-30",3105,"2012-04-25",1436,"159",,"5","5","0","0",,"0","006","-","N",,0,0,,,0,,,,"Y",1,"A","-",22107,,"N","B","H","-","A","D","0","Y","-","-",0,0,1,0,0,0,0,0,0,"-","-","ROSEVILLE","PLACER","CA",0,0
"6181911",-121.273395124,38.7460788713,2012,"3105","0","4","3","03",0,1,"C","Y",,,,,2100,4,"B","B","E","HARDING BL","ESTATES DR",528,"S","N","2013-08-30",3105,"2012-04-12",1840,"417",,"5","5","0","0",,"0",,"-","N",,0,0,,,0,,,,"N",2,"A","-",22350,,"N","B","E","-","A","A","0","Y","-","-",0,1,0,0,1,0,0,0,0,"-","-","ROSEVILLE","PLACER","CA",0,0
"6181856",-121.251513133,38.7620150389,2012,"3105","0","4","4","09",0,1,"A",,,,,,2400,4,"D","C","A","EAST ROSEVILLE PKWY","SUNRISE BL",0,,"Y","2013-08-30",3105,"2012-04-19",2151,"1033",,"5","5","0","0",,"0","R01","-","N",,0,0,,,0,,,,"Y",2,"A","-",21453,"C","N","A","H","-","C","A","0","Y","-","-",0,0,1,0,0,0,0,0,0,"-","-","ROSEVILLE","PLACER","CA",0,0
"6153476",-121.333371472,38.7952262266,2012,"3105","0","1","4","03",0,1,"B",,,,,,1800,3,"B","E","A","BLUE OAKS BL","DIAMOND CREEK BL",192,"E","N","2013-08-06",3105,"2012-03-12",1512,"336",,"5","5","0","0",,"0",,"C","N",,0,0,,,0,,,,"Y",2,"A","-",22350,,"N","B","H","-","A","A","0","Y","A","01",0,0,1,0,0,0,0,0,0,"-","-","ROSEVILLE","PLACER","CA",0,0
"6137202",0,0,2012,"3106","0","7","4","01",0,1,"C",,,,"Y","Y",300,12,"A","E","A","BRACE RD","SIERRA COLLEGE BL",100,,"N","2014-01-29",3100,"2012-12-23",208,"135",,"5","2","0","0",,"0",,"-","Y",,0,0,,,0,,,,"Y",2,"A","-",23152,"A","M","B","H","-","C","D","0","Y","A",,0,0,1,0,0,0,0,0,0,"-","-","LOOMIS","PLACER","CA",0,0
"6014015",0,0,2012,"3100","4","1","2","08",0,1,"A",,,"Y",,,900,9,"E","I","A","WALERGA RD","WATERSTONE DR",1584,"N","N","2013-12-17",9220,"2012-09-24",600,"13294",,"1","9","0","2",,"1","013","-","N",,0,0,,,0,,,,"N",1,"A","-",22107,,"N","A","H","-","D","D","0","Y","C","02",1,0,0,0,0,0,0,0,1,"-","-","UNINCORPORATED","PLACER","CA",0,0
"5971263",-121.21781549,38.7438348595,2012,"3100","4","6","4","21",0,1,"A",,,,,,1800,10,"C","C","A","DOUGLAS BL","QUAIL OAKS DR",25,"E","N","2013-12-14",9220,"2012-10-20",1625,"015197",,"2","9","0","2",,"2","022","-","N",,0,0,,,0,,,,"Y",2,"A","-",22106,,"N","A","H","-","A","D","0","Y","A","07",0,0,1,0,0,0,0,0,0,"-","-","UNINCORPORATED","PLACER","CA",-121.21741,38.74365
"5971259",-121.103524746,38.962532005,2012,"3100","3","1","4","03",0,3,"A",,,,,,1800,10,"C","C","A","RT 49","JOEGER RD",528,"S","N","2013-12-14",9220,"2012-10-15",1710,"013856",,"2","9","0","1",,"1","249","-","Y","PLA",3,49,"-","R",7.86,"H","-","N","Y",2,"A","-",22350,,"N","A","H","-","A","D","0","Y","A","01",0,0,3,0,0,0,0,0,0,"-","-","UNINCORPORATED","PLACER","CA",0,0
"5971255",-121.093550011,38.935257348,2012,"3100","5","3","4","07",0,1,"A",,,,,,1200,10,"B","C","A","ATWOOD RD","RT 49",25,"W","N","2013-12-14",9220,"2012-10-17",935,"014466",,"1","9","0","3",,"2","040","-","Y","PLA",3,49,"-","-",5.86,"I","6","S","N",2,"A","-",21658,"A","N","A","H","-","A","A","0","Y","A","01",0,0,1,0,0,0,0,0,0,"-","-","UNINCORPORATED","PLACER","CA",0,0
"5971252",-121.276480624,38.737599302,2012,"3105","1","5","4","03",0,1,"A",,,,,,1800,10,"C","C","A","RT 80","DOUGLAS BL",2640,"W","N","2013-12-16",9220,"2012-10-19",1610,"15060",,"2","5","0","1",,"2","281","-","Y","PLA",3,80,"-","-",1.48,"H","-","W","Y",4,"A","-",22350,,"N","A","H","-","A","D","1","Y","A","01",0,0,1,0,0,0,0,0,0,"-","-","ROSEVILLE","PLACER","CA",-121.27799,38.73635
"5971248",-121.285235926,38.786991538,2012,"3105","3","5","4","03",0,1,"A",,,,,,1800,10,"C","C","A","RT 65","PLEASANT GROVE BL",75,"N","N","2013-12-16",9220,"2012-10-19",1730,"015197",,"2","5","0","1",,"1","265","-","Y","PLA",3,65,"-","R",7.141,"R","1","S","Y",2,"A","-",22350,,"N","A","H","-","A","A","1","Y","A","01",0,0,1,0,0,0,0,0,0,"FR","-","ROSEVILLE","PLACER","CA",-121.28497,38.78659
"5971244",-121.191116732,38.8378237739,2012,"3100","5","6","3","09",0,1,"A",,,"Y",,,1200,10,"D","C","A","SWETZER RD","ARABIAN LN",150,"N","N","2013-12-16",9220,"2012-10-13",950,"014466",,"1","9","0","3",,"2","070","-","N",,0,0,,,0,,,,"N",2,"A","-",21804,"A","N","A","H","-","A","D","0","Y","A","01",0,1,0,0,0,0,0,0,1,"-","-","UNINCORPORATED","PLACER","CA",0,0
"5966944",-121.266194567,38.751257879,2012,"3105","1","2","4","03",0,1,"A",,,,,,1800,10,"C","C","A","RT 80","LEAD HILL BL",145,"W","N","2013-12-18",9220,"2012-10-30",1710,"014343",,"2","5","0","1",,"2","281","-","Y","PLA",3,80,"-","-",2.54,"H","-","W","Y",2,"A","-",22350,,"N","A","H","-","A","D","1","Y","A","01",0,0,1,0,0,0,0,0,0,"-","-","ROSEVILLE","PLACER","CA",-121.27395,38.3448
"5965563",-121.244087521,38.772899125,2012,"3104","1","3","4","03",0,1,"A",,,,,,1800,10,"C","C","A","RT 80","RT 65",2112,"E","N","2013-12-13",9220,"2012-10-17",1730,"15060",,"2","4","0","1",,"2","281","-","Y","PLA",3,80,"-","-",4.56,"H","-","W","N",2,"A","-",22350,,"N","A","H","-","A","D","1","Y","A","01",0,0,1,0,0,0,0,0,0,"-","-","ROCKLIN","PLACER","CA",0,0
"5963174",-121.089557502,38.9330722406,2012,"3100","5","6","4","08",0,1,"A",,,,,,1800,9,"E","I","A","NEW AIRPORT RD","RT 49",450,"E","N","2013-11-30",9220,"2012-09-29",1500,"13605",,"2","9","0","3",,"2","050","-","N",,0,0,,,0,,,,"Y",2,"A","-",22107,,"N","A","H","-","A","D","0","Y","A","01",0,0,1,0,0,0,0,0,0,"-","-","UNINCORPORATED","PLACER","CA",-121.5824,38.3976
"5954968",-121.2851525,38.8159768794,2012,"3104","0","7","3","11",0,1,"A","Y",,,,,1800,12,"G","B","D","STANFORD RANCH RD","SUNSET BL",566,"N","N","2014-01-14",3104,"2012-12-02",1700,"267","10B","5","4","0","0",,"0","003","-","N",,0,0,,,0,,,,"N",2,"A","-",21954,"A","N","B","H","-","C","D","0","Y","N","60",0,1,0,0,1,0,0,0,0,"-","-","ROCKLIN","PLACER","CA",0,0
"5954957",-121.293575085,38.8006605591,2012,"3104","0","5","4","03",0,1,"A",,,,,,1500,12,"C","C","A","LONE TREE BL","REDWOOD BL",20,"E","N","2014-01-14",3104,"2012-12-07",1304,"241","11","5","4","0","0",,"0","003","-","N",,0,0,,,0,,,,"Y",3,"A","-",22350,,"N","A","H","-","A","A","0","Y","A","01",0,0,1,0,0,0,0,0,0,"-","-","ROCKLIN","PLACER","CA",-121.30768,38.79877
"5954609",-121.052084073,38.938447911,2012,"3100","1","5","4","08",0,1,"F",,,,,,1200,11,"D","C","A","RT 80","BOWMAN RD",2112,"E","N","2013-12-27",9220,"2012-11-09",1155,"013856",,"1","9","0","1",,"2","283","-","Y","PLA",3,80,"-","R",20.55,"H","-","E","Y",2,"A","-",22107,,"N","C","A","-","A","D","1","Y","A","07",0,0,1,0,0,0,0,0,0,"-","-","UNINCORPORATED","PLACER","CA",0,0
"5954605",-121.244087521,38.772899125,2012,"3104","1","5","4","03",0,1,"B",,,,,,1800,11,"C","C","A","RT 80","RT 65",2112,"E","N","2013-12-27",9220,"2012-11-09",1740,"15060",,"2","4","0","1",,"2","281","-","Y","PLA",3,80,"-","-",4.56,"H","-","W","Y",5,"A","-",22350,,"N","A","H","-","D","D","1","Y","A","07",0,0,1,0,0,0,0,0,0,"-","-","ROCKLIN","PLACER","CA",-121.24377,38.77325
"5954468",-120.822046565,39.0193463582,2012,"3100","4","7","3","01",0,1,"B",,,,,"Y",600,10,"E","I","A","FORESTHILL RD","MAIN ST",80,"E","N","2013-12-14",9220,"2012-10-21",358,"12612",,"3","9","0","2",,"2","064","C","N",,0,0,,,0,,,,"Y",1,"A","-",23152,"A","M","B","H","-","D","D","0","Y","A","07",0,1,0,0,0,0,0,0,0,"-","-","UNINCORPORATED","PLACER","CA",-120.82347,39.01915
"5952684",-121.34017063,38.990634343,2012,"3100","5","6","3","05",0,2,"B",,,,,,1800,12,"C","C","A","KARCHNER RD","RIOSA RD",2112,"N","N","2014-01-15",9220,"2012-12-29",1720,"13257",,"2","9","0","3",,"2","030","-","N",,0,0,,,0,,,,"Y",2,"A","-",21460,"B","N","A","H","-","D","D","0","Y","B","07",0,1,1,0,0,0,0,0,0,"-","-","UNINCORPORATED","PLACER","CA",-121.3403,38.99029
"5939181",-120.077829549,39.226877079,2012,"3100","3","4","4","09",0,1,"A",,,,,,1200,10,"D","C","A","RT 28","ONYX ST",500,"E","N","2013-12-20",9222,"2012-10-25",1120,"018056",,"1","9","0","1",,"1","015","-","Y","PLA",3,28,"-","-",6.09,"H","-","W","Y",2,"A","-",21801,"A","N","A","H","-","A","D","0","Y","A","01",0,0,1,0,0,0,0,0,0,"-","-","UNINCORPORATED","PLACER","CA",-120.0782,39.22679
"5938954",-121.281763079,38.8062650037,2012,"3104","0","2","4","09",0,1,"A",,,,,,900,11,"D","C","A","BLUE OAKS BL","HANNAH WY",0,,"Y","2014-01-03",3104,"2012-11-27",720,"532","10","5","4","0","0",,"0","003","-","N",,0,0,,,0,,,,"Y",2,"A","-",21801,"A","N","A","H","-","A","D","0","Y","A","01",0,0,1,0,0,0,0,0,0,"-","-","ROCKLIN","PLACER","CA",0,0
"5938953",-121.253566856,38.7870031054,2012,"3104","0","6","4","01",0,1,"A",,,,,"Y",600,11,"E","I","A","SUNSET BL","SOUTH WITNEY",214,"W","N","2014-01-04",3104,"2012-11-17",532,"254","36","5","4","0","0",,"0","002","-","N",,0,0,,,0,,,,"Y",1,"A","-",23152,"A","N","A","H","-","C","D","0","Y","A","01",0,0,1,0,0,0,0,0,0,"-","-","ROCKLIN","PLACER","CA",-121.25325,38.78681
"5936974",-121.061483263,38.9450256448,2012,"3100","4","4","3","08",0,2,"A",,,,,,1800,12,"F","I","A","BELL RD","SKYLINE DR",40,"W","N","2014-01-11",9220,"2012-12-13",1555,"15239",,"2","9","0","2",,"2","056","-","N",,0,0,,,0,,,,"Y",1,"A","-",22107,,"N","A","H","-","A","D","0","Y","A","01",0,1,1,0,0,0,0,0,0,"-","-","UNINCORPORATED","PLACER","CA",-121.06144,38.94481
"5935978",-121.165193096,38.83690517,2012,"3100","1","7","4","01",0,1,"A",,,"Y",,"Y",1800,11,"E","I","A","RT 80","PENRYN RD",335,"E","N","2013-12-27",9220,"2012-11-11",1705,"012743",,"2","9","0","1",,"2","282","-","Y","PLA",3,80,"-","-",10.531,"R","2","W","Y",1,"A","-",23152,"A","N","A","H","-","D","D","1","Y","C","02",0,0,1,0,0,0,0,0,1,"-","-","UNINCORPORATED","PLACER","CA",-121.1675,38.83567
"5935974",-120.999202007,38.9919390358,2012,"3100","5","1","2","01",0,1,"A",,,"Y",,"Y",1500,11,"F","A","A","APPLEGATE RD","GILBERT DR",500,"E","N","2013-12-27",9220,"2012-11-12",1315,"016954",,"1","9","0","3",,"2","050","-","N",,0,0,,,0,,,,"Y",1,"A","-",23152,"A","N","A","D","-","A","D","0","Y","C","02",1,0,0,0,0,0,0,0,1,"-","-","UNINCORPORATED","PLACER","CA",-120.99919,38.99193
"5935970",-121.186265476,38.9210278064,2012,"3100","5","1","3","01",0,1,"B",,,,,"Y",2500,11,"E","I","A","GOLD HILL RD","WISE RD",560,"S","N","2013-12-27",9220,"2012-11-12",2500,"016668",,"4","9","0","3",,"2","070","-","N",,0,0,,,0,,,,"N",1,"A","-",23152,"A","M","A","H","-","D","D","0","Y","A","01",0,1,0,0,0,0,0,0,0,"-","-","UNINCORPORATED","PLACER","CA",-121.11173,38.55254
"5935966",-121.230087942,38.782136156,2012,"3104","1","1","4","07",0,1,"A",,,,,,900,11,"C","C","A","RT 80","ROCKLIN RD",2600,"W","N","2013-12-30",9220,"2012-11-19",750,"014515",,"1","4","0","1",,"2","281","-","Y","PLA",3,80,"-","-",5.57,"H","-","E","Y",3,"A","-",21658,"A","N","A","H","-","A","D","1","Y","A","01",0,0,1,0,0,0,0,0,0,"-","-","ROCKLIN","PLACER","CA",-121.21028,38.80108
"5935962",-121.299576375,38.861053847,2012,"3103","3","5","4","01",0,1,"A",,,,,"Y",2400,11,"C","C","A","RT 65","TWELVE BRIDGES DR",2640,"N","N","2013-12-30",9220,"2012-11-23",2230,"012743",,"3","2","0","1",,"1","265","-","Y","PLA",3,65,"-","R",12.42,"H","-","N","Y",2,"A","-",23152,"A","N","A","H","-","C","D","0","Y","A","01",0,0,1,0,0,0,0,0,0,"-","-","LINCOLN","PLACER","CA",-121.29942,38.85694