"CASEID","POINT_X","POINT_Y","YEAR_","LOCATION","CHPTYPE","DAYWEEK","CRASHSEV","VIOLCAT","KILLED","INJURED","WEATHER1","PEDCOL","BICCOL","MCCOL","TRUCKCOL","ETOH","TIMECAT","MONTH_","CRASHTYP","INVOLVE","PED","PRIMARYRD","SECONDRD","DISTANCE","DIRECT","INTERSECT_","PROCDATE","JURIS","DATE_","TIME_","BADGE","JURIDIST","SHIFT","POP","SPECIAL","BEATTYPE","LAPDDIV","BEATCLAS","BEATNUMB","WEATHER2","STATEHW","CALTRANC","CALTRAND","STROUTE","ROUTESUF","POSTPRE","POSTMILE","LOCATYPE","RAMP","SIDEHW","TOWAWAY","PARTIES","PCF","VIOLCODE","VIOL","VIOLSUB","HITRUN","ROADSURF","RDCOND1","RDCOND2","LIGHTING","RIGHTWAY","CHPRDTYP","NOTPRIV","STFAULT","CHPFAULT","SEVINJ","OTHERINJ","COP","PEDKILL","PEDINJ","BICKILL","BICINJ","MCKILL","MCINJURE","RAMP1","RAMP2","CITY","COUNTY","STATE","X_CHP","Y_CHP"
"5834037",-121.034739216,38.9622505141,2012,"3100","5","6","4","08",0,1,"A",,,,,,1800,10,"E","I","A","CHRISTIAN VALLEY RD","DRY CREEK RD",2112,"N","N","2013-12-16",9220,"2012-10-20",1525,"016668",,"2","9","0","3",,"2","050","-","N",,0,0,,,0,,,,"Y",1,"A","-",22107,,"N","A","H","-","A","D","0","Y","A","01",0,0,1,0,0,0,0,0,0,"-","-","UNINCORPORATED","PLACER","CA",-121.03535,38.96056
"5834033",-121.244286857,38.771910003,2012,"3105","3","3","2","01",0,1,"A",,,,,,2400,10,"E","I","A","RT 65","65PLA R4.90",334,"N","N","2013-12-16",9220,"2012-10-10",2325,"016954",,"3","5","0","1",,"1","265","-","Y","PLA",3,65,"-","R",4.96,"H","-","S","Y",1,"A","-",23152,"A","N","A","H","-","E","D","1","Y","A","01",1,0,0,0,0,0,0,0,0,"-","-","ROSEVILLE","PLACER","CA",-121.2491,38.76988
"5834029",-121.169213097,38.8446750372,2012,"3100","4","1","4","09",0,1,"A",,,,,,900,10,"D","C","A","TAYLOR RD","PENRYN RD",0,,"Y","2013-12-16",9220,"2012-10-29",725,"011851",,"1","9","0","2",,"2","075","-","N",,0,0,,,0,,,,"Y",2,"A","-",21802,"A","N","A","H","-","A","A","0","Y","A","01",0,0,1,0,0,0,0,0,0,"-","-","UNINCORPORATED","PLACER","CA",0,0
"5834025",0,0,2012,"3100","5","1","4","03",0,1,"B",,,,,,2400,10,"E","I","A","FORESTHILL RD","UPPER LAKE CLEMENTINE RD",1056,"W","N","2013-12-16",9220,"2012-10-22",2250,"013233",,"3","9","0","3",,"2","060","C","N",,0,0,,,0,,,,"Y",1,"A","-",22350,,"N","B","H","-","D","D","0","Y","A","01",0,0,1,0,0,0,0,0,0,"-","-","UNINCORPORATED","PLACER","CA",-120.97077,38.95304
"5833940",-121.219285662,38.9033909054,2012,"3100","5","5","3","18",0,2,"A",,,"Y",,,300,10,"E","H","A","FOWLER RD","VIRGINIATOWN RD",2112,"N","N","2013-12-17",9220,"2012-10-19",215,"16954",,"3","9","0","3",,"2","070","-","N",,0,0,,,0,,,,"N",1,"C","-",0,,"N","A","H","-","E","D","0","Y","-","-",0,1,1,0,0,0,0,0,2,"-","-","UNINCORPORATED","PLACER","CA",-121.21933,38.90703
"5833937",-120.96798733,39.0906741196,2012,"3100","5","3","4","21",0,1,"A",,,,,,1500,11,"H","C","A","TOKAYANA WY","QUAIL HAVEN RD",78,"W","N","2014-01-09",9221,"2012-11-07",1425,"17320",,"2","9","0","3",,"2","070","-","N",,0,0,,,0,,,,"Y",2,"A","-",22106,,"N","A","H","-","A","D","0","Y","A","01",0,0,1,0,0,0,0,0,0,"-","-","UNINCORPORATED","PLACER","CA",-120.0586,39.1522
"5833936",0,0,2012,"3100","4","3","4","03",0,1,"B",,,,,,1800,10,"C","C","A","LUTHER RD","BOWMAN RD",235,"E","N","2014-03-14",9220,"2012-10-24",1725,"011483",,"2","9","0","2",,"2","054","-","N",,0,0,,,0,,,,"Y",2,"A","-",22350,,"N","B","H","-","A","D","0","Y","A","01",0,0,1,0,0,0,0,0,0,"-","-","UNINCORPORATED","PLACER","CA",-121.05704,38.92805
"5833932",-121.183687737,38.821153592,2012,"3106","1","5","3","03",0,1,"A",,,,,,1800,10,"C","C","A","RT 80","HORSESHOE BAR RD",2112,"E","N","2013-12-17",9220,"2012-10-26",1605,"011158",,"2","2","0","1",,"2","282","-","Y","PLA",3,80,"-","-",9.12,"H","-","E","Y",2,"A","-",22350,,"N","A","H","-","A","D","1","Y","A","01",0,1,0,0,0,0,0,0,0,"-","-","LOOMIS","PLACER","CA",-121.13133,38.86984
"5833928",-121.255663881,38.765454638,2012,"3105","1","4","4","03",0,1,"A",,,,,,1800,10,"C","C","A","RT 80","RT 65",2112,"W","N","2013-12-17",9220,"2012-10-25",1540,"15060",,"2","5","0","1",,"2","281","-","Y","PLA",3,80,"-","-",3.76,"H","-","E","Y",2,"A","-",22350,,"N","A","H","-","A","D","1","Y","A","07",0,0,1,0,0,0,0,0,0,"-","-","ROSEVILLE","PLACER","CA",-121.25417,38.76625
"5833925",-120.801594856,39.203100605,2012,"3100","1","1","4","03",0,4,"A",,,,"Y",,1200,11,"C","C","A","RT 80","ALTA",3168,"E","N","2014-01-09",9221,"2012-11-12",1035,"012489",,"1","9","0","1",,"2","385","-","Y","PLA",3,80,"-","-",45.37,"H","-","W","Y",2,"A","-",22350,,"N","A","D","-","A","D","1","Y","A","08",0,0,4,0,0,0,0,0,0,"-","-","UNINCORPORATED","PLACER","CA",0,0
"5833921",-120.727249664,39.264245045,2012,"3100","1","5","2","08",0,1,"D",,,,,,1800,11,"E","I","A","RT 80","WHITMORE CALTRANS",3168,"E","N","2014-01-08",9221,"2012-11-09",1600,"13036",,"2","9","0","1",,"2","386","-","Y","PLA",3,80,"-","-",51.34,"H","-","E","Y",1,"A","-",22107,,"N","C","H","-","B","D","1","Y","D","22",1,0,0,0,0,0,0,0,0,"-","-","UNINCORPORATED","PLACER","CA",-120.7276,39.26354
"5833920",-120.719598759,39.270169562,2012,"3100","1","4","4","03",0,1,"D",,,,"Y",,1800,11,"C","C","A","RT 80","WHITMORE CALTRANS",6600,"E","N","2014-01-08",9221,"2012-11-08",1500,"13036",,"2","9","0","1",,"2","386","-","Y","PLA",3,80,"-","-",52.03,"H","-","W","Y",5,"A","-",22350,,"M","C","G","-","A","D","1","Y","G","27",0,0,1,0,0,0,0,0,0,"-","-","UNINCORPORATED","PLACER","CA",-120.71951,39.27031
"5833318",-121.096265733,38.939013093,2012,"3100","3","1","4","09",0,1,"A",,,,,,1800,10,"D","C","A","RT 49","WILLOW CREEK DR",200,"N","N","2013-12-21",9220,"2012-10-29",1600,"16654",,"2","9","0","1",,"1","249","-","Y","PLA",3,49,"-","-",6.16,"H","-","S","Y",2,"A","-",21801,"A","N","A","H","-","A","D","0","Y","D","22",0,0,1,0,0,0,0,0,0,"-","-","UNINCORPORATED","PLACER","CA",-121.09643,38.93971
"5833317",-121.260716276,38.886562839,2012,"3100","3","4","4","03",0,3,"B",,,,,,1800,11,"C","C","A","RT 193","STARDUST LN",4224,"W","N","2014-01-07",9220,"2012-11-08",1729,"012743",,"2","9","0","1",,"2","193","-","Y","PLA",3,193,"-","-",1.8,"H","-","E","Y",2,"A","-",22350,,"N","B","H","-","D","D","0","Y","D","23",0,0,3,0,0,0,0,0,0,"-","-","UNINCORPORATED","PLACER","CA",-121.25936,38.88647
"5833313",-121.07711309,38.897905183,2012,"3101","1","7","2","01",0,1,"A",,,"Y",,"Y",1800,10,"B","C","A","RT 80","RT 49",85,"W","N","2013-12-21",9220,"2012-10-21",1645,"13605",,"2","3","0","1",,"2","282","-","Y","PLA",3,80,"-","-",17.426,"R","1","E","Y",2,"A","-",23152,"A","N","A","H","-","A","A","1","Y","C","02",1,0,0,0,0,0,0,0,1,"TO","-","AUBURN","PLACER","CA",-121.8234,38.3742
"5833309",0,0,2012,"3100","4","2","4","08",0,1,"B",,,,,,900,10,"E","I","A","FORESTHILL RD","UPPER LAKE CLEMENTINE RD",1584,"W","N","2013-12-21",9220,"2012-10-23",657,"13856",,"1","9","0","2",,"2","062","-","N",,0,0,,,0,,,,"Y",1,"A","-",22107,,"N","B","H","-","B","C","0","Y","D","22",0,0,1,0,0,0,0,0,0,"-","-","UNINCORPORATED","PLACER","CA",0,0
"5833302",-121.191933098,38.814455166,2012,"3106","1","5","3","01",0,1,"A",,,,"Y",,300,11,"D","C","A","RT 80","HORSESHOE BAR RD",800,"W","N","2014-01-07",9220,"2012-11-02",5,"015385",,"3","2","0","1",,"2","282","-","Y","PLA",3,80,"-","-",8.57,"H","-","W","Y",2,"A","-",23152,"A","N","A","H","-","D","D","1","Y","A","01",0,1,0,0,0,0,0,0,0,"-","-","LOOMIS","PLACER","CA",-121.12156,38.81493
"5833294",-121.128718101,38.9396892599,2012,"3100","5","4","4","08",0,1,"C",,,,"Y",,1500,11,"E","I","A","JOEGER RD","LARKIN DR",528,"N","N","2014-01-03",9220,"2012-11-08",1345,"13856",,"1","9","0","3",,"2","070","-","Y",,0,0,,,0,,,,"Y",1,"A","-",22107,,"N","B","H","-","A","D","0","Y","F","26",0,0,1,0,0,0,0,0,0,"-","-","UNINCORPORATED","PLACER","CA",0,0
"5831264",-121.27297306,38.8047650798,2012,"3104","0","2","4","08",0,1,"A",,,,,,1500,9,"E","I","A","SUNSET BL","PARK DR",0,,"Y","2013-12-04",3104,"2012-09-11",1324,"226","10B","5","4","0","0",,"0","003","-","N",,0,0,,,0,,,,"Y",1,"A","-",22107,,"N","A","H","-","A","A","0","Y","A","08",0,0,1,0,0,0,0,0,0,"-","-","ROCKLIN","PLACER","CA",0,0
"5830880",0,0,2012,"3104","0","6","4","12",0,1,"A",,,,,,900,11,"D","C","A","AMERICANA DR","PACIFIC ST",0,,"Y","2013-12-31",3104,"2012-11-10",705,"617","43","5","4","0","0",,"0","001","-","N",,0,0,,,0,,,,"Y",2,"A","-",21453,"A","N","A","H","-","A","A","0","Y","A","07",0,0,1,0,0,0,0,0,0,"-","-","ROCKLIN","PLACER","CA",-121.22449,38.80099
"5828650",-121.299763519,38.863234085,2012,"3103","0","5","3","03",0,1,"A",,,"Y",,,1200,9,"H","J","A","RT 65","STERLING PKWY",2640,"S","N","2014-03-27",3103,"2012-09-07",1038,"JMCCA","L8","5","2","0","0",,"0","0L4","-","Y","PLA",3,65,"-","T",12.72,"H","-","N","N",1,"A","-",22350,,"N","A","H","-","A","A","0","Y","C","03",0,1,0,0,0,0,0,0,1,"-","-","LINCOLN","PLACER","CA",0,0
"5828046",-121.292833124,38.8904850677,2012,"3103","0","7","4","01",0,1,"A",,,,,,2500,9,"E","I","A","G ST","MCBEAN PARK DR",0,,"Y","2014-04-01",3103,"2012-09-30",2500,"WCOLL","L5","5","2","0","0",,"0","0L3","-","N",,0,0,,,0,,,,"Y",1,"A","-",23152,"A","N","A","H","-","C","A","0","Y","A","01",0,0,1,0,0,0,0,0,0,"-","-","LINCOLN","PLACER","CA",-121.25402,38.87139
"5827192",-121.15458739,38.876451914,2012,"3100","3","6","4","05",0,1,"A",,,,,,1800,11,"E","I","A","RT 193","193PLA10.50",119,"W","N","2014-01-07",9220,"2012-11-03",1630,"011158",,"2","9","0","1",,"2","293","-","Y","PLA",3,193,"-","-",8.41,"H","-","W","Y",1,"A","-",21650,,"N","A","H","-","A","D","0","Y","D","22",0,0,1,0,0,0,0,0,0,"-","-","UNINCORPORATED","PLACER","CA",-121.132,38.86936
"5826673",-121.132925423,38.865460234,2012,"3100","1","5","4","03",0,1,"A",,,,,,1200,7,"C","C","A","RT 80","GILARDI RD",5280,"E","N","2014-04-25",9220,"2012-07-27",1115,"12612",,"1","9","0","1",,"2","282","-","Y","PLA",3,80,"-","-",13.3,"H","-","W","N",2,"A","-",22350,,"N","A","H","-","A","D","1","Y","A","01",0,0,1,0,0,0,0,0,0,"-","-","UNINCORPORATED","PLACER","CA",-121.13294,38.86516
"5826669",-121.166194972,38.754950231,2012,"3100","4","2","3","09",0,2,"A",,,,,,1500,7,"A","C","A","AUBURN FOLSOM RD","MORNINGSIDE DR",410,"N","N","2013-10-29",9220,"2012-07-10",1342,"14343",,"1","9","0","2",,"2","027","-","N",,0,0,,,0,,,,"N",2,"A","-",21804,"A","N","A","H","-","A","D","0","Y","A","07",0,1,1,0,0,0,0,0,0,"-","-","UNINCORPORATED","PLACER","CA",-121.16614,38.75494
"5824400",-121.023026625,39.0010451275,2012,"3100","5","7","3","03",0,1,"A",,,,,,1200,9,"C","C","A","COMBIE RD","PLACER HILLS RD",400,"W","N","2013-12-07",9220,"2012-09-09",955,"018122",,"1","9","0","3",,"2","050","-","N",,0,0,,,0,,,,"N",2,"A","-",22350,,"N","A","H","-","A","D","0","Y","M","96",0,1,0,0,0,0,0,0,0,"-","-","UNINCORPORATED","PLACER","CA",-121.02331,39.00099
"5824396",-121.000375295,39.0590874043,2012,"3100","5","4","4","05",0,1,"A",,,,,,900,9,"B","C","A","DOG BAR RD","EMERY LN",528,"N","N","2013-12-07",9220,"2012-09-06",805,"013846",,"1","9","0","3",,"2","050","-","N",,0,0,,,0,,,,"N",2,"A","-",21650,,"N","A","H","-","A","D","0","Y","A","01",0,0,1,0,0,0,0,0,0,"-","-","UNINCORPORATED","PLACER","CA",-121.00077,39.0588
"5824353",-121.21373,38.7726910698,2012,"3104","0","2","3","08",0,1,"A",,,,,,1200,9,"E","I","A","SIERRA COLLEGE BL","NIGHTWATCH RD",1056,"S","N","2013-12-02",3104,"2012-09-18",1131,"226","52","5","4","0","0",,"0","001","-","N",,0,0,,,0,,,,"Y",1,"A","-",22107,,"N","A","H","-","A","D","0","Y","A","01",0,1,0,0,0,0,0,0,0,"-","-","ROCKLIN","PLACER","CA",0,0
"5824328",0,0,2012,"3100","3","2","4","03",0,1,"A",,,,,,1800,9,"C","C","A","RT 65","RIOSA RD",500,"N","N","2014-04-26",9220,"2012-09-11",1730,"013257",,"2","9","0","1",,"1","267","-","Y","PLA",3,65,"-","L",23.28,"H","-","S","Y",2,"A","-",22350,,"N","A","H","-","A","D","5","Y","A","07",0,0,1,0,0,0,0,0,0,"-","-","UNINCORPORATED","PLACER","CA",-121.3795,38.98249
"5824312",0,0,2012,"3100","5","7","3","01",0,1,"A",,,,,"Y",2100,9,"E","I","A","ROCK SPRINGS RD","CHOCTAWT TRCE",500,"E","N","2013-12-04",9220,"2012-09-02",1900,"013676",,"2","9","0","3",,"2","070","-","N",,0,0,,,0,,,,"Y",1,"A","-",23152,"A","M","A","H","-","B","D","0","Y","A","01",0,1,0,0,0,0,0,0,0,"-","-","UNINCORPORATED","PLACER","CA",-121.14983,38.83954
"5824248",-121.056702122,38.925925941,2012,"3100","1","1","2","08",0,1,"A",,,"Y",,,1500,9,"E","I","A","RT 80","AUBURN RAVINE",482,"E","N","2014-04-26",9220,"2012-09-03",1300,"016654",,"1","9","0","1",,"2","283","-","Y","PLA",3,80,"-","R",19.56,"H","-","W","Y",1,"A","-",22107,,"N","A","H","-","A","D","1","Y","C","02",1,0,0,0,0,0,0,0,1,"-","-","UNINCORPORATED","PLACER","CA",-121.05743,38.92369
"5823543",-121.27297306,38.8047650798,2012,"3104","0","2","4","03",0,1,"A",,,,,,2100,11,"C","C","A","SUNSET BL","PARK DR",0,,"Y","2014-01-06",3104,"2012-11-06",1911,"218","10","5","4","0","0",,"0","003","-","N",,0,0,,,0,,,,"N",2,"A","-",22350,,"N","A","H","-","C","A","0","Y","D","82",0,0,1,0,0,0,0,0,0,"-","-","ROCKLIN","PLACER","CA",0,0
"5822866",-121.237283056,38.7912950083,2012,"3104","0","5","4","05",0,1,"A",,,,,,900,9,"D","C","A","ROCKLIN RD","RAILROAD AV",0,,"Y","2014-03-25",3104,"2012-09-28",826,"236","3104","5","4","0","0",,"0","001","-","N",,0,0,,,0,,,,"N",2,"A","-",21651,"B","N","A","H","-","A","A","0","Y","M","97",0,0,1,0,0,0,0,0,0,"-","-","ROCKLIN","PLACER","CA",0,0
"5821347",-121.291022059,38.8171113996,2012,"3104","0","6","3","17",0,1,"A","Y",,,,,2400,9,"G","B","E","SUNSET BL","ATHERTON RD",388,"E","N","2013-12-03",3104,"2012-09-08",2143,"413","9","5","4","0","0",,"0","003","-","N",,0,0,,,0,,,,"N",2,"A","-",21209,,"M","A","H","-","C","D","0","Y","-","99",0,1,0,0,1,0,0,0,0,"-","-","ROCKLIN","PLACER","CA",0,0
"5821246",-121.127768923,38.8791996677,2012,"3100","5","5","3","01",0,1,"A",,,"Y",,"Y",2100,9,"E","A","A","OPHIR RD","TAYLOR RD",10,"N","N","2013-12-04",9220,"2012-09-14",1815,"12743",,"2","9","0","3",,"2","070","-","N",,0,0,,,0,,,,"N",1,"A","-",23152,"A","N","A","H","-","A","A","0","Y","C","02",0,1,0,0,0,0,0,0,1,"-","-","UNINCORPORATED","PLACER","CA",0,0
"5821242",-121.235161551,38.778457444,2012,"3100","1","2","4","08",0,1,"A",,,,,,900,9,"E","I","A","RT 80","RT 65",5280,"E","N","2014-04-26",9220,"2012-09-11",810,"10512",,"1","9","0","1",,"2","281","-","Y","PLA",3,80,"-","-",5.16,"H","-","W","Y",1,"A","-",22107,,"N","A","H","-","A","D","1","Y","A","07",0,0,1,0,0,0,0,0,0,"-","-","UNINCORPORATED","PLACER","CA",-121.13548,38.46514
"5821238",-121.310120035,38.8173462127,2012,"3100","5","3","3","03",0,1,"A",,,"Y",,,1500,9,"F","A","A","SUNSET BL","CINCINNATI AV",528,"E","N","2013-12-04",9220,"2012-09-12",1420,"15197",,"2","9","0","3",,"2","010","-","N",,0,0,,,0,,,,"Y",1,"A","-",22350,,"N","A","H","-","A","D","0","Y","C","02",0,1,0,0,0,0,0,0,1,"-","-","UNINCORPORATED","PLACER","CA",-121.30916,38.81737
"5821234",-121.108075119,38.999261695,2012,"3100","3","5","4","03",0,2,"A",,,,,,1200,9,"C","C","A","RT 49","HUMMINGBIRD LN",100,"S","N","2014-05-01",9220,"2012-09-07",920,"15239",,"1","9","0","1",,"1","249","-","Y","PLA",3,49,"-","R",10.48,"H","-","S","Y",3,"A","-",22350,,"N","A","H","-","A","D","0","Y","A","01",0,0,2,0,0,0,0,0,0,"-","-","UNINCORPORATED","PLACER","CA",-121.10649,39.00621
"5821230",-121.285591768,38.729273875,2012,"3100","1","1","4","08",0,1,"A",,,,,,1500,9,"E","I","A","RT 80","RIVERSIDE AV",1584,"E","N","2014-04-26",9220,"2012-09-10",1405,"10512",,"2","9","0","1",,"2","281","-","Y","PLA",3,80,"-","-",0.58,"H","-","W","Y",1,"A","-",22107,,"N","A","H","-","A","D","1","Y","A","01",0,0,1,0,0,0,0,0,0,"-","-","UNINCORPORATED","PLACER","CA",-121.28626,38.72884
"5821226",-121.198653091,38.7442650887,2012,"3100","4","4","4","05",0,1,"A",,"Y",,,,1800,9,"D","G","A","BERG ST","DOUGLAS BL",0,,"Y","2013-12-04",9220,"2012-09-06",1640,"11483",,"2","9","0","2",,"2","022","-","N",,0,0,,,0,,,,"N",2,"A","-",21650,"1","N","A","H","-","A","D","0","Y","L","04",0,0,1,0,0,0,1,0,0,"-","-","UNINCORPORATED","PLACER","CA",-121.985,38.74426
"5818458",-121.116569564,38.8404652682,2012,"3100","4","1","4","09",0,1,"A",,,,,,1200,9,"D","C","A","AUBURN FOLSOM RD","ROCK SPRINGS RD",212,"N","N","2014-03-14",9220,"2012-09-03",1100,"14343",,"1","9","0","2",,"2","077","-","N",,0,0,,,0,,,,"Y",2,"A","-",21804,"A","N","A","H","-","A","D","0","Y","A","01",0,0,1,0,0,0,0,0,0,"-","-","UNINCORPORATED","PLACER","CA",0,0
"5816879",-121.096533886,38.939856906,2012,"3100","3","3","4","03",0,2,"B",,,,"Y",,1200,10,"C","C","A","RT 49","WILLOW CREEK DR",528,"N","N","2013-12-31",9220,"2012-10-24",1155,"013060",,"1","9","0","1",,"1","249","-","Y","PLA",3,49,"-","-",6.22,"H","-","S","Y",2,"A","-",22350,,"N","B","H","-","A","D","0","Y","F","26",0,0,2,0,0,0,0,0,0,"-","-","UNINCORPORATED","PLACER","CA",-121.0965,38.9399
"5816844",-121.141714961,38.856043789,2012,"3100","1","6","2","01",0,1,"A",,,,"Y","Y",300,10,"C","C","A","RT 80","GILARDI RD",1056,"E","N","2013-12-16",9220,"2012-10-27",200,"012743",,"3","9","0","1",,"2","282","-","Y","PLA",3,80,"-","-",12.5,"H","-","E","Y",3,"A","-",23152,"A","N","A","H","-","D","D","1","Y","A","01",1,0,0,0,0,0,0,0,0,"-","-","UNINCORPORATED","PLACER","CA",-121.13888,38.95937
"5816836",-121.100833094,38.944295126,2012,"3100","5","4","4","09",0,1,"A",,,,,,1500,10,"D","C","A","EDUCATION ST","PROFESSIONAL DR",0,,"Y","2013-12-23",9220,"2012-10-18",1410,"13060",,"2","9","0","3",,"2","040","-","N",,0,0,,,0,,,,"Y",2,"A","-",21801,"A","N","A","H","-","A","D","0","Y","D","22",0,0,1,0,0,0,0,0,0,"-","-","UNINCORPORATED","PLACER","CA",-121.10083,39.94429
"5816824",-121.307215979,38.8224524906,2012,"3100","4","1","4","18",0,1,"A",,,,,,1200,10,"A","C","A","INDUSTRIAL AV","CYBER CT",92,"S","N","2013-12-23",9220,"2012-10-29",1010,"14515",,"1","9","0","2",,"2","015","-","N",,0,0,,,0,,,,"Y",2,"C","-",0,,"N","A","H","-","A","D","0","Y","-","-",0,0,1,0,0,0,0,0,0,"-","-","UNINCORPORATED","PLACER","CA",-121.30642,38.85242
"5816820",-121.185291807,38.7438310493,2012,"3100","4","7","3","07",0,1,"A",,"Y",,,,1200,10,"H","G","A","DOUGLAS BL","JOE RODGERS RD",111,"W","N","2013-12-23",9220,"2012-10-28",935,"13794",,"1","9","0","2",,"2","022","-","N",,0,0,,,0,,,,"Y",2,"A","-",21658,"A","N","A","H","-","A","D","0","Y","L","04",0,1,0,0,0,0,1,0,0,"-","-","UNINCORPORATED","PLACER","CA",-121.18475,38.74367
"5816808",-121.108283105,38.978205187,2012,"3100","3","1","2","09",0,1,"A",,,"Y",,,1800,10,"A","C","A","RT 49","FLORENCE LN",0,,"Y","2013-12-23",9220,"2012-10-15",1625,"16654",,"2","9","0","1",,"1","249","-","Y","PLA",3,49,"-","R",8.973,"I","5","N","Y",2,"A","-",21802,"A","N","A","H","-","A","D","0","Y","D","22",1,0,0,0,0,0,0,0,1,"-","-","UNINCORPORATED","PLACER","CA",-121.10834,38.97815
"5816804",-121.255788556,38.765371521,2012,"3105","1","3","3","03",0,2,"A",,,,,,1800,10,"B","C","A","RT 80","TAYLOR RD",475,"E","N","2013-01-17",9220,"2012-10-10",1535,"11483",,"2","5","0","1",,"2","281","-","Y","PLA",3,80,"-","-",3.75,"H","-","E","Y",4,"A","-",22350,,"N","A","H","-","A","D","1","Y","J","48",0,2,0,0,0,0,0,0,0,"-","-","ROSEVILLE","PLACER","CA",-121.24729,38.77655
"5812251",-120.71376547,39.27504373,2012,"3100","1","1","3","03",0,2,"C",,,,,,1500,10,"F","I","A","RT 80","BLUE CANYON",4752,"W","N","2013-12-16",9221,"2012-10-22",1235,"012489",,"1","9","0","1",,"2","386","-","Y","PLA",3,80,"-","-",52.46,"H","-","E","Y",1,"A","-",22350,,"N","C","H","-","A","D","1","Y","D","22",0,2,0,0,0,0,0,0,0,"-","-","UNINCORPORATED","PLACER","CA",0,0
"5812160",-121.079315855,38.8786566626,2012,"3101","0","5","3","21",0,1,"A",,"Y",,,,900,8,"B","G","A","SACRAMENTO ST","AUBURN FOLSOM RD",274,"S","N","2013-11-09",3101,"2012-08-24",758,"A341","3","5","3","0","0",,"0","002","-","N",,0,0,,,0,,,,"N",2,"A","-",22106,,"F","A","H","-","A","D","0","Y","-","-",0,1,0,0,0,0,1,0,0,"-","-","AUBURN","PLACER","CA",0,0
"5812136",-121.080117996,38.9004851384,2012,"3101","0","5","3","01",0,1,"A",,,,,"Y",2400,8,"E","I","A","CHAMBERLAIN AV","DAVIS LN",47,"E","N","2013-11-09",3101,"2012-08-24",2317,"7","5","5","3","0","0",,"0","001","-","N",,0,0,,,0,,,,"Y",1,"A","-",23152,"A","N","A","H","-","C","D","0","Y","A","01",0,1,0,0,0,0,0,0,0,"-","-","AUBURN","PLACER","CA",0,0
"5812119",0,0,2012,"3101","0","2","4","18",0,1,"A",,,"Y",,,2100,8,"A","H","A","LINCOLN WY","LINCOLN WY 100",83,"S","N","2013-11-09",3101,"2012-08-28",2015,"12-138","PLACE","5","3","0","0",,"0","001","-","N",,0,0,,,0,,,,"N",1,"C","-",0,,"N","A","H","-","D","D","0","Y","-","-",0,0,1,0,0,0,0,0,1,"-","-","AUBURN","PLACER","CA",0,0
"5812115",-121.068733038,38.9014650357,2012,"3101","0","3","4","09",0,1,"A",,,,,,1500,8,"A","C","A","HIGH ST","CLEVELAND AV",0,,"Y","2013-11-09",3101,"2012-08-22",1336,"1","AUBUR","5","3","0","0",,"0","002","-","N",,0,0,,,0,,,,"Y",2,"A","-",21801,"A","N","A","H","-","A","A","0","Y","-","-",0,0,1,0,0,0,0,0,0,"-","-","AUBURN","PLACER","CA",0,0
"5812111",0,0,2012,"3101","0","5","4","01",0,1,"A",,,,,"Y",600,8,"F","J","A","TEAMTRACK RD","FORESTHILL AV",528,,"N","2013-11-09",3101,"2012-08-31",302,"16","PLACE","5","3","0","0",,"0","001","-","N",,0,0,,,0,,,,"Y",1,"A","-",23152,"A","N","A","H","-","C","D","0","Y","A","01",0,0,1,0,0,0,0,0,0,"-","-","AUBURN","PLACER","CA",0,0
"5812107",-121.075712261,38.902228801,2012,"3101","0","2","3","03",0,1,"A",,,,,,1200,8,"E","I","A","RT 49","BORLAND AV",5280,"E","N","2014-05-01",3101,"2012-08-28",954,"2P1","AUBUR","5","3","0","0",,"0","001","-","Y","PLA",3,49,"-","-",3.36,"H","-","N","Y",1,"A","-",22350,,"N","A","H","-","A","D","0","Y","-","-",0,1,0,0,0,0,0,0,0,"-","-","AUBURN","PLACER","CA",0,0
"5810051",-121.278584913,38.783700434,2012,"3100","3","2","4","03",0,1,"A",,,,,,1800,8,"C","C","A","RT 65","PLEASANT GROVE BL",1584,"S","N","2013-11-09",9220,"2012-08-21",1600,"10512",,"2","9","0","1",,"1","265","-","Y","PLA",3,65,"-","R",6.8,"H","-","S","Y",2,"A","-",22350,,"N","A","H","-","A","D","1","Y","A","01",0,0,1,0,0,0,0,0,0,"-","-","UNINCORPORATED","PLACER","CA",-121.28015,38.78452
"5810047",-121.017466148,38.9711886478,2012,"3100","5","6","2","08",0,5,"A",,,,,,1500,8,"A","C","A","LAKE ARTHUR RD","PLACER HILLS RD",523,"E","N","2013-11-09",9220,"2012-08-18",1225,"16668",,"1","9","0","3",,"2","050","-","N",,0,0,,,0,,,,"Y",2,"A","-",22107,,"N","A","H","-","A","D","0","Y","A","01",2,2,1,0,0,0,0,0,0,"-","-","UNINCORPORATED","PLACER","CA",0,0