"CASEID","POINT_X","POINT_Y","YEAR_","LOCATION","CHPTYPE","DAYWEEK","CRASHSEV","VIOLCAT","KILLED","INJURED","WEATHER1","PEDCOL","BICCOL","MCCOL","TRUCKCOL","ETOH","TIMECAT","MONTH_","CRASHTYP","INVOLVE","PED","PRIMARYRD","SECONDRD","DISTANCE","DIRECT","INTERSECT_","PROCDATE","JURIS","DATE_","TIME_","BADGE","JURIDIST","SHIFT","POP","SPECIAL","BEATTYPE","LAPDDIV","BEATCLAS","BEATNUMB","WEATHER2","STATEHW","CALTRANC","CALTRAND","STROUTE","ROUTESUF","POSTPRE","POSTMILE","LOCATYPE","RAMP","SIDEHW","TOWAWAY","PARTIES","PCF","VIOLCODE","VIOL","VIOLSUB","HITRUN","ROADSURF","RDCOND1","RDCOND2","LIGHTING","RIGHTWAY","CHPRDTYP","NOTPRIV","STFAULT","CHPFAULT","SEVINJ","OTHERINJ","COP","PEDKILL","PEDINJ","BICKILL","BICINJ","MCKILL","MCINJURE","RAMP1","RAMP2","CITY","COUNTY","STATE","X_CHP","Y_CHP"
"5787418",-121.289404242,38.8763499288,2012,"3103","0","7","4","18",0,1,"A",,,,,,1200,8,"A","I","A","INGRAM PKWY","LILYPOND LN",138,"S","N","2013-11-23",3103,"2012-08-19",1139,"JHENS","L6","5","2","0","0",,"0","0L4","-","N",,0,0,,,0,,,,"Y",1,"C","-",0,,"N","A","H","-","A","D","0","Y","-","-",0,0,1,0,0,0,0,0,0,"-","-","LINCOLN","PLACER","CA",-121.28912,38.87595
"5787414",-121.299973121,38.864515162,2012,"3103","0","7","3","03",0,2,"A",,,,,,1800,8,"E","I","A","RT 65","INDUSTRIAL BL",81,"E","N","2013-11-23",3103,"2012-08-05",1507,"JHENS","L8","5","2","0","0",,"0","0L4","-","Y","PLA",3,65,"-","T",12.85,"H","-","S","N",1,"A","-",22350,,"N","A","H","-","A","A","0","Y","A","01",0,1,1,0,0,0,0,0,0,"-","-","LINCOLN","PLACER","CA",-121.25344,38.85501
"5787410",-121.297534908,38.8509350378,2012,"3103","0","5","3","12",0,2,"A",,,,,,1800,8,"B","C","A","TWELVE BRIDGES DR","INDUSTRIAL AV",2640,"E","N","2013-11-23",3103,"2012-08-03",1555,"SKRUE","L8","5","2","0","0",,"0","0L4","-","N",,0,0,,,0,,,,"Y",2,"A","-",21453,"A","N","A","H","-","A","A","0","Y","A","01",0,2,0,0,0,0,0,0,0,"-","-","LINCOLN","PLACER","CA",-121.2979,38.85114
"5787406",-121.293043982,38.8865751212,2012,"3103","0","2","3","09",0,2,"A",,,,,,1800,8,"D","C","A","1ST ST","G ST",60,"W","N","2013-11-23",3103,"2012-08-28",1754,"PFREN","L5","5","2","0","0",,"0","0L3","-","N",,0,0,,,0,,,,"N",2,"A","-",21804,,"N","A","H","-","A","D","0","Y","A","01",0,1,1,0,0,0,0,0,0,"-","-","LINCOLN","PLACER","CA",-121.30459,38.90174
"5783774",-121.170590313,38.7374779148,2012,"3100","4","1","4","03",0,1,"A",,,,,,1800,8,"C","C","A","AUBURN FOLSOM RD","EUREKA RD",500,"N","N","2013-11-27",9220,"2012-08-06",1730,"13794",,"2","9","0","2",,"2","027","-","N",,0,0,,,0,,,,"Y",3,"A","-",22350,,"N","A","H","-","A","D","0","Y","A","01",0,0,1,0,0,0,0,0,0,"-","-","UNINCORPORATED","PLACER","CA",-121.7083,38.73752
"5783770",0,0,2012,"3100","4","2","3","01",0,1,"A",,,"Y",,"Y",2400,8,"E","I","A","BOWMAN RD","APPLE LN",528,"E","N","2013-11-27",9220,"2012-08-07",2125,"15197",,"2","9","0","2",,"2","057","-","N",,0,0,,,0,,,,"Y",1,"A","-",23152,"A","N","A","H","-","D","D","0","Y","C","02",0,1,0,0,0,0,0,0,1,"-","-","UNINCORPORATED","PLACER","CA",-121.05263,38.93851
"5783766",-121.1814,38.9027299187,2012,"3100","5","4","3","08",0,3,"A",,,,,,2400,8,"E","I","A","GOLD HILL RD","CHILI HILL RD",89,"S","N","2013-11-27",9220,"2012-08-09",2345,"14466",,"3","9","0","3",,"2","070","-","N",,0,0,,,0,,,,"Y",1,"A","-",22107,,"N","A","H","-","D","D","0","Y","A","01",0,1,2,0,0,0,0,0,0,"-","-","UNINCORPORATED","PLACER","CA",-121.18139,38.90271
"5783688",-121.193934527,38.891788058,2012,"3100","3","7","2","09",0,2,"A",,,,,,1500,8,"D","C","A","RT 193","HIDDEN ACRES LN",175,"E","N","2013-11-30",9220,"2012-08-05",1330,"13846",,"1","9","0","1",,"2","293","-","Y","PLA",3,193,"-","-",5.6,"H","-","E","Y",2,"A","-",21801,"A","N","A","H","-","A","D","0","Y","A","01",1,0,1,0,0,0,0,0,0,"-","-","UNINCORPORATED","PLACER","CA",-121.19339,38.89159
"5783684",0,0,2012,"3100","4","6","3","01",0,2,"A",,,,,"Y",300,8,"A","C","A","BASELINE RD","WATT AV",2112,"W","N","2013-11-30",9220,"2012-08-04",55,"13676",,"3","9","0","2",,"1","012","-","N",,0,0,,,0,,,,"Y",2,"A","-",23152,"A","N","A","H","-","D","D","0","Y","A","07",0,1,1,0,0,0,0,0,0,"-","-","UNINCORPORATED","PLACER","CA",-121.40018,38.75179
"5782795",-121.168053151,38.8134957129,2012,"3100","5","1","3","08",0,1,"A",,,,,,300,8,"E","I","A","HORSESHOE BAR RD","HAPPY RD",1056,"E","N","2013-11-21",9220,"2012-08-20",140,"14282",,"3","9","0","3",,"2","070","-","N",,0,0,,,0,,,,"Y",1,"A","-",22107,,"M","A","H","-","D","D","0","Y","A","01",0,1,0,0,0,0,0,0,0,"-","-","UNINCORPORATED","PLACER","CA",-121.16745,38.81311
"5782764",-121.094952958,38.936789147,2012,"3100","3","5","3","09",0,1,"A",,,"Y",,,1500,8,"D","C","A","RT 49","COTTAGE DR",0,,"Y","2014-05-01",9220,"2012-08-31",1215,"13060",,"1","9","0","1",,"1","249","-","Y","PLA",3,49,"-","-",5.99,"I","5","S","Y",2,"A","-",21801,"A","N","A","H","-","A","D","0","Y","C","02",0,1,0,0,0,0,0,0,1,"-","-","UNINCORPORATED","PLACER","CA",0,0
"5781428",-121.167173026,38.7541250522,2012,"3100","4","1","4","09",0,1,"A",,,,,,1200,9,"D","C","A","AUBURN FOLSOM RD","MORNINGSIDE DR",0,,"Y","2013-12-09",9220,"2012-09-24",940,"014343",,"1","9","0","2",,"2","027","-","N",,0,0,,,0,,,,"Y",2,"A","-",21802,"A","N","A","H","-","A","D","0","Y","A","07",0,0,1,0,0,0,0,0,0,"-","-","UNINCORPORATED","PLACER","CA",-121.16706,38.75413
"5781425",0,0,2012,"3100","3","5","4","03",0,2,"A",,,,,,1800,10,"C","C","A","RT 65","RIOSA RD",100,"N","N","2013-12-21",9220,"2012-10-12",1730,"15060",,"2","9","0","1",,"1","267","-","Y","PLA",3,65,"-","L",23.21,"H","-","S","Y",2,"A","-",22350,,"N","A","H","-","A","A","5","Y","A","08",0,0,2,0,0,0,0,0,0,"-","-","UNINCORPORATED","PLACER","CA",-121.38362,38.97863
"5781424",0,0,2012,"3100","4","4","4","03",0,1,"A",,,,,,1500,10,"C","D","A","DRY CREEK RD","BOWMAN RD",20,"E","N","2013-12-21",9220,"2012-10-04",1330,"11483",,"1","9","0","2",,"2","058","-","N",,0,0,,,0,,,,"N",2,"A","-",22350,,"F","A","H","-","A","A","0","Y","A","01",0,0,1,0,0,0,0,0,0,"-","-","UNINCORPORATED","PLACER","CA",-121.03765,38.95681
"5781422",-121.052032963,38.9737556393,2012,"3100","5","7","3","01",0,1,"A",,,,,"Y",300,10,"E","I","A","CHRISTIAN VALLEY RD","GREGG WY",1584,"E","N","2013-12-21",9220,"2012-10-07",145,"13233",,"3","9","0","3",,"2","050","-","N",,0,0,,,0,,,,"Y",1,"A","-",23152,"A","N","A","H","-","D","D","0","Y","D","22",0,1,0,0,0,0,0,0,0,"-","-","UNINCORPORATED","PLACER","CA",-121.05156,38.97386
"5781421",-121.164038095,38.9426551351,2012,"3100","5","6","4","08",0,1,"A",,,,,,2100,10,"E","I","A","MOUNT VERNON RD","SAILORS RAVINE RD",200,"W","N","2013-12-21",9220,"2012-10-06",1920,"13676",,"2","9","0","3",,"2","040","-","N",,0,0,,,0,,,,"Y",1,"A","-",22107,,"N","A","H","-","D","D","0","Y","D","22",0,0,1,0,0,0,0,0,0,"-","-","UNINCORPORATED","PLACER","CA",-121.16436,38.94258
"5781420",-121.257869887,38.763504863,2012,"3105","1","6","4","07",0,1,"A",,,,"Y",,900,10,"C","C","A","RT 80","TAYLOR RD",700,"W","N","2013-12-23",9220,"2012-10-06",608,"018122",,"1","5","0","1",,"2","281","-","Y","PLA",3,80,"-","-",3.53,"H","-","E","Y",2,"A","-",21658,"A","N","A","H","-","C","D","1","Y","A","01",0,0,1,0,0,0,0,0,0,"-","-","ROSEVILLE","PLACER","CA",-121.25662,38.76462
"5781419",-121.083254591,38.922546014,2012,"3100","3","5","4","03",0,3,"A",,,,,,1500,10,"C","C","A","RT 49","EDGEWOOD DR",750,"N","N","2013-12-21",9220,"2012-10-05",1450,"11483",,"2","9","0","1",,"1","249","-","Y","PLA",3,49,"-","-",4.82,"H","-","S","Y",4,"A","-",22350,,"N","A","H","-","A","A","0","Y","D","22",0,0,3,0,0,0,0,0,0,"-","-","UNINCORPORATED","PLACER","CA",-121.08236,38.92084
"5781416",-121.267062996,38.9961634452,2012,"3100","5","2","3","17",0,2,"A",,,,,,2100,10,"A","C","A","FORBES RD","AUBURN RD",500,"W","N","2013-12-21",9220,"2012-10-02",1800,"13257",,"2","9","0","3",,"2","030","-","N",,0,0,,,0,,,,"Y",2,"A","-",21662,"A","N","A","H","-","A","D","0","Y","D","22",0,2,0,0,0,0,0,0,0,"-","-","UNINCORPORATED","PLACER","CA",-121.26418,38.9977
"5781415",-121.392693167,38.7517450533,2012,"3100","4","1","3","08",0,2,"A",,,,,,300,10,"E","I","A","BASELINE RD","WATT AV",0,"W","N","2013-12-21",9220,"2012-10-01",230,"13676",,"3","9","0","2",,"1","012","-","N",,0,0,,,0,,,,"Y",1,"A","-",22107,,"N","A","H","-","D","D","0","Y","D","22",0,2,0,0,0,0,0,0,0,"-","-","UNINCORPORATED","PLACER","CA",-121.41991,38.75173
"5781414",-121.097285633,38.942249827,2012,"3100","3","6","4","03",0,1,"A",,,,,,2100,10,"C","C","A","RT 49","BELL RD",40,"N","N","2013-12-21",9220,"2012-10-06",2020,"11158",,"2","9","0","1",,"1","249","-","Y","PLA",3,49,"-","-",6.39,"H","-","S","Y",2,"A","-",22350,,"N","A","H","-","C","A","0","Y","D","22",0,0,1,0,0,0,0,0,0,"-","-","UNINCORPORATED","PLACER","CA",-121.0966,38.94174
"5781412",-121.18740014,38.7223319163,2012,"3100","5","1","4","03",0,1,"A",,,,,,1800,9,"D","I","A","BARTON RD","GREYSTONE PL",700,"N","N","2013-12-11",9220,"2012-09-24",1725,"16954",,"2","9","0","3",,"2","020","-","N",,0,0,,,0,,,,"Y",1,"A","-",22350,,"N","A","H","-","A","D","0","Y","D","22",0,0,1,0,0,0,0,0,0,"-","-","UNINCORPORATED","PLACER","CA",-121.18743,38.72293
"5781411",-121.29102864,38.724349517,2012,"3100","1","1","3","08",0,1,"A",,,,"Y",,300,10,"D","C","A","RT 80","RIVERSIDE AV",476,"E","N","2013-12-23",9220,"2012-10-01",122,"13233",,"3","9","0","1",,"2","281","-","Y","PLA",3,80,"-","-",0.36,"H","-","W","Y",2,"A","-",22107,,"N","A","H","-","D","D","1","Y","A","07",0,1,0,0,0,0,0,0,0,"-","-","UNINCORPORATED","PLACER","CA",0,0
"5780098",-120.019302989,39.2385852324,2012,"3100","5","1","3","03",0,1,"B",,"Y",,,,1500,7,"C","G","A","FOX ST","RAINBOW AV",0,,"Y","2013-10-16",9222,"2012-07-23",1425,"19272",,"2","9","0","3",,"2","010","C","N",,0,0,,,0,,,,"N",2,"A","-",22350,,"N","B","H","-","A","D","0","Y","L","04",0,1,0,0,0,0,1,0,0,"-","-","UNINCORPORATED","PLACER","CA",-120.01927,39.23851
"5780094",-120.238887973,39.1740359666,2012,"3100","5","5","3","01",0,1,"A",,,,,"Y",2400,7,"E","I","A","ALPINE MEADOWS RD","ALPINE VISTA RD",210,"W","N","2013-10-16",9222,"2012-07-27",2312,"15234",,"3","9","0","3",,"2","010","-","N",,0,0,,,0,,,,"Y",1,"A","-",23152,"A","N","A","H","-","D","D","0","Y","A","01",0,1,0,0,0,0,0,0,0,"-","-","UNINCORPORATED","PLACER","CA",-120.23893,39.17407
"5778970",-121.292963068,38.8944450581,2012,"3103","0","4","4","03",0,1,"A",,,"Y",,,1200,8,"C","C","A","G ST","7TH ST",0,,"Y","2014-03-24",3103,"2012-08-23",1130,"TRAYB","L5","5","2","0","0",,"0","0L3","-","N",,0,0,,,0,,,,"N",2,"A","-",22350,,"N","A","H","-","A","A","0","Y","C","02",0,0,1,0,0,0,0,0,1,"-","-","LINCOLN","PLACER","CA",0,0
"5778622",-120.46529302,39.314855495,2012,"3100","1","7","4","03",0,2,"A",,,,,,1500,9,"C","C","A","RT 80","KINGVALE",7920,"W","N","2014-04-26",9221,"2012-09-02",1330,"17320",,"1","9","0","1",,"2","388","-","Y","PLA",3,80,"-","-",67.73,"H","-","W","Y",2,"A","-",22350,,"N","A","D","-","A","D","1","Y","A","01",0,0,2,0,0,0,0,0,0,"-","-","UNINCORPORATED","PLACER","CA",-120.47247,39.31388
"5775253",-121.299173179,38.8889801558,2012,"3103","0","1","4","21",0,1,"A",,,,,,1800,8,"C","C","A","L ST","3RD ST",71,"S","N","2014-02-18",3103,"2012-08-20",1525,"CRAND","L3","5","2","0","0",,"0","0L1","-","N",,0,0,,,0,,,,"N",2,"A","-",22106,,"N","A","H","-","A","D","0","Y","A","01",0,0,1,0,0,0,0,0,0,"-","-","LINCOLN","PLACER","CA",-121.29916,38.88902
"5774943",-121.32426316,38.9082350102,2012,"3103","0","2","2","03",0,1,"A",,,"Y",,,2400,8,"H","J","A","VENTURE DR","LAKESIDE DR",0,,"Y","2013-11-21",3103,"2012-08-28",2105,"WCOLL","L1","5","2","0","0",,"0","0L1","-","N",,0,0,,,0,,,,"N",1,"A","-",22350,,"N","A","H","-","C","D","0","Y","C","03",1,0,0,0,0,0,0,0,1,"-","-","LINCOLN","PLACER","CA",-121.32459,38.90807
"5774336",-121.265885775,38.7835759244,2012,"3104","0","1","4","03",0,2,"A",,,,,,1500,9,"C","C","A","FAIRWAY DR","STANFORD RANCH RD",15,"W","N","2013-12-09",3104,"2012-09-10",1406,"204","38","5","4","0","0",,"0","002","-","N",,0,0,,,0,,,,"N",2,"A","-",22350,,"N","A","H","-","A","A","0","Y","D","22",0,0,2,0,0,0,0,0,0,"-","-","ROCKLIN","PLACER","CA",-121.26539,38.78402
"5774312",-121.089645855,38.930848445,2012,"3100","3","5","4","03",0,3,"A",,,,,,1800,8,"C","C","A","RT 49","HULBERT WY",300,"N","N","2014-05-01",9220,"2012-08-31",1715,"15060",,"2","9","0","1",,"1","249","-","Y","PLA",3,49,"-","-",5.49,"H","-","S","N",3,"A","-",22350,,"N","A","H","-","A","A","0","Y","D","22",0,0,3,0,0,0,0,0,0,"-","-","UNINCORPORATED","PLACER","CA",-121.0899,38.92954
"5773965",-121.156418179,38.844120164,2012,"3100","1","1","2","18",0,1,"A",,,,,,600,9,"E","I","A","RT 80","PENRYN RD",4752,"E","N","2014-04-26",9220,"2012-09-10",506,"016654",,"3","9","0","1",,"2","282","-","Y","PLA",3,80,"-","-",11.25,"H","-","W","Y",2,"C","-",0,,"N","A","H","-","D","D","1","Y","-","-",1,0,0,0,0,0,0,0,0,"-","-","UNINCORPORATED","PLACER","CA",-121.14974,38.8496
"5773961",-121.166560498,38.8490894804,2012,"3100","4","2","4","03",0,2,"A",,,,,,1800,9,"C","C","A","TAYLOR RD","ROCK SPRINGS RD",1000,"W","N","2013-12-12",9220,"2012-09-11",1650,"012743",,"2","9","0","2",,"2","075","-","N",,0,0,,,0,,,,"N",3,"A","-",22350,,"N","A","H","-","A","D","0","Y","A","01",0,0,2,0,0,0,0,0,0,"-","-","UNINCORPORATED","PLACER","CA",0,0
"5773068",-120.143782305,39.168778889,2012,"3100","3","3","3","08",0,2,"A",,,"Y",,,1200,8,"F","A","A","RT 28","RT 895",528,"E","N","2014-04-26",9222,"2012-08-22",947,"019272",,"1","9","0","1",,"1","014","-","Y","PLA",3,28,"-","-",0.19,"H","-","E","N",2,"A","-",22102,,"N","A","H","-","A","D","0","Y","A","01",0,1,1,0,0,0,0,0,2,"-","-","UNINCORPORATED","PLACER","CA",-120.14426,39.16839
"5772991",-120.211066336,39.246864224,2012,"3100","3","3","3","01",0,1,"A",,,,,"Y",300,8,"C","C","A","RT 89","BIG CHIEF",3168,"N","N","2013-11-26",9222,"2012-08-01",127,"015590",,"3","9","0","1",,"1","013","-","Y","PLA",3,89,"-","-",16.8,"H","-","N","Y",2,"A","-",23152,"A","N","A","D","-","C","A","0","Y","A","01",0,1,0,0,0,0,0,0,0,"-","-","UNINCORPORATED","PLACER","CA",-120.21097,39.24639
"5769939",-121.10917352,38.996521899,2012,"3100","3","1","3","09",0,2,"A",,,,,,600,8,"D","C","A","RT 49","LONE STAR RD",0,,"Y","2014-05-01",9220,"2012-08-13",510,"16654",,"3","9","0","1",,"1","249","-","Y","PLA",3,49,"-","R",10.281,"I","5","S","Y",2,"A","-",21801,"A","N","A","H","-","D","D","0","Y","A","01",0,2,0,0,0,0,0,0,0,"-","-","UNINCORPORATED","PLACER","CA",-121.10919,38.99648
"5769923",-121.206092566,38.802567155,2012,"3104","1","1","4","03",0,2,"A",,,,,,2400,8,"C","C","A","RT 80","SIERRA COLLEGE BL",20,"W","N","2014-04-26",9220,"2012-08-06",2105,"14343",,"2","4","0","1",,"2","281","-","Y","PLA",3,80,"-","-",7.41,"H","-","W","Y",2,"A","-",22350,,"N","A","H","-","D","D","1","Y","D","22",0,0,2,0,0,0,0,0,0,"-","-","ROCKLIN","PLACER","CA",-121.20584,38.80291
"5769108",-121.267860366,38.74864559,2012,"3105","1","2","3","03",0,2,"A",,,,,,900,8,"C","C","A","RT 80","DOUGLAS BL",1500,"E","N","2014-04-26",9220,"2012-08-28",845,"16954",,"1","5","0","1",,"2","281","-","Y","PLA",3,80,"-","-",2.26,"H","-","W","Y",3,"A","-",22350,,"N","A","H","-","A","D","1","Y","A","07",0,1,1,0,0,0,0,0,0,"-","-","ROSEVILLE","PLACER","CA",0,0
"5768799",-121.245583022,38.771982254,2012,"3100","1","4","3","03",0,1,"A",,,,,,1800,9,"C","C","A","RT 80","RT 65",1584,"E","N","2014-04-26",9220,"2012-09-27",1720,"12743",,"2","9","0","1",,"2","282","-","Y","PLA",3,80,"-","-",4.46,"H","-","W","Y",2,"A","-",22350,,"N","A","H","-","A","D","1","Y","D","22",0,1,0,0,0,0,0,0,0,"-","-","UNINCORPORATED","PLACER","CA",-121.24413,38.77034
"5768795",-121.332762766,38.922789596,2012,"3100","3","3","3","09",0,1,"A",,,,"Y",,1800,9,"B","C","A","RT 65","MARKHAM RAVINE",1056,"N","N","2013-12-11",9220,"2012-09-26",1515,"15060",,"2","9","0","1",,"1","267","-","Y","PLA",3,65,"-","-",16.97,"H","-","N","Y",2,"A","-",21804,"A","N","A","H","-","A","A","5","Y","F","27",0,1,0,0,0,0,0,0,0,"-","-","UNINCORPORATED","PLACER","CA",-121.30567,38.90494
"5768791",-121.2832882,38.786020657,2012,"3105","3","3","4","03",0,1,"A",,,,,,900,9,"C","C","A","RT 65","PLEASANT GROVE BL",250,"S","N","2014-04-26",9220,"2012-09-26",810,"013846",,"1","5","0","1",,"1","265","-","Y","PLA",3,65,"-","R",7.05,"H","-","S","Y",3,"A","-",22350,,"N","A","H","-","A","D","1","Y","D","22",0,0,1,0,0,0,0,0,0,"-","-","ROSEVILLE","PLACER","CA",-121.28234,38.78541
"5768787",-121.259670228,38.774321791,2012,"3100","3","2","4","03",0,1,"A",,,,,,900,9,"C","C","A","RT 65","GALLERIA BL",1584,"S","N","2014-04-26",9220,"2012-09-25",845,"10512",,"1","9","0","1",,"1","265","-","Y","PLA",3,65,"-","R",5.63,"H","-","S","Y",2,"A","-",22350,,"N","A","H","-","A","D","1","Y","D","22",0,0,1,0,0,0,0,0,0,"-","-","UNINCORPORATED","PLACER","CA",-121.25907,38.77101
"5768748",-121.074133113,38.900632482,2012,"3101","1","5","2","-",0,8,"A",,,,"Y",,1500,9,"B","C","A","RT 80","RT 49",200,"E","N","2014-04-26",9220,"2012-09-14",1300,"13060",,"1","3","0","1",,"2","283","-","Y","PLA",3,80,"-","-",17.58,"H","-","E","Y",2,"A","-",0,,"N","A","H","-","A","D","1","Y","A","07",1,4,3,0,0,0,0,0,0,"EO","-","AUBURN","PLACER","CA",-121.0741,38.90047
"5768744",-121.299875736,38.826630364,2012,"3100","3","4","4","03",0,3,"A",,,,,,2100,9,"C","C","A","RT 65","SUNSET BL",3168,"N","N","2014-04-26",9220,"2012-09-27",1930,"15060",,"2","9","0","1",,"1","265","-","Y","PLA",3,65,"-","R",10.19,"H","-","N","Y",2,"A","-",22350,,"N","A","H","-","D","D","0","Y","D","22",0,0,3,0,0,0,0,0,0,"-","-","UNINCORPORATED","PLACER","CA",-121.29979,38.82601
"5768742",-121.105120727,38.969210802,2012,"3100","3","6","4","09",0,1,"A",,,,,,1500,9,"D","C","A","RT 49","DOUG OEST RD",10,"S","N","2014-05-01",9220,"2012-09-01",1400,"13060",,"2","9","0","1",,"1","249","-","Y","PLA",3,49,"-","R",8.33,"H","-","N","Y",2,"A","-",21804,"A","N","A","H","-","A","D","0","Y","D","22",0,0,1,0,0,0,0,0,0,"-","-","UNINCORPORATED","PLACER","CA",-121.10508,33.89612
"5768736",-121.258976312,38.761912753,2012,"3105","1","3","4","03",0,2,"A",,,,"Y",,1800,9,"C","C","A","RT 80","ATLANTIC ST",1250,"E","N","2014-04-26",9220,"2012-09-26",1635,"11483",,"2","5","0","1",,"2","281","-","Y","PLA",3,80,"-","-",3.31,"H","-","E","Y",2,"A","-",22350,,"N","A","H","-","A","D","1","Y","G","27",0,0,2,0,0,0,0,0,0,"-","-","ROSEVILLE","PLACER","CA",-121.25954,38.76107
"5768732",-121.245583022,38.771982254,2012,"3104","1","4","4","03",0,2,"A",,,,,,1800,9,"C","C","A","RT 80","RT 65",1584,"E","N","2014-04-26",9220,"2012-09-27",1720,"15060",,"2","4","0","1",,"2","281","-","Y","PLA",3,80,"-","-",4.46,"H","-","W","Y",3,"A","-",22350,,"N","A","H","-","A","D","1","Y","A","08",0,0,2,0,0,0,0,0,0,"-","-","ROCKLIN","PLACER","CA",-121.24423,38.77297
"5768728",-121.251052796,38.768327123,2012,"3105","1","5","4","03",0,2,"A",,,,,,1800,9,"C","C","A","RT 80","RT 65",200,"W","N","2014-04-26",9220,"2012-09-28",1620,"15197",,"2","5","0","1",,"2","281","-","Y","PLA",3,80,"-","-",4.12,"H","-","E","Y",4,"A","-",22350,,"N","A","H","-","A","D","1","Y","A","01",0,0,2,0,0,0,0,0,0,"-","-","ROSEVILLE","PLACER","CA",-121.24734,38.77032
"5768724",-121.265264624,38.9052730373,2012,"3100","5","2","4","03",0,2,"A",,,,,,1800,9,"C","C","A","HUNGRY HOLLOW RD","VIRGINIATOWN RD",1500,"N","N","2013-12-10",9220,"2012-09-25",1530,"13257",,"2","9","0","3",,"2","030","-","N",,0,0,,,0,,,,"N",2,"A","-",22350,,"N","A","H","-","A","D","0","Y","A","07",0,0,2,0,0,0,0,0,0,"-","-","UNINCORPORATED","PLACER","CA",-121.26518,38.90557
"5768218",-121.116423078,38.8426950486,2012,"3100","4","2","2","09",0,2,"A",,,,,,1800,8,"D","C","A","AUBURN FOLSOM RD","NEWCASTLE RD",0,,"Y","2013-11-26",9220,"2012-08-28",1730,"014343",,"2","9","0","2",,"2","077","-","N",,0,0,,,0,,,,"Y",2,"A","-",21802,"A","N","A","H","-","A","D","0","Y","A","01",2,0,0,0,0,0,0,0,0,"-","-","UNINCORPORATED","PLACER","CA",0,0
"5767647",-121.081613651,38.895135375,2012,"3100","1","4","4","08",0,1,"A",,,,,,1800,9,"B","C","A","RT 80","OPHIR RD",528,"E","N","2014-04-26",9220,"2012-09-20",1510,"012743",,"2","9","0","1",,"2","282","-","Y","PLA",3,80,"-","-",16.95,"H","-","W","Y",2,"A","-",22107,,"N","A","D","-","A","A","1","Y","D","22",0,0,1,0,0,0,0,0,0,"-","-","UNINCORPORATED","PLACER","CA",-121.0831,38.89397
"5767643",-121.095687601,38.937998065,2012,"3100","3","4","4","03",0,1,"A",,,,,,1200,9,"C","C","A","RT 49","WILLOW CREEK DR",150,"S","N","2014-05-01",9220,"2012-09-20",1020,"011851",,"1","9","0","1",,"1","249","-","Y","PLA",3,49,"-","-",6.09,"H","-","N","Y",2,"A","-",22350,,"N","A","H","-","A","A","0","Y","D","22",0,0,1,0,0,0,0,0,0,"-","-","UNINCORPORATED","PLACER","CA",0,0
"5767624",-121.141714961,38.856043789,2012,"3100","1","6","4","03",0,1,"A",,,,,,1800,9,"C","C","A","RT 80","GILARDI RD",1056,"E","N","2014-04-26",9220,"2012-09-15",1505,"012743",,"2","9","0","1",,"2","282","-","Y","PLA",3,80,"-","-",12.5,"H","-","E","N",2,"A","-",22350,,"N","A","H","-","A","D","1","Y","A","07",0,0,1,0,0,0,0,0,0,"-","-","UNINCORPORATED","PLACER","CA",0,0
"5767620",0,0,2012,"3100","5","6","4","08",0,2,"A",,,,,,900,9,"E","I","A","MICHIGAN BLUFF RD","FORESTHILL RD",8976,"S","N","2013-12-11",9220,"2012-09-08",815,"012612",,"1","9","0","3",,"2","060","-","N",,0,0,,,0,,,,"N",1,"A","-",22107,,"N","A","H","-","A","D","0","Y","D","22",0,0,2,0,0,0,0,0,0,"-","-","UNINCORPORATED","PLACER","CA",-120.75595,39.04626
"5766351",-121.219260754,38.9118838222,2012,"3100","5","1","4","01",0,1,"A",,,,,"Y",2100,12,"B","E","A","FOWLER RD","FRUITVALE RD",168,"S","N","2013-01-29",9220,"2012-12-24",1806,"16654",,"2","9","0","3",,"2","070","-","N",,0,0,,,0,,,,"N",2,"A","-",23152,"A","N","A","H","-","C","D","0","Y","A","01",0,0,1,0,0,0,0,0,0,"-","-","UNINCORPORATED","PLACER","CA",-121.21906,38.91191
"5766343",-121.239633886,38.775688633,2012,"3104","1","4","4","07",0,5,"A",,,,,,1500,12,"C","C","A","RT 80","RT 65",3696,"E","N","2013-01-29",9220,"2012-12-20",1255,"15060",,"1","4","0","1",,"2","281","-","Y","PLA",3,80,"-","-",4.86,"H","-","W","Y",5,"A","-",21658,"A","N","-","A","H","A","D","1","Y","J","48",0,0,5,0,0,0,0,0,0,"-","-","ROCKLIN","PLACER","CA",-121.24004,38.77559
"5766255",-121.168553125,38.8341050154,2012,"3100","5","2","4","12",0,2,"A",,,,,,2400,9,"D","C","A","PENRYN RD","RT 80",0,,"Y","2012-11-27",9220,"2012-09-25",2144,"13676",,"2","9","0","3",,"2","070","-","N",,0,0,,,0,,,,"Y",3,"A","-",21453,"A","N","A","H","-","C","A","0","Y","J","48",0,0,2,0,0,0,0,0,0,"-","WF","UNINCORPORATED","PLACER","CA",0,0