"CASEID","POINT_X","POINT_Y","YEAR_","LOCATION","CHPTYPE","DAYWEEK","CRASHSEV","VIOLCAT","KILLED","INJURED","WEATHER1","PEDCOL","BICCOL","MCCOL","TRUCKCOL","ETOH","TIMECAT","MONTH_","CRASHTYP","INVOLVE","PED","PRIMARYRD","SECONDRD","DISTANCE","DIRECT","INTERSECT_","PROCDATE","JURIS","DATE_","TIME_","BADGE","JURIDIST","SHIFT","POP","SPECIAL","BEATTYPE","LAPDDIV","BEATCLAS","BEATNUMB","WEATHER2","STATEHW","CALTRANC","CALTRAND","STROUTE","ROUTESUF","POSTPRE","POSTMILE","LOCATYPE","RAMP","SIDEHW","TOWAWAY","PARTIES","PCF","VIOLCODE","VIOL","VIOLSUB","HITRUN","ROADSURF","RDCOND1","RDCOND2","LIGHTING","RIGHTWAY","CHPRDTYP","NOTPRIV","STFAULT","CHPFAULT","SEVINJ","OTHERINJ","COP","PEDKILL","PEDINJ","BICKILL","BICINJ","MCKILL","MCINJURE","RAMP1","RAMP2","CITY","COUNTY","STATE","X_CHP","Y_CHP"
"5609526",-121.258760828,38.7571153309,2012,"3105","0","5","4","03",0,1,"A",,,,,,2400,5,"C","C","A","EUREKA RD","TAYLOR RD",282,"E","N","2013-09-09",3105,"2012-05-04",2148,"179",,"5","5","0","0",,"0",,"-","N",,0,0,,,0,,,,"Y",2,"A","-",22350,,"N","A","H","-","C","A","0","Y","-","-",0,0,1,0,0,0,0,0,0,"-","-","ROSEVILLE","PLACER","CA",0,0
"5609522",0,0,2012,"3105","0","5","4","08",0,1,"A",,,,,,900,5,"D","C","A","FAIRWAY","PLEASANT GROVE BL",0,,"Y","2013-09-09",3105,"2012-05-04",719,"180",,"5","5","0","0",,"0",,"-","N",,0,0,,,0,,,,"Y",2,"A","-",22101,"D","N","A","H","-","A","A","0","Y","-","-",0,0,1,0,0,0,0,0,0,"-","-","ROSEVILLE","PLACER","CA",0,0
"5608585",0,0,2012,"3105","0","1","4","09",0,1,"A",,,,,,900,5,"D","C","A","WASHINGTON BL","JUNCTION BL",0,,"Y","2014-01-08",3105,"2012-05-07",843,"175",,"5","5","0","0",,"0","004","-","N",,0,0,,,0,,,,"N",2,"A","-",21453,"C","N","A","H","-","A","A","0","Y","-","-",0,0,1,0,0,0,0,0,0,"-","-","ROSEVILLE","PLACER","CA",0,0
"5608386",-121.27611306,38.7294950439,2012,"3105","0","3","4","09",0,1,"B",,,,,,1800,5,"D","C","A","CIRBY WY","SALMON DR",0,,"Y","2013-09-18",3105,"2012-05-02",1521,"369",,"5","5","0","0",,"0",,"-","N",,0,0,,,0,,,,,2,"A","-",21802,"A","N","A","H","-","A","A","0","Y","A","01",0,0,1,0,0,0,0,0,0,"-","-","ROSEVILLE","PLACER","CA",0,0
"5608378",-121.2250431,38.786655161,2012,"3104","0","4","4","10",0,1,"B","Y",,,,,1200,5,"G","B","B","ROCKLIN RD","RT 80",0,,"Y","2014-02-03",3104,"2012-05-03",1000,"257","43","5","4","0","0",,"0","001","-","Y","PLA",3,80,"-","-",5.927,"R","3","W","N",2,"A","-",21950,"A","F","A","H","-","A","A","0","Y","A","08",0,0,1,0,1,0,0,0,0,"-","WO","ROCKLIN","PLACER","CA",0,0
"5607438",-121.07640727,38.904135613,2012,"3101","0","5","4","03",0,1,"A",,,"Y",,,2400,4,"C","C","A","RT 49","ELM AV",0,,"Y","2013-11-12",3101,"2012-04-27",2341,"16","PLACE","5","3","0","0",,"0","001","-","Y","PLA",3,49,"-","-",3.48,"H","-","S","Y",2,"A","-",22350,,"N","A","H","-","C","A","0","Y","C","06",0,0,1,0,0,0,0,0,1,"-","-","AUBURN","PLACER","CA",0,0
"5606148",0,0,2012,"3104","0","3","4","10",0,1,"A","Y",,,,,1500,4,"G","B","D","WOLVERINE WY","LOT N NORTH CURBLINE",10,"N","N","2013-08-29",3104,"2012-04-18",1400,"264","SC","5","4","0","0",,"0","0SC","-","N",,0,0,,,0,,,,"N",2,"A","-",21950,"C","N","A","H","-","A","D","0","Y","A","08",0,0,1,0,1,0,0,0,0,"-","-","ROCKLIN","PLACER","CA",-121.23335,38.7937
"5603589",-121.272173059,38.7295150508,2012,"3105","0","5","3","09",0,2,"A",,,,,,1800,3,"D","C","A","SUNRISE AV","CIRBY WY",0,,"Y","2013-10-11",3105,"2012-03-30",1623,"369",,"5","5","0","0",,"0",,"-","N",,0,0,,,0,,,,"Y",3,"A","-",21453,"C","N","A","H","-","A","A","0","Y","A","01",0,1,1,0,0,0,0,0,0,"-","-","ROSEVILLE","PLACER","CA",0,0
"5602761",-121.172018084,38.7958586253,2012,"3106","0","5","2","01",0,1,"A",,,,,"Y",2400,3,"E","I","A","LAIRD RD","BROOKS LN",109,"N","N","2013-07-25",3100,"2012-03-23",2320,"140",,"5","2","0","0",,"0","PAUL","-","N",,0,0,,,0,,,,"Y",1,"A","-",23152,,"N","A","H","-","D","D","0","Y","A","01",1,0,0,0,0,0,0,0,0,"-","-","LOOMIS","PLACER","CA",0,0
"5602076",-121.209753081,38.7886750193,2012,"3104","0","4","4","12",0,1,"A",,,,,,2100,4,"D","C","A","ROCKLIN RD","HAVENHURST CIR",0,,"Y","2013-08-19",3104,"2012-04-26",1900,"222","52","5","4","0","0",,"0","001","-","N",,0,0,,,0,,,,"Y",2,"A","-",21453,"A","N","A","H","-","A","A","0","Y","A","01",0,0,1,0,0,0,0,0,0,"-","-","ROCKLIN","PLACER","CA",0,0
"5600636",-120.067714681,39.258413058,2012,"3100","3","7","3","01",0,1,"A",,,,,"Y",2100,4,"E","J","A","RT 267","MT WATSON RD",528,"S","N","2014-01-28",9222,"2012-04-15",2035,"18315",,"2","9","0","1",,"1","016","-","Y","PLA",3,267,"-","-",7.01,"H","-","E","Y",1,"A","-",23152,"A","N","A","H","-","D","D","0","Y","A","01",0,1,0,0,0,0,0,0,0,"-","-","UNINCORPORATED","PLACER","CA",-120.06758,39.25838
"5600557",-121.311813122,38.7634649936,2012,"3105","0","5","4","12",0,3,"A",,,,,,1800,4,"D","C","A","FOOTHILL BL","MCANALLY DR",0,,"Y","2013-08-28",3105,"2012-04-27",1740,"1027",,"5","5","0","0",,"0",,"-","N",,0,0,,,0,,,,"Y",2,"A","-",21453,"A","N","A","H","-","A","A","0","Y","-","-",0,0,3,0,0,0,0,0,0,"-","-","ROSEVILLE","PLACER","CA",0,0
"5600553",-121.257129476,38.7443113648,2012,"3105","0","4","4","03",0,1,"A",,,"Y",,,1500,4,"B","C","A","DOUGLAS BL","SIERRA GARDENS DR",600,"E","N","2013-08-27",3105,"2012-04-26",1239,"369",,"5","5","0","0",,"0",,"-","N",,0,0,,,0,,,,"N",3,"A","-",22350,,"N","A","H","-","A","A","0","Y","C","02",0,0,1,0,0,0,0,0,0,"-","-","ROSEVILLE","PLACER","CA",0,0
"5600549",0,0,2012,"3105","0","6","3","01",0,1,"A",,"Y",,,"Y",2100,4,"D","G","A","PUEBLA WY","PUEBLA WY 1342",0,,"Y","2014-01-08",3105,"2012-04-28",1916,"1045",,"5","5","0","0",,"0",,"-","N",,0,0,,,0,,,,"N",2,"A","-",21200,"5","N","A","-","-","B","D","0","Y","L","04",0,1,0,0,0,0,1,0,0,"-","-","ROSEVILLE","PLACER","CA",0,0
"5600545",0,0,2012,"3105","0","1","4","03",0,1,"A",,,,,,900,4,"C","C","A","BLUE OAKS BL","NEW MEADOW DR",0,,"Y","2013-08-27",3105,"2012-04-30",850,"175",,"5","5","0","0",,"0",,"-","N",,0,0,,,0,,,,"N",2,"A","-",22350,,"N","A","-","-","A","A","0","Y","-","-",0,0,1,0,0,0,0,0,0,"-","-","ROSEVILLE","PLACER","CA",0,0
"5600541",-121.247803045,38.7617651078,2012,"3105","0","7","4","12",0,1,"A",,,,,,900,4,"D","C","A","ROSEVILLE PKWY","SECRET RAVINE PKWY",0,,"Y","2013-08-27",3105,"2012-04-29",803,"1046","PLACE","5","5","0","0",,"0","001","-","N",,0,0,,,0,,,,"Y",2,"A","-",21453,"A","N","A","H","-","A","A","0","Y","A","01",0,0,1,0,0,0,0,0,0,"-","-","ROSEVILLE","PLACER","CA",0,0
"5600537",-121.272143108,38.7317550215,2012,"3105","0","6","4","12",0,1,"A",,,,,,2400,4,"D","C","A","SUNRISE AV","MADDEN LN",0,,"Y","2013-09-10",3105,"2012-04-28",2350,"1024",,"5","5","0","0",,"0",,"-","N",,0,0,,,0,,,,"Y",2,"A","-",22450,,"F","A","H","-","C","A","0","Y","-","-",0,0,1,0,0,0,0,0,0,"-","-","ROSEVILLE","PLACER","CA",0,0
"5600497",-121.272083155,38.7364300948,2012,"3105","0","5","4","01",0,2,"A",,,,,"Y",2100,4,"C","C","A","SUNRISE AV","COLOMA RD",122,"S","N","2013-08-28",3105,"2012-04-27",2000,"179",,"5","5","0","0",,"0",,"-","N",,0,0,,,0,,,,"N",2,"A","-",23152,"A","F","A","H","-","C","A","0","Y","-","-",0,0,2,0,0,0,0,0,0,"-","-","ROSEVILLE","PLACER","CA",0,0
"5600489",-121.290443157,38.7220758849,2012,"3105","0","5","4","01",0,1,"A",,,,,"Y",2100,4,"C","D","A","AUBURN BL","WHYTE AV",7,"S","N","2013-08-28",3105,"2012-04-27",1951,"1036",,"5","5","0","0",,"0","003","-","N",,0,0,,,0,,,,"Y",2,"A","-",23152,"A","F","A","H","-","B","D","0","Y","-","-",0,0,1,0,0,0,0,0,0,"-","-","ROSEVILLE","PLACER","CA",0,0
"5600485",-121.251359355,38.7620087334,2012,"3105","0","4","4","03",0,1,"A",,,,,,1800,4,"C","C","A","EAST ROSEVILLE PKWY","NORTH SUNRISE AV",44,"E","N","2013-08-28",3105,"2012-04-26",1748,"154",,"5","5","0","0",,"0","3105","-","N",,0,0,,,0,,,,"Y",2,"A","-",22350,,"N","A","H","-","A","A","0","Y","-","-",0,0,1,0,0,0,0,0,0,"-","-","ROSEVILLE","PLACER","CA",0,0
"5600481",-121.266232999,38.7461630743,2012,"3105","0","5","4","09",0,1,"A",,,,,,2100,4,"-","C","A","NORTH SUNRISE AV","DOUGLAS",720,"N","N","2013-08-28",3105,"2012-04-27",1855,"172",,"5","5","0","0",,"0","002","-","N",,0,0,,,0,,,,"N",2,"A","-",21801,"A","N","A","H","-","A","D","0","Y","-","-",0,0,1,0,0,0,0,0,0,"-","-","ROSEVILLE","PLACER","CA",0,0
"5600171",0,0,2012,"3104","0","7","4","03",0,1,"A",,,,,,2100,4,"C","C","A","SIERRA COLLEGE BL","COMMONS DR",0,,"Y","2013-08-26",3104,"2012-04-29",1814,"263","42","5","4","0","0",,"0","001","-","N",,0,0,,,0,,,,"N",2,"A","-",22350,,"N","A","H","-","A","A","0","Y","D","73",0,0,1,0,0,0,0,0,0,"-","-","ROCKLIN","PLACER","CA",0,0
"5599987",-121.292833124,38.8904850677,2012,"3103","0","1","4","03",0,1,"A",,,,,,600,4,"C","C","A","G ST","MCBEAN PARK DR",0,,"Y","2014-01-08",3103,"2012-04-16",339,"RGISL","L5","5","2","0","0",,"0","0L3","-","N",,0,0,,,0,,,,"Y",2,"A","-",22350,,"N","A","H","-","A","A","0","Y","D","22",0,0,1,0,0,0,0,0,0,"-","-","LINCOLN","PLACER","CA",-121.29401,38.90441
"5598862",0,0,2012,"3100","5","1","2","22",0,1,"B",,,,,,1500,3,"B","I","A","US FOREST SERVICE RD","FORESTHILL RD",50,"S","N","2013-11-04",9220,"2012-03-19",1215,"012612",,"1","9","0","3",,"2","061","-","N",,0,0,,,0,,,,"N",1,"B","-",0,,"N","C","H","-","A","D","0","Y","M","96",1,0,0,0,0,0,0,0,0,"-","-","UNINCORPORATED","PLACER","CA",0,0
"5597309",-121.26941364,38.7440660802,2012,"3105","0","4","4","03",0,1,"C",,,,,,2100,3,"C","C","A","DOUGLAS BL","SUNRISE AV",900,"W","N","2013-08-15",3105,"2012-03-29",1914,"1027",,"5","5","0","0",,"0",,"-","N",,0,0,,,0,,,,"N",2,"A","-",22350,,"N","B","H","-","B","D","0","Y","A","01",0,0,1,0,0,0,0,0,0,"-","-","ROSEVILLE","PLACER","CA",0,0
"5597305",-121.256012511,38.7620277822,2012,"3105","0","1","4","03",0,1,"A",,,,,,900,3,"C","C","A","ROSEVILLE PKWY","TAYLOR RD",40,"W","N","2013-08-15",3105,"2012-03-26",820,"165","3105","5","5","0","0",,"0","001","-","N",,0,0,,,0,,,,"Y",2,"A","-",22350,,"N","A","H","-","A","A","0","Y","-","-",0,0,1,0,0,0,0,0,0,"-","-","ROSEVILLE","PLACER","CA",0,0
"5597244",-121.330063061,38.7687750094,2012,"3105","0","4","4","12",0,2,"B",,,,,,1500,4,"A","C","A","WOODCREEK OAKS BL","PLEASANT GROVE BL",0,,"Y","2013-08-10",3105,"2012-04-12",1419,"140",,"5","5","0","0",,"0","005","-","N",,0,0,,,0,,,,"Y",2,"A","-",21453,"A","N","A","H","-","A","A","0","Y","-","-",0,0,2,0,0,0,0,0,0,"-","-","ROSEVILLE","PLACER","CA",0,0
"5597236",-121.290443039,38.7220949928,2012,"3105","0","5","3","09",0,1,"A",,,,,,1800,4,"D","C","A","AUBURN BL","WHYTE AV",0,,"Y","2013-08-10",3105,"2012-04-20",1519,"154",,"5","5","0","0",,"0","3105","-","N",,0,0,,,0,,,,"N",2,"A","-",21802,"A","N","A","H","-","A","A","0","Y","-","-",0,1,0,0,0,0,0,0,0,"-","-","ROSEVILLE","PLACER","CA",0,0
"5597232",-121.309461768,38.7530767993,2012,"3105","0","5","3","09",0,4,"B",,,,,,2100,4,"D","C","A","FOOTHILLS BL","MAIN ST",460,"N","N","2013-08-10",3105,"2012-04-13",2058,"141",,"5","5","0","0",,"0","005","-","N",,0,0,,,0,,,,"Y",2,"A","-",21804,"A","N","B","H","-","C","D","0","Y","A",,0,1,3,0,0,0,0,0,0,"-","-","ROSEVILLE","PLACER","CA",0,0
"5597228",0,0,2012,"3105","0","1","4","21",0,1,"A",,,,,,1500,4,"C","C","A","PLEASANT GROVE BL","FAIRWAY DR",605,"S","N","2013-08-10",3105,"2012-04-23",1355,"1049","PLACE","5","5","0","0",,"0",,"-","N",,0,0,,,0,,,,"N",2,"A","-",22106,,"N","A","H","-","A","A","0","Y","-","-",0,0,1,0,0,0,0,0,0,"-","-","ROSEVILLE","PLACER","CA",0,0
"5597224",-121.303763027,38.7739250786,2012,"3105","0","5","4","08",0,1,"A",,,,,,1500,4,"D","C","A","PLEASANT GROVE BL","WASHINGTON BL",0,,"Y","2013-08-10",3105,"2012-04-20",1415,"180",,"5","5","0","0",,"0",,"-","N",,0,0,,,0,,,,"Y",2,"A","-",22100,"B","N","A","H","-","A","A","0","Y","-","-",0,0,1,0,0,0,0,0,0,"-","-","ROSEVILLE","PLACER","CA",0,0
"5597220",-121.27952305,38.7439650429,2012,"3105","0","7","4","09",0,2,"A",,,,,,1500,4,"D","C","A","DOUGLAS BL","NEVADA ST",0,,"Y","2013-08-10",3105,"2012-04-22",1440,"189",,"5","5","0","0",,"0","003","-","N",,0,0,,,0,,,,"Y",2,"A","-",21802,"A","N","A","H","-","A","A","0","Y","-","-",0,0,2,0,0,0,0,0,0,"-","-","ROSEVILLE","PLACER","CA",0,0
"5597216",0,0,2012,"3105","0","7","4","03",0,1,"A",,,,,,1800,4,"C","C","A","BLUE OAKS BL","PACKARD DR",300,"E","N","2013-08-10",3105,"2012-04-08",1740,"168",,"5","5","0","0",,"0","005","-","N",,0,0,,,0,,,,"N",2,"A","-",22350,,"N","A","H","-","A","A","0","Y","-","-",0,0,1,0,0,0,0,0,0,"-","-","ROSEVILLE","PLACER","CA",0,0
"5597212",-121.257503093,38.7295650102,2012,"3105","0","4","4","09",0,1,"A",,,,,,900,4,"D","C","A","CIRBY WY","CRESTMONT AV",0,,"Y","2013-08-10",3105,"2012-04-19",747,"78",,"5","5","0","0",,"0","002","-","N",,0,0,,,0,,,,"N",2,"A","-",21801,"A","N","A","H","-","A","A","0","Y","-","-",0,0,1,0,0,0,0,0,0,"-","-","ROSEVILLE","PLACER","CA",0,0
"5596107",-121.358582853,38.7547757938,2012,"3105","0","5","4","03",0,4,"A",,,,,,1800,4,"C","C","A","FIDDYMENT RD","BASELINE RD",1100,"N","N","2013-08-29",3105,"2012-04-27",1726,"369",,"5","5","0","0",,"0",,"-","N",,0,0,,,0,,,,"Y",3,"A","-",22350,,"N","A","H","-","A","A","0","Y","A","01",0,0,4,0,0,0,0,0,0,"-","-","ROSEVILLE","PLACER","CA",0,0
"5596086",-121.355598886,38.947595175,2012,"3100","3","7","4","03",0,3,"A",,,,,,2100,4,"C","C","A","RT 65","NADER LN",1056,"N","N","2014-03-06",9220,"2012-04-15",2018,"14515",,"2","9","0","1",,"1","267","-","Y","PLA",3,65,"-","-",19.13,"H","-","N","Y",3,"A","-",22350,,"N","A","D","-","D","A","5","Y","A","01",0,0,3,0,0,0,0,0,0,"-","-","UNINCORPORATED","PLACER","CA",-121.36434,38.96657
"5595291",-121.153678579,38.944497025,2012,"3100","4","3","4","03",0,1,"C",,,,,,2400,4,"E","I","A","MOUNT VERNON RD","HEATHER LN",37,"E","N","2013-08-29",9220,"2012-04-25",2120,"14515",,"2","9","0","2",,"2","042","-","N",,0,0,,,0,,,,"Y",1,"A","-",22350,,"N","B","H","-","D","D","0","Y","D","22",0,0,1,0,0,0,0,0,0,"-","-","UNINCORPORATED","PLACER","CA",-121.15378,38.94476
"5595283",-121.265951819,38.751629381,2012,"3105","1","6","4","07",0,1,"A",,,,,,1500,4,"C","C","A","RT 80","LEAD HILL BL",35,"E","N","2014-02-11",9220,"2012-04-21",1215,"13846",,"1","5","0","1",,"2","281","-","Y","PLA",3,80,"-","-",2.58,"H","-","W","Y",2,"A","-",21658,"A","N","A","H","-","A","D","1","Y","A","01",0,0,1,0,0,0,0,0,0,"-","-","ROSEVILLE","PLACER","CA",-121.2664,38.75129
"5595282",-120.97609309,39.032745201,2012,"3100","1","5","4","03",0,1,"A",,,,,,1800,4,"C","C","A","RT 80","PAOLI LN",400,"W","N","2014-02-11",9220,"2012-04-20",1640,"14515",,"2","9","0","1",,"2","283","-","Y","PLA",3,80,"-","-",28.496,"R","1","W","N",2,"A","-",22350,,"N","A","H","-","A","D","1","Y","D","22",0,0,1,0,0,0,0,0,0,"-","-","UNINCORPORATED","PLACER","CA",-120.97598,39.03398
"5595187",-120.721008376,39.269300834,2012,"3100","1","4","3","03",0,1,"B",,,,,,1800,4,"F","A","A","RT 80","5000 FOOT MARKER",1000,"W","N","2014-02-11",9221,"2012-04-26",1500,"13139",,"2","9","0","1",,"2","386","F","Y","PLA",3,80,"-","-",51.93,"H","-","W","Y",1,"A","-",22350,,"N","C","H","-","A","D","1","Y","D","22",0,1,0,0,0,0,0,0,0,"-","-","UNINCORPORATED","PLACER","CA",0,0
"5592716",-121.249773101,38.769125158,2012,"3105","1","2","4","03",0,3,"A",,,,,,900,4,"C","C","A","RT 80","RT 65",1000,"N","N","2014-01-28",9220,"2012-04-17",800,"13794",,"1","5","0","1",,"2","281","-","Y","PLA",3,80,"-","-",4.22,"R","2","E","N",2,"A","-",22350,,"N","A","H","-","A","D","1","Y","D","22",0,0,3,0,0,0,0,0,0,"TO","-","ROSEVILLE","PLACER","CA",0,0
"5592715",-121.102735833,38.8721951341,2012,"3100","5","1","4","04",0,1,"B",,,,,,2100,4,"C","C","A","INDIAN HILL RD","HOYER LN",15,"W","N","2013-08-29",9220,"2012-04-16",1815,"13676",,"2","9","0","3",,"2","070","-","N",,0,0,,,0,,,,"N",2,"A","-",21703,,"N","A","H","-","A","D","0","Y","D","22",0,0,1,0,0,0,0,0,0,"-","-","UNINCORPORATED","PLACER","CA",-121.10273,38.87217
"5591803",-121.284733073,38.800395049,2012,"3104","0","1","4","12",0,1,"A",,,,,,2100,4,"D","C","A","BLUE OAK BL","SONORA PASS WY",0,,"Y","2013-08-24",3104,"2012-04-23",1856,"261","10","5","4","0","0",,"0","004","-","N",,0,0,,,0,,,,"Y",2,"A","-",22450,"A","N","A","H","-","A","A","0","Y","A","01",0,0,1,0,0,0,0,0,0,"-","-","ROCKLIN","PLACER","CA",0,0
"5587920",-121.312366991,38.7726151103,2012,"3105","0","4","4","03",0,2,"C",,,,,,1800,4,"C","C","A","PLEASANT GROVE BL","FOOTHILLS BL",150,"E","N","2013-08-26",3105,"2012-04-12",1636,"383",,"5","5","0","0",,"0",,"-","N",,0,0,,,0,,,,"N",2,"A","-",22350,,"N","B","H","-","A","A","0","Y","A","07",0,0,2,0,0,0,0,0,0,"-","-","ROSEVILLE","PLACER","CA",0,0
"5587916",-121.261984626,38.7658405031,2012,"3105","0","5","4","03",0,2,"C",,,,,,1800,4,"C","C","A","ROSEVILLE PKWY","CREEKSIDE RIDGE",528,"E","N","2013-08-27",3105,"2012-04-13",1721,"172",,"5","5","0","0",,"0","001","-","N",,0,0,,,0,,,,"Y",2,"A","-",22350,,"N","B","H","-","A","A","0","Y","-","-",0,0,2,0,0,0,0,0,0,"-","-","ROSEVILLE","PLACER","CA",0,0
"5587912",-121.269493048,38.7699850304,2012,"3105","0","5","4","01",0,1,"B",,,,,"Y",600,4,"E","I","A","EAST ROSEVILLE PKWY","RESERVE DR",0,,"Y","2013-08-26",3105,"2012-04-13",336,"1033",,"5","5","0","0",,"0","R01","C","N",,0,0,,,0,,,,"N",1,"A","-",23152,,"N","B","H","-","C","A","0","Y","-","-",0,0,1,0,0,0,0,0,0,"-","-","ROSEVILLE","PLACER","CA",0,0
"5587908",-121.288313118,38.7783150807,2012,"3105","0","2","3","01",0,2,"A",,,,,"Y",2100,4,"E","I","A","PLEASANT GROVE","ROSEVILLE PKWY",0,,"Y","2013-08-28",3105,"2012-04-10",2033,"191",,"5","5","0","0",,"0","005","-","N",,0,0,,,0,,,,"Y",3,"A","-",23153,"A","N","A","H","-","C","A","0","Y","A","01",0,1,1,0,0,0,0,0,0,"-","-","ROSEVILLE","PLACER","CA",0,0
"5587900",-121.288074196,38.7781321227,2012,"3105","0","1","4","03",0,1,"A",,,,,,1500,4,"C","C","A","ROSEVILLE PKWY","PLEASANT GROVE BL",98,"E","N","2013-08-28",3105,"2012-04-09",1219,"137",,"5","5","0","0",,"0",,"-","N",,0,0,,,0,,,,"Y",2,"A","-",22350,,"N","A","H","-","A","A","0","Y","-","-",0,0,1,0,0,0,0,0,0,"-","-","ROSEVILLE","PLACER","CA",0,0
"5587859",0,0,2012,"3104","0","3","4","09",0,2,"B",,,,,,2100,4,"D","C","A","GRANITE DR","WARREN LN",0,,"Y","2013-08-27",3104,"2012-04-25",1814,"257","43","5","4","0","0",,"0","001","C","N",,0,0,,,0,,,,"Y",2,"A","-",21802,"A","N","B","H","-","A","A","0","Y","A","01",0,0,2,0,0,0,0,0,0,"-","-","ROCKLIN","PLACER","CA",0,0
"5585360",-121.245428211,38.772067399,2012,"3105","1","2","4","03",0,2,"B",,,,,,1800,3,"C","C","A","RT 80","RT 65",1650,"E","N","2013-09-24",9220,"2012-03-27",1550,"11483",,"2","5","0","1",,"2","281","-","Y","PLA",3,80,"-","-",4.47,"H","-","W","Y",2,"A","-",22350,,"N","A","H","-","A","D","1","Y","A","01",0,0,2,0,0,0,0,0,0,"-","-","ROSEVILLE","PLACER","CA",-121.24881,38.77011
"5585356",-121.158680057,38.876245174,2012,"3100","3","2","3","18",0,1,"B",,,,,,2400,3,"E","I","A","RT 193","SUMMER STAR RD",2112,"S","N","2013-10-11",9220,"2012-03-27",2227,"13257",,"3","9","0","1",,"2","293","C","Y","PLA",3,193,"-","-",8.18,"H","-","E","Y",1,"C","-",0,,"N","B","C","-","D","D","0","Y","-","-",0,1,0,0,0,0,0,0,0,"-","-","UNINCORPORATED","PLACER","CA",0,0
"5585286",-121.181777575,38.7847251212,2012,"3106","0","3","4","03",0,1,"-",,,,,,1800,3,"F","A","A","WELLS AV","CASSELL LN",792,"W","N","2013-07-31",3100,"2012-03-21",1644,"140",,"5","2","0","0",,"0",,"-","N",,0,0,,,0,,,,"Y",1,"A","-",22350,,"N","-","-","-","-","-","0","Y","-","-",0,0,1,0,0,0,0,0,0,"-","-","LOOMIS","PLACER","CA",0,0
"5585040",-121.142905312,38.855284128,2012,"3100","1","3","4","03",0,1,"A",,,,,,1500,4,"C","C","A","RT 80","GILARDI RD",325,"E","N","2014-02-11",9220,"2012-04-04",1305,"013846",,"1","9","0","1",,"2","282","-","Y","PLA",3,80,"-","-",12.36,"H","-","W","Y",2,"A","-",22350,,"N","A","H","-","A","D","1","Y","A","01",0,0,1,0,0,0,0,0,0,"-","-","UNINCORPORATED","PLACER","CA",-121.14282,38.85535
"5584971",-121.189203016,38.7440650453,2012,"3100","4","1","4","12",0,1,"A",,,,,,2400,4,"D","C","A","DOUGLAS BL","BARTON RD",0,,"Y","2013-08-16",9220,"2012-04-02",2140,"015517",,"2","9","0","2",,"2","022","-","N",,0,0,,,0,,,,"Y",2,"A","-",21453,"A","N","A","H","-","D","A","0","Y","A","07",0,0,1,0,0,0,0,0,0,"-","-","UNINCORPORATED","PLACER","CA",0,0
"5584801",-121.171407179,38.7317310774,2012,"3100","4","1","3","03",0,1,"A",,,"Y",,,1800,4,"C","C","A","AUBURN FOLSOM RD","BEALS PT",210,"N","N","2013-11-07",9220,"2012-04-02",1735,"015517",,"2","9","0","2",,"2","027","-","N",,0,0,,,0,,,,"Y",2,"A","-",22350,,"N","A","H","-","A","D","0","Y","C","02",0,1,0,0,0,0,0,0,1,"-","-","UNINCORPORATED","PLACER","CA",0,0
"5581070",-121.265929546,38.751293502,2012,"3105","1","7","4","03",0,2,"B",,,,,,1500,3,"C","C","A","RT 80","DOUGLAS BL",3168,"W","N","2013-09-24",9220,"2012-03-11",1200,"10512",,"1","5","0","1",,"2","281","-","Y","PLA",3,80,"-","-",2.58,"H","-","E","Y",2,"A","-",22350,,"N","A","H","-","A","D","1","Y","A","01",0,0,2,0,0,0,0,0,0,"-","-","ROSEVILLE","PLACER","CA",-121.26665,38.74993
"5581066",-121.07145309,38.905645183,2012,"3100","1","2","4","21",0,1,"B",,,,,,1800,3,"C","C","A","RT 80","ELM AV",400,"E","N","2013-09-24",9220,"2012-03-20",1715,"11851",,"2","9","0","1",,"2","283","-","Y","PLA",3,80,"-","-",17.91,"H","-","W","Y",3,"A","-",22106,,"N","A","H","-","A","D","1","Y","A","01",0,0,1,0,0,0,0,0,0,"-","-","UNINCORPORATED","PLACER","CA",0,0
"5580139",-120.721961143,39.268415532,2012,"3100","1","5","4","07",0,1,"A",,,,,,900,3,"F","A","A","RT 80","BLUE CANYON RD",8448,"W","N","2013-09-24",9221,"2012-03-23",801,"19671",,"1","9","0","1",,"2","386","-","Y","PLA",3,80,"-","-",51.76,"H","-","E","Y",1,"A","-",21658,"A","N","A","H","-","A","D","1","Y","A","01",0,0,1,0,0,0,0,0,0,"-","-","UNINCORPORATED","PLACER","CA",-120.72422,39.2676
"5577706",-121.290493158,38.7293176478,2012,"3105","0","2","4","01",0,1,"A",,,,,"Y",2400,4,"C","C","A","RIVERSIDE AV","CIRBY WY",10,"S","N","2013-10-25",3105,"2012-04-24",2105,"1017","3105","5","5","0","0",,"0","003","-","N",,0,0,,,0,,,,"N",2,"A","-",23152,"A","F","A","H","-","C","A","0","Y","I","11",0,0,1,0,0,0,0,0,0,"-","-","ROSEVILLE","PLACER","CA",0,0
"5577698",-121.265771889,38.7592130135,2012,"3105","0","5","4","03",0,1,"A",,,,,,1500,4,"C","C","A","HARDING BL","BERRY ST",70,"S","N","2013-08-21",3105,"2012-04-20",1231,"369",,"5","5","0","0",,"0",,"-","N",,0,0,,,0,,,,"Y",2,"A","-",22350,,"N","A","H","-","A","A","0","Y","A","08",0,0,1,0,0,0,0,0,0,"-","-","ROSEVILLE","PLACER","CA",0,0