"CASEID","POINT_X","POINT_Y","YEAR_","LOCATION","CHPTYPE","DAYWEEK","CRASHSEV","VIOLCAT","KILLED","INJURED","WEATHER1","PEDCOL","BICCOL","MCCOL","TRUCKCOL","ETOH","TIMECAT","MONTH_","CRASHTYP","INVOLVE","PED","PRIMARYRD","SECONDRD","DISTANCE","DIRECT","INTERSECT_","PROCDATE","JURIS","DATE_","TIME_","BADGE","JURIDIST","SHIFT","POP","SPECIAL","BEATTYPE","LAPDDIV","BEATCLAS","BEATNUMB","WEATHER2","STATEHW","CALTRANC","CALTRAND","STROUTE","ROUTESUF","POSTPRE","POSTMILE","LOCATYPE","RAMP","SIDEHW","TOWAWAY","PARTIES","PCF","VIOLCODE","VIOL","VIOLSUB","HITRUN","ROADSURF","RDCOND1","RDCOND2","LIGHTING","RIGHTWAY","CHPRDTYP","NOTPRIV","STFAULT","CHPFAULT","SEVINJ","OTHERINJ","COP","PEDKILL","PEDINJ","BICKILL","BICINJ","MCKILL","MCINJURE","RAMP1","RAMP2","CITY","COUNTY","STATE","X_CHP","Y_CHP"
"5577694",-121.257767541,38.7443201052,2012,"3105","0","3","4","03",0,1,"B",,,,,,1500,4,"C","C","A","DOUGLAS BL","SIERRA GARDENS",418,"E","N","2014-01-08",3105,"2012-04-18",1235,"398",,"5","5","0","0",,"0",,"-","N",,0,0,,,0,,,,"N",3,"A","-",22350,,"N","A","H","-","A","D","0","Y","D","22",0,0,1,0,0,0,0,0,0,"-","-","ROSEVILLE","PLACER","CA",0,0
"5576939",-121.222354871,38.7302338412,2012,"3105","0","1","2","17",0,1,"B",,,,,,2400,3,"E","I","A","EAST ROSEVILLE PKWY","HILLSBOROUGH DR",156,"E","N","2013-08-03",3105,"2012-03-26",2315,"1038",,"5","5","0","0",,"0","002","-","N",,0,0,,,0,,,,"N",1,"A","-",21663,,"N","A","H","-","C","D","0","Y","-","-",1,0,0,0,0,0,0,0,0,"-","-","ROSEVILLE","PLACER","CA",0,0
"5576879",-121.077651513,38.9699713006,2012,"3100","5","1","3","08",0,1,"A",,,,,,1200,1,"E","I","A","BLACK OAK RD","RANGE CT",1584,"N","N","2013-06-24",9220,"2012-01-16",1010,"13233",,"1","9","0","3",,"2","050","-","N",,0,0,,,0,,,,"Y",1,"A","-",22107,,"M","A","H","-","A","D","0","Y","A","07",0,1,0,0,0,0,0,0,0,"-","-","UNINCORPORATED","PLACER","CA",-121.07463,38.97021
"5576799",-120.846881856,39.185303891,2012,"3100","1","5","2","07",0,2,"A",,,,,,2100,2,"C","C","A","RT 80","SAWMILL",522,"E","N","2013-09-18",9221,"2012-02-24",1915,"11614","221","2","9","0","1",,"2","385","-","Y","PLA",3,80,"-","-",42.31,"H","-","E","Y",2,"A","-",21658,"A","F","A","H","-","D","D","1","Y","A","01",1,0,1,0,0,0,0,0,0,"-","-","UNINCORPORATED","PLACER","CA",-120.04662,39.18541
"5576431",-121.3287438,38.7951828876,2012,"3105","0","2","3","07",0,1,"A",,,,,,1200,4,"B","C","A","WOODCREEK OAKS","BLUE OAKS",70,"S","N","2013-08-29",3105,"2012-04-17",900,"1016",,"5","5","0","0",,"0",,"-","N",,0,0,,,0,,,,"N",2,"A","-",21658,"A","N","A","H","-","A","D","0","Y","-","-",0,1,0,0,0,0,0,0,0,"-","-","ROSEVILLE","PLACER","CA",0,0
"5576427",-121.271853104,38.7468750817,2012,"3105","0","4","3","03",0,2,"C",,,,,,2100,4,"A","C","A","HARDING BL","ESTATES DR",0,,"Y","2013-08-29",3105,"2012-04-12",1807,"369",,"5","5","0","0",,"0",,"-","N",,0,0,,,0,,,,"Y",4,"A","-",22350,,"N","B","H","-","A","A","0","Y","A","01",0,2,0,0,0,0,0,0,0,"-","-","ROSEVILLE","PLACER","CA",0,0
"5576423",0,0,2012,"3105","0","5","4","09",0,1,"C",,,,,,1800,4,"D","C","A","FAIRWAY DR","MONTROSE AV",0,,"Y","2013-08-29",3105,"2012-04-13",1558,"369",,"5","5","0","0",,"0",,"-","N",,0,0,,,0,,,,"Y",2,"A","-",21801,"A","N","B","H","-","A","A","0","Y","A","01",0,0,1,0,0,0,0,0,0,"-","-","ROSEVILLE","PLACER","CA",0,0
"5576419",-121.25624248,38.7442999856,2012,"3105","0","5","3","03",0,2,"B",,,,,,1200,4,"C","C","A","DOUGLAS BL","SIERRA GARDENS",853,"E","N","2013-08-29",3105,"2012-04-13",1149,"177",,"5","5","0","0",,"0",,"-","N",,0,0,,,0,,,,"Y",3,"A","-",22350,,"N","B","H","-","A","A","0","Y","-","-",0,1,1,0,0,0,0,0,0,"-","-","ROSEVILLE","PLACER","CA",0,0
"5576415",0,0,2012,"3105","0","5","4","03",0,1,"B",,,,,"Y",1800,4,"C","C","A","PLEASANT GROVE BL","ELMWOOD DR",136,"W","N","2014-02-25",3105,"2012-04-13",1504,"133",,"5","5","0","0",,"0",,"-","N",,0,0,,,0,,,,"Y",4,"A","-",22350,,"N","A","H","-","A","A","0","Y","-","-",0,0,1,0,0,0,0,0,0,"-","-","ROSEVILLE","PLACER","CA",0,0
"5576302",-121.309546747,38.7535103878,2012,"3105","0","4","4","03",0,1,"B",,,,,,1800,3,"C","C","A","FOOTHILLS BL","BASELINE RD",620,"N","N","2013-08-09",3105,"2012-03-22",1749,"369",,"5","5","0","0",,"0",,"-","N",,0,0,,,0,,,,"N",2,"A","-",22350,,"N","A","H","-","A","D","0","Y","A","01",0,0,1,0,0,0,0,0,0,"-","-","ROSEVILLE","PLACER","CA",0,0
"5575898",-121.242153072,38.7813650723,2012,"3104","0","2","4","09",0,1,"A",,,,,,1200,4,"A","C","A","PACIFIC ST","SUNSET BL",0,,"Y","2013-10-23",3104,"2012-04-17",935,"532","46","5","4","0","0",,"0","002","-","N",,0,0,,,0,,,,"Y",2,"A","-",21453,"C","N","A","H","-","A","A","0","Y","A","01",0,0,1,0,0,0,0,0,0,"-","-","ROCKLIN","PLACER","CA",0,0
"5575862",-121.312893117,38.7726150869,2012,"3105","0","3","3","00",0,3,"A",,,,,,1200,3,"D","C","A","PLEASANT GROVE BL","FOOTHILLS BL",0,,"Y","2013-08-05",3105,"2012-03-21",1000,"369",,"5","5","0","0",,"0",,"-","N",,0,0,,,0,,,,"Y",2,"D","-",0,,"N","A","H","-","A","A","0","Y","-","-",0,1,2,0,0,0,0,0,0,"-","-","ROSEVILLE","PLACER","CA",0,0
"5574790",-121.276693041,38.7439951042,2012,"3105","0","2","4","12",0,1,"A",,,,,,1500,4,"D","C","A","DOUGLAS BL","FOLSOM RD",0,,"Y","2013-08-20",3105,"2012-04-03",1254,"369",,"5","5","0","0",,"0",,"-","N",,0,0,,,0,,,,"Y",2,"A","-",21453,"A","N","A","H","-","A","A","0","Y","A","07",0,0,1,0,0,0,0,0,0,"-","-","ROSEVILLE","PLACER","CA",0,0
"5574756",-120.104035775,39.279639265,2012,"3100","3","7","4","01",0,2,"A",,,,,"Y",2100,4,"E","I","A","RT 267","HIGHLANDS VIEW RD",1584,"S","N","2014-01-22",9222,"2012-04-01",1850,"018315",,"2","9","0","1",,"1","016","-","Y","PLA",3,267,"-","-",4.28,"H","-","E","Y",1,"A","-",23152,"A","N","A","H","-","A","D","0","Y","A","01",0,0,2,0,0,0,0,0,0,"-","-","UNINCORPORATED","PLACER","CA",-120.09946,39.27288
"5574738",-121.30922304,38.7438150895,2012,"3105","0","7","4","-",0,1,"A",,,,,,1500,4,"D","C","A","VINEYARD DR","FOOTHILLS BL",0,,"-","2013-08-20",3105,"2012-04-01",1230,,,"5","5","0","0",,"0",,"-","N",,0,0,,,0,,,,"Y",2,"-","-",0,,"N","A","-","-","A","-","0","Y","-","-",0,0,1,0,0,0,0,0,0,"-","-","ROSEVILLE","PLACER","CA",0,0
"5574734",-121.282430054,38.729445109,2012,"3105","0","7","4","01",0,2,"A",,,,,"Y",300,4,"C","C","A","CIRBY WY","ORLANDO AV",18,"E","N","2013-08-20",3105,"2012-04-01",234,"1035","PLACE","5","5","0","0",,"0",,"-","N",,0,0,,,0,,,,"N",2,"A","-",23153,"A","N","A","H","-","C","A","0","Y","-","-",0,0,2,0,0,0,0,0,0,"-","-","ROSEVILLE","PLACER","CA",0,0
"5574730",-121.280999523,38.78510609,2012,"3105","0","1","4","03",0,2,"A",,,,,,1800,4,"C","C","A","PLEASANT GROVE BL","RT 65",324,"W","N","2013-12-11",3105,"2012-04-02",1734,"1015",,"5","5","0","0",,"0","005","-","Y","PLA",3,65,"-","R",6.851,"R","4","N","Y",4,"A","-",22350,,"N","A","H","-","A","D","0","Y","-","-",0,0,2,0,0,0,0,0,0,"-","NF","ROSEVILLE","PLACER","CA",0,0
"5574726",-121.262911063,38.7713839195,2012,"3105","0","2","4","09",0,1,"A",,,,,,1500,4,"D","C","A","ANTELOPE CREEK DR","CREEKSIDE RIDGE DR",440,"W","N","2013-08-20",3105,"2012-04-03",1423,"369",,"5","5","0","0",,"0",,"-","N",,0,0,,,0,,,,"N",2,"A","-",21804,"A","N","A","H","-","A","A","0","Y","A","08",0,0,1,0,0,0,0,0,0,"-","-","ROSEVILLE","PLACER","CA",0,0
"5564612",-121.300314272,38.821547675,2012,"3105","3","6","4","08",0,1,"B",,,,,,2100,3,"E","I","A","RT 65","SUNSET BL",1400,"N","N","2013-09-23",9220,"2012-03-17",1815,"12829",,"2","5","0","1",,"1","265","C","Y","PLA",3,65,"-","R",9.86,"H","-","S","Y",1,"A","-",22107,,"N","B","H","-","A","D","0","Y","A","01",0,0,1,0,0,0,0,0,0,"-","-","ROSEVILLE","PLACER","CA",-121.3004,38.82155
"5564608",-121.271740724,38.742705121,2012,"3100","1","7","4","03",0,1,"B",,,,,,2100,3,"D","C","A","RT 80","DOUGLAS BL",1,"E","N","2013-09-24",9220,"2012-03-18",1800,"13676",,"2","9","0","1",,"2","281","-","Y","PLA",3,80,"-","-",1.98,"H","-","W","Y",2,"A","-",22350,,"N","B","H","-","A","D","1","Y","A","01",0,0,1,0,0,0,0,0,0,"-","-","UNINCORPORATED","PLACER","CA",-121.27101,38.74423
"5564604",-121.292014433,38.790799373,2012,"3105","3","1","2","08",0,1,"B",,,,,,300,3,"E","I","A","RT 65","BLUE OAK BL",200,"S","N","2013-09-23",9220,"2012-03-19",145,"13257",,"3","5","0","1",,"1","265","C","Y","PLA",3,65,"-","R",7.876,"R","2","N","Y",1,"A","-",22107,,"N","B","H","-","C","D","1","Y","A","01",1,0,0,0,0,0,0,0,0,"WF","-","ROSEVILLE","PLACER","CA",-121.298,38.79698
"5564600",-121.264553102,38.753775155,2012,"3105","1","5","4","03",0,1,"B",,,,,,1800,3,"E","I","A","RT 80","ATLANTIC ST",178,"W","N","2013-09-24",9220,"2012-03-16",1620,"11158",,"2","5","0","1",,"2","281","C","Y","PLA",3,80,"-","-",2.811,"R","2","W","Y",1,"A","-",22350,,"N","B","H","-","A","D","1","Y","A","01",0,0,1,0,0,0,0,0,0,"-","-","ROSEVILLE","PLACER","CA",-121.26404,38.75774
"5564596",-121.170641037,38.7433562784,2012,"3100","4","3","3","05",0,1,"B",,"Y",,,,2100,3,"B","G","A","AUBURN FOLSOM RD","DOUGLAS BL",36,"S","N","2013-09-24",9220,"2012-03-14",2015,"13676",,"2","9","0","2",,"2","027","C","N",,0,0,,,0,,,,"N",2,"A","-",21650,"1","N","B","H","-","C","A","0","Y","L","04",0,1,0,0,0,0,1,0,0,"-","-","UNINCORPORATED","PLACER","CA",-121.17091,38.74301
"5564592",-121.100499475,38.951772366,2012,"3100","3","3","3","09",0,1,"C",,,,,,1200,3,"D","C","A","RT 49","SHALE RIDGE RD",500,"S","N","2013-09-25",9220,"2012-03-14",1120,"16654",,"1","9","0","1",,"1","249","-","Y","PLA",3,49,"-","-",7.07,"H","-","S","Y",2,"A","-",21801,"A","N","B","H","-","A","D","0","Y","A","01",0,1,0,0,0,0,0,0,0,"-","-","UNINCORPORATED","PLACER","CA",-121.10059,38.95211
"5564588",-121.17057506,38.7367915361,2012,"3100","4","4","4","03",0,3,"B",,,,,,900,3,"C","C","A","AUBURN FOLSOM RD","EUREKA RD",250,"N","N","2013-07-27",9220,"2012-03-15",715,"13846",,"1","9","0","2",,"2","027","C","N",,0,0,,,0,,,,"Y",2,"A","-",22350,,"N","B","H","-","A","A","0","Y","A","01",0,0,3,0,0,0,0,0,0,"-","-","UNINCORPORATED","PLACER","CA",-121.17051,38.73724
"5564584",-121.156130675,38.768128946,2012,"3100","4","4","3","05",0,2,"B",,,,,,1800,3,"A","C","A","AUBURN FOLSOM RD","TWIN ROCKS RD",300,"N","N","2013-07-27",9220,"2012-03-15",1650,"15060",,"2","9","0","2",,"2","027","-","N",,0,0,,,0,,,,"Y",2,"A","-",21460,"A","N","B","H","-","A","D","0","Y","A","01",0,2,0,0,0,0,0,0,0,"-","-","UNINCORPORATED","PLACER","CA",-121.15645,38.76773
"5564580",-121.157947572,38.876290672,2012,"3100","3","2","4","01",0,1,"A",,,,,"Y",2400,3,"E","I","A","RT 193","SUMMER STAR WY",1056,"E","N","2013-09-26",9220,"2012-03-20",2320,"14343",,"3","9","0","1",,"2","193","-","Y","PLA",3,193,"-","-",8.22,"H","-","E","Y",1,"A","-",23152,"A","N","A","H","-","D","D","0","Y","A","01",0,0,1,0,0,0,0,0,0,"-","-","UNINCORPORATED","PLACER","CA",0,0
"5564576",-121.30035266,38.81663515,2012,"3100","3","2","3","03",0,2,"B",,,,,,1500,3,"C","C","A","RT 65","SUNSET BL",250,"S","N","2013-09-23",9220,"2012-03-20",1430,"11851",,"2","9","0","1",,"1","265","-","Y","PLA",3,65,"-","R",9.54,"H","-","S","Y",2,"A","-",22350,,"N","A","H","-","A","D","5","Y","A","01",0,2,0,0,0,0,0,0,0,"-","-","UNINCORPORATED","PLACER","CA",0,0
"5564572",-121.216579221,38.729355114,2012,"3100","5","5","4","06",0,1,"A",,"Y",,,,900,3,"C","G","A","EAST ROSEVILLE PKWY","WELLINGTON WY",528,"W","N","2013-07-27",9220,"2012-03-23",729,"18122",,"1","9","0","3",,"2","020","-","N",,0,0,,,0,,,,"N",2,"A","-",21755,,"N","A","H","-","A","D","0","Y","A","01",0,0,1,0,0,0,1,0,0,"-","-","UNINCORPORATED","PLACER","CA",-121.21632,38.72928
"5564571",-121.086613095,38.927345184,2012,"3100","3","5","2","09",0,2,"A",,,,,,1200,3,"A","C","A","RT 49","LUTHER RD",0,,"Y","2013-09-25",9220,"2012-03-09",935,"15343",,"1","9","0","1",,"1","249","-","Y","PLA",3,49,"-","-",5.21,"I","5","N","Y",2,"A","-",21453,"C","N","A","H","-","A","A","0","Y","A","01",1,0,1,0,0,0,0,0,0,"-","-","UNINCORPORATED","PLACER","CA",0,0
"5564568",-121.06243309,38.916445184,2012,"3100","4","3","4","12",0,1,"A",,,,,,1800,3,"D","C","A","LINCOLN WY","RT 80",0,,"Y","2013-09-27",9220,"2012-03-21",1750,"12743",,"2","9","0","2",,"2","053","-","Y","PLA",3,80,"-","R",18.943,"R","4","E","Y",2,"A","-",22450,"A","N","A","H","-","A","A","1","Y","A","07",0,0,1,0,0,0,0,0,0,"-","EF","UNINCORPORATED","PLACER","CA",-121.06033,38.91749
"5564567",-121.222873531,38.8637563683,2012,"3100","4","5","3","03",0,2,"B",,,,,,1800,3,"A","C","A","SIERRA COLLEGE BL","CAPERTON CT",75,"W","N","2013-07-27",9220,"2012-03-16",1742,"12829",,"2","9","0","2",,"2","021","C","N",,0,0,,,0,,,,"Y",2,"A","-",22350,,"N","B","H","-","A","A","0","Y","A","01",0,1,1,0,0,0,0,0,0,"-","-","UNINCORPORATED","PLACER","CA",0,0
"5564371",-121.311212579,38.8864523191,2012,"3103","0","5","3","09",0,1,"A",,"Y",,,,1500,3,"H","G","A","1ST ST","JOINER PKWY",654,"E","N","2013-07-20",3103,"2012-03-09",1450,"TRAYB","L3","5","2","0","0",,"0","0L1","-","N",,0,0,,,0,,,,"N",2,"A","-",21804,"A","N","A","H","-","A","A","0","Y","L","04",0,1,0,0,0,0,1,0,0,"-","-","LINCOLN","PLACER","CA",0,0
"5564367",-121.314113176,38.8826951086,2012,"3103","0","6","3","12",0,1,"B","Y",,,,,900,3,"G","B","D","JOINER PKWY","MOORE RD",0,,"Y","2013-07-20",3103,"2012-03-31",712,"JHENS","L9","5","2","0","0",,"0","0L2","-","N",,0,0,,,0,,,,"N",2,"A","-",22450,"A","N","A","H","-","A","A","0","Y","A","01",0,1,0,0,1,0,0,0,0,"-","-","LINCOLN","PLACER","CA",-121.31414,38.88273
"5562397",-120.978234814,39.023980442,2012,"3100","1","1","3","08",0,1,"A",,,,,,1200,4,"E","I","A","RT 80","PAOLI LN",3960,"W","N","2014-02-11",9220,"2012-04-09",1123,"18122",,"1","9","0","1",,"2","283","-","Y","PLA",3,80,"-","-",27.84,"H","-","W","N",1,"A","-",22107,,"N","A","H","-","A","D","1","Y","A","01",0,1,0,0,0,0,0,0,0,"-","-","UNINCORPORATED","PLACER","CA",-121.97989,39.02122
"5562393",-121.088276192,38.890363536,2012,"3100","1","5","2","08",0,4,"A",,,,,,2400,4,"F","A","A","RT 80","OPHIR RD",2112,"W","N","2014-02-11",9220,"2012-04-06",2355,"16668",,"3","9","0","1",,"2","282","-","Y","PLA",3,80,"-","-",16.45,"H","-","W","Y",1,"A","-",22107,,"N","A","H","-","D","D","1","Y","A","07",1,0,3,0,0,0,0,0,0,"-","-","UNINCORPORATED","PLACER","CA",0,0
"5562389",-121.097243203,38.942108775,2012,"3100","3","4","4","12",0,2,"B",,,,,,2400,4,"D","C","A","RT 49","BELL RD",0,,"Y","2013-11-12",9220,"2012-04-12",2120,"111483",,"2","9","0","1",,"1","249","C","Y","PLA",3,49,"-","-",6.38,"I","5","S","Y",2,"A","-",21453,"A","N","B","H","-","C","A","0","Y","A","01",0,0,2,0,0,0,0,0,0,"-","-","UNINCORPORATED","PLACER","CA",-121.09722,38.94185
"5562385",-121.377153153,38.8972350237,2012,"3100","5","4","2","09",0,4,"B",,,,,,900,4,"D","C","A","DOWD RD","NICOLAUS RD",0,,"Y","2013-08-24",9220,"2012-04-12",851,"13846",,"1","9","0","3",,"2","030","-","N",,0,0,,,0,,,,"Y",2,"A","-",21802,"A","N","A","H","-","A","A","0","Y","A","07",1,0,3,0,0,0,0,0,0,"-","-","UNINCORPORATED","PLACER","CA",-121.37612,38.89773
"5562333",-121.080459498,38.8683666056,2012,"3100","5","5","4","01",0,1,"A",,,,,"Y",2400,4,"E","I","A","SHIRLAND TRACT RD","CROCKETT RD",110,"N","N","2013-08-24",9220,"2012-04-06",2330,"16654",,"3","9","0","3",,"2","070","-","N",,0,0,,,0,,,,"Y",1,"A","-",23152,"A","N","A","H","-","D","D","0","Y","A","01",0,0,1,0,0,0,0,0,0,"-","-","UNINCORPORATED","PLACER","CA",-121.09754,38.85444
"5562329",-121.247202349,38.771196764,2012,"3105","3","4","4","03",0,1,"B",,,,,,1800,4,"C","C","A","RT 65","RT 80",300,"N","N","2014-02-11",9220,"2012-04-05",1725,"13868",,"2","5","0","1",,"1","265","-","Y","PLA",3,65,"-","R",4.95,"H","-","N","Y",2,"A","-",22350,,"N","A","H","-","A","D","1","Y","A","01",0,0,1,0,0,0,0,0,0,"-","-","ROSEVILLE","PLACER","CA",0,0
"5562325",-121.242602209,38.773828159,2012,"3104","1","5","4","03",0,1,"C",,,,,,1800,4,"C","C","A","RT 80","RT 65",2640,"E","N","2014-02-11",9220,"2012-04-13",1540,"11483",,"2","4","0","1",,"2","282","F","Y","PLA",3,80,"-","-",4.66,"H","-","W","Y",3,"A","-",22350,,"N","B","H","-","A","D","1","Y","A","01",0,0,1,0,0,0,0,0,0,"-","-","ROCKLIN","PLACER","CA",-121.24377,38.7732
"5562321",-121.20099552,38.8569207911,2012,"3100","5","1","4","01",0,1,"B",,,,,,1800,4,"E","I","A","BUTLER RD","ENGLISH COLONY WY",1024,"N","N","2013-08-24",9220,"2012-04-09",1655,"13676",,"2","9","0","3",,"2","070","-","N",,0,0,,,0,,,,"Y",1,"A","-",23152,"A","N","A","H","-","A","D","0","Y","A","01",0,0,1,0,0,0,0,0,0,"-","-","UNINCORPORATED","PLACER","CA",-121.20097,38.85687
"5562158",-121.292383092,38.8171450444,2012,"3104","0","1","4","12",0,2,"B",,,,,,900,3,"D","C","A","SUNSET BL","ATHERTON RD",0,,"Y","2013-10-11",3104,"2012-03-19",826,"562","9","5","4","0","0",,"0","004","-","N",,0,0,,,0,,,,"Y",2,"A","-",21453,"A","N","A","H","-","A","A","0","Y","A","07",0,0,2,0,0,0,0,0,0,"-","-","ROCKLIN","PLACER","CA",-121.29204,38.8173
"5562065",-121.247692494,38.770442188,2012,"3100","1","1","4","03",0,1,"A",,,,,,900,4,"C","C","A","RT 80","RT 65",1056,"E","N","2014-02-11",9220,"2012-04-09",805,"010512",,"1","9","0","1",,"2","281","-","Y","PLA",3,80,"-","-",4.36,"H","-","E","Y",2,"A","-",22350,,"N","A","H","-","A","D","1","Y","D","22",0,0,1,0,0,0,0,0,0,"-","-","UNINCORPORATED","PLACER","CA",-121.24055,38.77542
"5562057",-121.129299833,38.877111176,2012,"3100","1","1","3","18",0,1,"A",,,,,,600,4,"H","H","A","RT 80","NEWCASTLE RD",1584,"E","N","2014-02-11",9220,"2012-04-09",335,"015385",,"3","9","0","1",,"2","282","-","Y","PLA",3,80,"-","-",14.11,"H","-","W","Y",1,"C","-",0,,"N","A","H","-","D","D","1","Y","-","-",0,1,0,0,0,0,0,0,0,"-","-","UNINCORPORATED","PLACER","CA",-121.13026,38.8763
"5562037",-121.249902876,38.769047293,2012,"3105","1","5","4","03",0,1,"A",,,,,,1800,4,"C","C","A","RT 80","RT 65",75,"E","N","2014-02-11",9220,"2012-04-06",1750,"011483",,"2","5","0","1",,"2","281","-","Y","PLA",3,80,"-","-",4.21,"H","-","E","N",3,"A","-",22350,,"N","A","H","-","A","D","1","Y","A","01",0,0,1,0,0,0,0,0,0,"-","-","ROSEVILLE","PLACER","CA",-121.24857,38.76987
"5561457",-121.299173107,38.8891750768,2012,"3103","0","6","4","01",0,1,"C",,,,,"Y",2400,3,"E","I","A","L ST","3RD ST",0,,"Y","2013-10-14",3103,"2012-03-17",2300,"WCOLL","L3","5","2","0","0",,"0","0L1","-","N",,0,0,,,0,,,,"Y",1,"A","-",23152,"A","N","B","H","-","C","A","0","Y","A","01",0,0,1,0,0,0,0,0,0,"-","-","LINCOLN","PLACER","CA",-121.29908,38.8907
"5561453",-121.292833178,38.8876244589,2012,"3103","0","3","4","03",0,1,"B",,,,,,1500,3,"C","C","A","G ST","2ND ST",84,"S","N","2013-12-10",3103,"2012-03-28",1453,"MALVE","L5","5","2","0","0",,"0","0L3","-","N",,0,0,,,0,,,,"N",3,"A","-",22350,,"N","A","H","-","A","A","0","Y","A","01",0,0,1,0,0,0,0,0,0,"-","-","LINCOLN","PLACER","CA",0,0
"5561445",0,0,2012,"3103","0","1","4","03",0,1,"A",,,,,,1800,3,"C","C","A","FERRARI RANCH RD","CALADON CIR",18,"E","N","2013-10-14",3103,"2012-03-05",1618,"DNICH","L4","5","2","0","0",,"0","0L2","-","N",,0,0,,,0,,,,"N",2,"A","-",22350,,"N","A","H","-","A","A","0","Y","A","01",0,0,1,0,0,0,0,0,0,"-","-","LINCOLN","PLACER","CA",-121.25342,38.87165
"5561441",-121.301959384,38.8973020776,2012,"3103","0","4","4","03",0,1,"B",,,,,,2500,3,"C","C","A","9TH ST","O ST",300,"E","N","2013-10-14",3103,"2012-03-01",2500,"TRAYB","L3","5","2","0","0",,"0","0L1","-","N",,0,0,,,0,,,,"Y",3,"A","-",22350,,"N","A","H","-","A","A","0","Y","A","01",0,0,1,0,0,0,0,0,0,"-","-","LINCOLN","PLACER","CA",0,0
"5560219",0,0,2012,"3100","4","7","4","03",0,1,"A",,,,,,1800,3,"C","C","A","SIERRA COLLEGE BL","GRANITE BAY BUSSINESS PKWY",10,"S","N","2013-08-03",9220,"2012-03-25",1728,"16954",,"2","9","0","2",,"2","021","-","N",,0,0,,,0,,,,"N",2,"A","-",22350,,"N","A","H","-","A","A","0","Y","D","22",0,0,1,0,0,0,0,0,0,"-","-","UNINCORPORATED","PLACER","CA",-121.22589,38.74121
"5560206",-121.185061788,38.819992506,2012,"3106","1","5","3","03",0,1,"B",,,,"Y",,600,3,"C","C","A","RT 80","HORSESHOE BAR RD",1500,"E","N","2013-09-24",9220,"2012-03-30",539,"15239",,"3","2","0","1",,"2","282","-","Y","PLA",3,80,"-","-",9,"H","-","E","Y",5,"A","-",22350,,"N","A","H","-","D","D","1","Y","G","25",0,1,0,0,0,0,0,0,0,"-","-","LOOMIS","PLACER","CA",-121.18419,38.82061
"5560187",-121.223472294,38.787954649,2012,"3104","1","7","3","03",0,1,"B",,,,,,600,3,"E","I","A","RT 80","ROCKLIN RD",240,"W","N","2013-09-24",9220,"2012-03-25",433,"14282",,"3","4","0","1",,"2","281","C","Y","PLA",3,80,"-","-",6.01,"H","-","W","Y",1,"A","-",22350,,"N","B","H","-","D","D","1","Y","D","22",0,1,0,0,0,0,0,0,0,"-","-","ROCKLIN","PLACER","CA",-121.22442,38.78755
"5560174",-121.274766239,38.781826726,2012,"3105","3","3","3","08",0,1,"B",,,,,,1200,3,"E","I","A","RT 65","PLEASANT GROVE BL",3168,"S","N","2013-09-23",9220,"2012-03-28",1000,"010512",,"1","5","0","1",,"1","265","-","Y","PLA",3,65,"-","R",6.5,"H","-","S","Y",2,"A","-",22107,,"N","B","H","-","A","D","1","Y","D","22",0,1,0,0,0,0,0,0,0,"-","-","ROSEVILLE","PLACER","CA",-121.27708,38.78301
"5559986",-120.79133406,39.206807484,2012,"3100","1","6","4","03",0,1,"C",,,,,,1200,3,"E","I","A","RT 80","CRYSTAL SPRINGS",1600,"W","N","2013-09-24",9221,"2012-03-31",1050,"11614","221","1","9","0","1",,"2","385","-","Y","PLA",3,80,"-","-",46.01,"H","-","W","Y",1,"A","-",22350,,"N","B","H","-","A","D","1","Y","A","01",0,0,1,0,0,0,0,0,0,"-","-","UNINCORPORATED","PLACER","CA",0,0
"5558374",-121.272135207,38.7256034097,2012,"3105","0","4","4","03",0,1,"B",,,,,,1500,3,"C","C","A","SUNRISE AV","SUN TREE DR",576,"S","N","2013-07-29",3105,"2012-03-29",1300,"78",,"5","5","0","0",,"0","003","-","N",,0,0,,,0,,,,"N",3,"A","-",22350,,"N","A","H","-","A","A","0","Y","A","01",0,0,1,0,0,0,0,0,0,"-","-","ROSEVILLE","PLACER","CA",0,0
"5558370",0,0,2012,"3105","0","2","4","09",0,2,"B",,,,,,900,3,"D","C","A","CIRBY WY","COTTONWOOD DR",128,"S","N","2013-07-27",3105,"2012-03-27",743,"336",,"5","5","0","0",,"0","003","-","N",,0,0,,,0,,,,"Y",2,"A","-",21804,"A","N","A","H","-","A","D","0","Y","A","07",0,0,2,0,0,0,0,0,0,"-","-","ROSEVILLE","PLACER","CA",0,0
"5558366",0,0,2012,"3105","0","3","3","03",0,2,"C",,,,,,900,3,"E","I","A","FOOTHILLS BL","DENIO LOOP",70,"S","N","2013-07-27",3105,"2012-03-28",713,"177","RSVL","5","5","0","0",,"0",,"-","N",,0,0,,,0,,,,"N",1,"A","-",22350,,"N","B","H","-","A","A","0","Y","-","-",0,1,1,0,0,0,0,0,0,"-","-","ROSEVILLE","PLACER","CA",0,0