"CASEID","POINT_X","POINT_Y","YEAR_","LOCATION","CHPTYPE","DAYWEEK","CRASHSEV","VIOLCAT","KILLED","INJURED","WEATHER1","PEDCOL","BICCOL","MCCOL","TRUCKCOL","ETOH","TIMECAT","MONTH_","CRASHTYP","INVOLVE","PED","PRIMARYRD","SECONDRD","DISTANCE","DIRECT","INTERSECT_","PROCDATE","JURIS","DATE_","TIME_","BADGE","JURIDIST","SHIFT","POP","SPECIAL","BEATTYPE","LAPDDIV","BEATCLAS","BEATNUMB","WEATHER2","STATEHW","CALTRANC","CALTRAND","STROUTE","ROUTESUF","POSTPRE","POSTMILE","LOCATYPE","RAMP","SIDEHW","TOWAWAY","PARTIES","PCF","VIOLCODE","VIOL","VIOLSUB","HITRUN","ROADSURF","RDCOND1","RDCOND2","LIGHTING","RIGHTWAY","CHPRDTYP","NOTPRIV","STFAULT","CHPFAULT","SEVINJ","OTHERINJ","COP","PEDKILL","PEDINJ","BICKILL","BICINJ","MCKILL","MCINJURE","RAMP1","RAMP2","CITY","COUNTY","STATE","X_CHP","Y_CHP"
"90161169",-121.1000808,38.9504656,2016,"3100","3","1","4","03",0,1,"B",,,,,,1500,4,"C","C","A","SR-49","LOCKSLEY LN",65,"N","N","2016-04-19",9220,"2016-04-11",1410,"013060",,"2","9","0","1",,"1","249","-","Y",,0,0,,,0,,,,"Y",3,"A","-",22350,,"N","A","H","-","A","D","0","Y","A","01",0,0,1,0,0,0,0,0,0,"-","-","UNINCORPORATED","PLACER","CA",0,0
"90160991",0,0,2016,"3100","3","3","4","21",0,1,"A",,,,,,1200,4,"C","C","A","SR-49 (GRASS VALLEY HWY) NORTHBOUND","WILLOW CREEK DRIVE",100,"S","N","2016-04-19",9220,"2016-04-13",910,"014466",,"1","9","0","1",,"1","249","-","Y",,0,0,,,0,,,,"N",2,"A","-",22106,,"N","A","H","-","A","A","0","Y","A","01",0,0,1,0,0,0,0,0,0,"-","-","UNINCORPORATED","PLACER","CA",0,0
"90160983",-121.1650276,38.8515852,2016,"3100","5","1","3","03",0,1,"B",,,"Y",,,1800,2,"D","C","A","ENGLISH COLONY WAY","TAYLOR ROAD",170,"N","N","2016-04-19",9220,"2016-02-29",1750,"012239",,"2","9","0","3",,"2","070","-","N",,0,0,,,0,,,,"Y",2,"A","-",22350,,"N","A","H","-","A","D","0","Y","C","02",0,1,0,0,0,0,0,0,1,"-","-","UNINCORPORATED","PLACER","CA",-121.18483,38.85168
"90160964",0,0,2016,"3100","3","2","4","03",0,1,"A",,,,"Y",,1500,4,"C","C","A","SR-49 S/B","BELL RD",20,"N","N","2016-04-19",9220,"2016-04-12",1205,"016654",,"1","9","0","1",,"1","249","-","Y",,0,0,,,0,,,,"N",2,"A","-",22350,,"N","A","H","-","A","D","0","Y","G","25",0,0,1,0,0,0,0,0,0,"-","-","UNINCORPORATED","PLACER","CA",-121.0978,38.9427
"90160919",-121.3551412,38.7288305,2016,"3100","4","3","2","01",0,1,"B",,,,,,1800,4,"E","I","A","PFE ROAD","BILLY MITCHELL BL.",1056,"E","N","2016-04-19",9220,"2016-04-13",1645,"012239",,"2","9","0","2",,"1","014","-","N",,0,0,,,0,,,,"Y",1,"A","-",23152,"E","N","A","H","-","A","D","0","Y","A","01",1,0,0,0,0,0,0,0,0,"-","-","UNINCORPORATED","PLACER","CA",-121.77897,38.83764
"90160745",-121.1014031,38.9566151,2016,"3100","3","2","4","12",0,1,"A",,,"Y",,,2400,4,"D","C","A","SR-49 SOUTHBOUND","DRY CREEK RD",0,,"Y","2016-04-19",9220,"2016-04-12",2320,"016682",,"3","9","0","1",,"1","249","-","Y",,0,0,,,0,,,,"Y",2,"A","-",21453,"A","N","A","H","-","C","A","0","Y","C","02",0,0,1,0,0,0,0,0,1,"-","-","UNINCORPORATED","PLACER","CA",-121.10143,38.9566
"90160313",-120.9640657,39.0511614,2016,"3100","5","7","4","01",0,1,"A",,,,,"Y",2400,4,"E","I","A","CANYON WAY","LIVE OAK RD",300,"W","N","2016-04-19",9221,"2016-04-17",2304,"016556",,"3","9","0","3",,"2","070","-","N",,0,0,,,0,,,,"Y",1,"A","-",23152,"A","N","A","H","-","D","D","0","Y","A","01",0,0,1,0,0,0,0,0,0,"-","-","UNINCORPORATED","PLACER","CA",-120.96198,39.05085
"90160028",0,0,2016,"3104","1","6","4","03",0,1,"C",,,,,,1500,4,"C","C","A","I-80 W/B","SR-65",1584,"E","N","2016-04-18",9220,"2016-04-09",1245,"016668",,"1","4","0","1",,"2","281","-","Y",,0,0,,,0,,,,"Y",3,"A","-",22350,,"N","B","H","-","A","D","0","Y","A","07",0,0,1,0,0,0,0,0,0,"-","-","ROCKLIN","PLACER","CA",0,0
"90159663",-121.0979514,38.9444487,2016,"3100","3","7","3","03",0,2,"A",,,,,,1800,4,"C","C","A","SR-49 ","EDUCATION ST",35,"N","N","2016-04-18",9220,"2016-04-03",1735,"014282",,"2","9","0","1",,"1","249","-","Y",,0,0,,,0,,,,"Y",2,"A","-",22350,,"N","A","H","-","A","A","0","Y","A","07",0,1,1,0,0,0,0,0,0,"-","-","UNINCORPORATED","PLACER","CA",-121.09771,38.94447
"90159657",-121.0888505,38.9298409,2016,"3100","3","4","4","03",0,1,"A",,,,,,1800,4,"C","C","A","SR-49","HULBERT WAY",75,"N","N","2016-04-18",9220,"2016-04-14",1705,"15060",,"2","9","0","1",,"1","249","-","Y",,0,0,,,0,,,,"Y",2,"A","-",22350,,"N","A","H","-","A","D","0","Y","A","01",0,0,1,0,0,0,0,0,0,"-","-","UNINCORPORATED","PLACER","CA",-121.08673,39.92747
"90159605",-120.795611,39.0199037,2016,"3100","5","2","2","08",0,1,"A",,,,,,2100,3,"F","A","A","MOSQUITO RIDGE RD","MOSQUITO RIDGE BRIDGE",13200,"S","N","2016-04-18",9220,"2016-03-22",1930,"013997",,"2","9","0","3",,"2","060","-","N",,0,0,,,0,,,,"N",1,"A","-",22107,,"N","A","H","-","B","D","0","Y","-","99",1,0,0,0,0,0,0,0,0,"-","-","UNINCORPORATED","PLACER","CA",0,0
"90159476",0,0,2016,"3105","3","4","4","08",0,3,"A",,,,,,2100,4,"F","A","A","SR-65 (N/B)","BLUE OAKS BOULEVARD O/C",1584,"N","N","2016-04-18",9220,"2016-04-07",2005,"013794",,"2","5","0","1",,"1","265","-","Y",,0,0,,,0,,,,"Y",1,"A","-",22107,,"N","A","H","-","D","D","0","Y","A","01",0,0,3,0,0,0,0,0,0,"-","-","ROSEVILLE","PLACER","CA",0,0
"90158549",-120.2110506,39.2465893,2016,"3100","3","5","1","18",1,4,"B",,,,,,2100,3,"A","C","A","STATE ROUTE 89 SOUTH","CABIN CREEK RD.",12672,"S","N","2016-04-15",9222,"2016-03-11",1850,"019272",,"2","9","0","1",,"1","013","F","Y",,0,0,,,0,,,,"Y",5,"C","-",0,,"N","C","H","-","D","D","0","Y","-","-",1,0,3,0,0,0,0,0,0,"-","-","UNINCORPORATED","PLACER","CA",-120.2106,39.24386
"90157765",-120.2383918,39.1745949,2016,"3100","5","5","3","01",0,1,"A",,,,,"Y",300,4,"E","I","A","ALPINE MEADOWS ROAD","ALPINE VISTA ROAD",45,"E","N","2016-04-14",9222,"2016-04-08",125,"019294",,"3","9","0","3",,"2","010","-","N",,0,0,,,0,,,,"Y",1,"A","-",23152,"A","N","A","H","-","D","D","0","Y","A","07",0,1,0,0,0,0,0,0,0,"-","-","UNINCORPORATED","PLACER","CA",-120.23834,39.17467
"90157598",0,0,2016,"3100","1","3","4","08",0,1,"A",,,,,,1500,4,"E","I","A","I-80 W/B","GOLD RUN O/C",1584,"W","N","2016-04-14",9221,"2016-04-13",1445,"017777",,"2","9","0","1",,"2","384","-","Y",,0,0,,,0,,,,"Y",1,"A","-",22107,,"N","A","H","-","A","D","0","Y","D","22",0,0,1,0,0,0,0,0,0,"-","-","UNINCORPORATED","PLACER","CA",-120.86383,39.1725
"90156336",-120.9503972,39.067683,2016,"3100","5","7","1","08",1,0,"C",,,,,,2500,3,"F","A","A","YANKEE JIMS ROAD","YANKEE JIMS BRIDGE",1584,"E","N","2016-04-12",9221,"2016-03-06",2500,"015950",,"4","9","0","3",,"2","070","-","N",,0,0,,,0,,,,"Y",1,"A","-",22107,,"N","B","B","F","A","D","0","Y","A","01",0,0,0,0,0,0,0,0,0,"-","-","UNINCORPORATED","PLACER","CA",-120.89822,39.03745
"90156274",0,0,2016,"3100","1","6","3","03",0,3,"A",,,,,,2100,4,"C","C","A","I-80 E/B ","CRYSTAL SPRINGS RD. O/C",109,"W","N","2016-04-12",9221,"2016-04-02",1800,"017979",,"2","9","0","1",,"2","385","-","Y",,0,0,,,0,,,,"Y",2,"A","-",22350,,"N","A","H","-","A","D","0","Y","A","07",0,2,1,0,0,0,0,0,0,"-","-","UNINCORPORATED","PLACER","CA",-120.78673,39.20897
"90155718",0,0,2016,"3100","5","2","3","11",0,1,"A",,,,,,2100,3,"D","J","A","ANNABELLE AVE","SIERRA COLLEGE BLVD",15840,"W","N","2016-04-12",9220,"2016-03-29",1835,"014282",,"2","9","0","3",,"2","020","F","N",,0,0,,,0,,,,"N",2,"A","-",21954,"A","N","A","H","-","A","D","0","Y","L","04",0,1,0,0,0,0,0,0,0,"-","-","UNINCORPORATED","PLACER","CA",-121.2315,38.72763
"90155626",-120.9851969,38.9424497,2016,"3100","4","3","1","05",1,1,"B",,,,"Y",,900,2,"A","C","A","FORESTHILL ROAD","OLD AUBURN FORESTHILL RD",6864,"E","N","2016-04-12",9220,"2016-02-17",700,"014466",,"1","9","0","2",,"2","062","-","N",,0,0,,,0,,,,"Y",2,"A","-",21460,"A","N","A","H","-","A","D","0","Y","A","01",0,0,1,0,0,0,0,0,0,"-","-","UNINCORPORATED","PLACER","CA",-120.98695,38.94163
"90153200",-121.2261081,38.7394588,2016,"3100","4","3","4","03",0,1,"A",,,,,,900,4,"C","C","A","SIERRA COLLEGE BLVD.","DOUGLAS BLVD.",1584,"S","N","2016-04-07",9220,"2016-04-06",750,"15060",,"1","9","0","2",,"2","021","-","N",,0,0,,,0,,,,"Y",2,"A","-",22350,,"N","A","H","-","A","A","0","Y","A","01",0,0,1,0,0,0,0,0,0,"-","-","UNINCORPORATED","PLACER","CA",-121.22475,38.74023
"90153096",0,0,2016,"3105","1","1","4","03",0,2,"A",,,,,,900,4,"C","C","A","I-80 E/B","DOUGLAS BLVD",264,"W","N","2016-04-07",9220,"2016-04-04",848,"016654",,"1","5","0","1",,"2","281","-","Y",,0,0,,,0,,,,"Y",5,"A","-",22350,,"N","A","H","-","A","D","0","Y","A","01",0,0,2,0,0,0,0,0,0,"-","-","ROSEVILLE","PLACER","CA",0,0
"90152977",-121.1098368,38.9866315,2016,"3100","3","1","4","03",0,1,"A",,,,,,900,4,"C","C","A","SR-49 SOUTHBOUND","CRAMER RD",400,"N","N","2016-04-07",9220,"2016-04-04",845,"014438",,"1","9","0","1",,"1","249","-","Y",,0,0,,,0,,,,"Y",3,"A","-",22350,,"N","A","H","-","A","D","0","Y","A","07",0,0,1,0,0,0,0,0,0,"-","-","UNINCORPORATED","PLACER","CA",-121.10987,38.98676
"90152973",-121.3000342,38.8451758,2016,"3100","3","5","3","01",0,2,"A",,,,,"Y",300,4,"B","C","A","SR-65","TWELVE BRIDGES DR",2112,"S","N","2016-04-07",9220,"2016-04-01",200,"015239",,"3","9","0","1",,"1","265","-","Y",,0,0,,,0,,,,"Y",2,"A","-",23153,"A","N","A","H","-","D","D","0","Y","A","01",0,1,1,0,0,0,0,0,0,"-","-","UNINCORPORATED","PLACER","CA",-121.2999,38.83892
"90152886",-121.1718452,38.7434001,2016,"3100","5","2","4","09",0,1,"A",,,,,,1200,4,"D","C","A","DOUGLAS BLVD","AUBURN FOLSOM RD",350,"W","N","2016-04-07",9220,"2016-04-05",922,"016654",,"1","9","0","3",,"2","020","-","N",,0,0,,,0,,,,"Y",2,"A","-",21804,"A","N","A","H","-","A","D","0","Y","A","01",0,0,1,0,0,0,0,0,0,"-","-","UNINCORPORATED","PLACER","CA",-121.17209,38.74363
"90152881",0,0,2016,"3105","3","5","4","18",0,1,"A",,,,,,900,4,"E","H","A","SR-65 S/B","PLEASANT GROVE BLVD",1584,"N","N","2016-04-07",9220,"2016-04-01",615,"016668",,"1","5","0","1",,"1","265","-","Y",,0,0,,,0,,,,"N",1,"C","-",0,,"N","A","H","-","B","D","0","Y","-","-",0,0,1,0,0,0,0,0,0,"-","-","ROSEVILLE","PLACER","CA",0,0
"90152023",-121.3780284,38.9809692,2016,"3100","3","2","4","07",0,1,"A",,,,,,1500,3,"B","C","A","NORTHBOUND STATE ROUTE 65","RIOSA ROAD",785,"N","N","2016-04-06",9220,"2016-03-15",1435,"017534",,"2","9","0","1",,"1","267","-","Y",,0,0,,,0,,,,"N",2,"A","-",21658,"A","N","A","H","-","A","D","0","Y","-","-",0,0,1,0,0,0,0,0,0,"-","-","UNINCORPORATED","PLACER","CA",-121.3838,38.98123
"90151180",-121.2856094,38.7871745,2016,"3105","3","6","3","04",0,1,"A",,,,,,1200,3,"C","C","A","SR-65 SOUTHBOUND","PLEASANT GROVE BLVD",457,"N","N","2016-04-05",9220,"2016-03-26",1140,"014438",,"1","5","0","1",,"1","265","-","Y",,0,0,,,0,,,,"Y",3,"A","-",21703,,"N","A","H","-","A","D","0","Y","A","01",0,1,0,0,0,0,0,0,0,"-","-","ROSEVILLE","PLACER","CA",-121.28547,38.78719
"90151170",0,0,2016,"3104","1","4","4","03",0,1,"A",,,,,,1800,3,"C","C","A","I-80 W/B","SR-65",3696,"E","N","2016-04-05",9220,"2016-03-31",1545,"15060",,"2","4","0","1",,"2","281","-","Y",,0,0,,,0,,,,"Y",3,"A","-",22350,,"N","A","H","-","A","D","0","Y","A","08",0,0,1,0,0,0,0,0,0,"-","-","ROCKLIN","PLACER","CA",-121.24004,38.77554
"90151162",0,0,2016,"3100","1","1","4","21",0,1,"B",,,,,,1500,3,"C","C","A","I-80 E/B CRYSTAL SPRINGS ONRAMP","CRYSTAL SPRINGS O/C",45,"E","N","2016-04-05",9221,"2016-03-28",1350,"017320",,"1","9","0","1",,"2","385","D","Y",,0,0,,,0,,,,"N",2,"A","-",22106,,"N","B","H","-","A","D","0","Y","D","22",0,0,1,0,0,0,0,0,0,"-","-","UNINCORPORATED","PLACER","CA",-120.78612,39.20887
"90151161",-121.349403,38.8389051,2016,"3100","5","6","3","01",0,1,"A",,,,,"Y",1800,3,"E","I","A","FIDDYMENT RD","ATHENS AVE",0,,"Y","2016-04-05",9220,"2016-03-26",1722,"012546","9220","2","9","0","3",,"2","010","-","N",,0,0,,,0,,,,"Y",1,"A","-",23152,,"N","A","H","-","A","A","0","Y","A","07",0,1,0,0,0,0,0,0,0,"-","-","UNINCORPORATED","PLACER","CA",0,0
"90150988",0,0,2016,"3100","5","1","4","05",0,1,"B",,,,,"Y",2100,3,"A","C","A","SPRING GARDEN RD","MCMULLEN DRIVER",2640,"W","N","2016-04-05",9220,"2016-03-21",1820,"013997",,"2","9","0","3",,"2","060","C","N",,0,0,,,0,,,,"Y",2,"A","-",21650,,"N","B","H","-","A","D","0","Y","A","01",0,0,1,0,0,0,0,0,0,"-","-","UNINCORPORATED","PLACER","CA",0,0
"90150671",0,0,2016,"3100","1","5","3","03",0,1,"B",,,,,,1800,3,"E","I","A","I-80 W/B","CISCO RD.",83,"W","N","2016-04-05",9221,"2016-03-04",1536,"020154",,"2","9","0","1",,"2","388","C","Y",,0,0,,,0,,,,"Y",1,"A","-",22350,,"N","B","H","-","A","D","0","Y","D","22",0,1,0,0,0,0,0,0,0,"-","-","UNINCORPORATED","PLACER","CA",-120.54419,39.31024
"90150242",-121.3752413,38.8244323,2016,"3100","5","1","3","08",0,1,"B",,,,,,1500,3,"F","A","A","SUNSET BLVD WEST","FIDDYMENT RD",7392,"W","N","2016-04-04",9220,"2016-03-21",1310,"014282",,"1","9","0","3",,"2","010","C","N",,0,0,,,0,,,,"Y",1,"A","-",22107,,"N","A","H","-","A","D","0","Y","A","01",0,1,0,0,0,0,0,0,0,"-","-","UNINCORPORATED","PLACER","CA",-121.37474,38.82444
"90150134",0,0,2016,"3100","3","6","1","11",1,1,"A","Y",,,,,300,2,"G","B","D","SR-49 GRASS VALLEY HIGHWAY","NEVADA ST",760,"S","N","2016-04-04",9220,"2016-02-27",30,"012412",,"3","9","0","1",,"1","249","-","Y",,0,0,,,0,,,,"N",2,"A","-",21954,"A","N","A","H","-","D","D","0","Y","N","60",0,1,0,1,0,0,0,0,0,"-","-","UNINCORPORATED","PLACER","CA",-121.07986,38.91664
"90148460",0,0,2016,"3100","S","7","3","08",0,1,"B",,,,,,900,3,"E","I","A","I-80 W/B","UPR O/C",3168,"E","N","2016-03-31",9220,"2016-03-20",625,"013676",,"1","9","0","1",,"2","904","-","Y",,0,0,,,0,,,,"Y",1,"A","-",22107,,"N","A","H","-","B","D","0","Y","A","07",0,1,0,0,0,0,0,0,0,"-","-","UNINCORPORATED","PLACER","CA",-121.09446,38.9422
"90148264",0,0,2016,"3100","1","1","4","03",0,3,"B",,,,,,900,3,"C","C","A","I-80 W/B","BAXTER ROAD O/C",2640,"E","N","2016-04-08",9221,"2016-03-21",800,"015265",,"1","9","0","1",,"2","385","-","Y",,0,0,,,0,,,,"Y",2,"A","-",22350,,"N","A","H","-","A","D","0","Y","A","01",0,0,3,0,0,0,0,0,0,"-","-","UNINCORPORATED","PLACER","CA",-120.77541,39.21786
"90148039",-120.9494832,39.1155997,2016,"3100","S","5","1","03",1,0,"A",,,"Y",,,300,3,"E","I","A","STATE HIGHWAY 174 ","LAZZARINI ROAD",199,"N","N","2016-04-08",9221,"2016-03-18",20,"014289",,"3","9","0","1",,"2","904","-","Y",,0,0,,,0,,,,"Y",1,"A","-",22350,,"N","A","H","-","D","D","0","Y","C","02",0,0,0,0,0,0,0,1,0,"-","-","UNINCORPORATED","PLACER","CA",-120.94987,39.11444
"90147852",-121.3438421,38.8389275,2016,"3100","5","1","2","11",0,1,"C","Y",,,"Y",,600,3,"B","B","E","ATHENS AVE","FIDDYMENT RD",1584,"E","N","2016-03-30",9220,"2016-03-07",550,"015197",,"3","9","0","3",,"2","010","-","N",,0,0,,,0,,,,"N",2,"A","-",21956,"A","N","B","H","-","D","D","0","Y","N","60",1,0,0,0,1,0,0,0,0,"-","-","UNINCORPORATED","PLACER","CA",-121.34579,38.83881
"90147755",-121.2405118,38.774908,2016,"3104","1","4","4","03",0,2,"A",,,,,,1200,3,"C","C","A","I-80 EASTBOUND","SR-65",780,"E","N","2016-03-30",9220,"2016-03-17",1100,"014438",,"1","4","0","1",,"2","281","-","Y",,0,0,,,0,,,,"Y",4,"A","-",22350,,"N","A","D","-","A","D","0","Y","A","07",0,0,2,0,0,0,0,0,0,"-","-","ROCKLIN","PLACER","CA",-121.24638,38.7713
"90147756",-121.2358122,38.7778699,2016,"3104","1","6","4","03",0,1,"A",,,,,,1500,3,"C","C","A","I-80 EASTBOUND","SR-65",2500,"E","N","2016-03-30",9220,"2016-03-19",1310,"014438",,"1","4","0","1",,"2","281","-","Y",,0,0,,,0,,,,"Y",3,"A","-",22350,,"N","A","H","-","A","D","0","Y","A","07",0,0,1,0,0,0,0,0,0,"-","-","ROCKLIN","PLACER","CA",-121.24115,38.77487
"90147678",0,0,2016,"3103","3","1","4","03",0,1,"B",,,,,,900,3,"A","C","A","SR-65 S/B","TWELVE BRIDGES DR",20,"S","N","2016-03-30",9220,"2016-03-14",740,"013257",,"1","2","0","1",,"1","265","-","Y",,0,0,,,0,,,,"Y",2,"A","-",22350,,"N","A","H","-","A","D","0","Y","A","01",0,0,1,0,0,0,0,0,0,"-","-","LINCOLN","PLACER","CA",0,0
"90147595",-121.3646502,38.7293743,2016,"3100","4","4","4","05",0,2,"B",,,,,,2400,3,"B","C","A","WALERGA RD","DRY CREEK",200,"N","N","2016-03-30",9220,"2016-03-10",2120,"012546","9220","2","9","0","2",,"1","013","-","N",,0,0,,,0,,,,"Y",3,"A","-",21650,,"N","B","H","-","D","A","0","Y","A","01",0,0,2,0,0,0,0,0,0,"-","-","UNINCORPORATED","PLACER","CA",-121.3647,38.73756
"90147583",-121.1613875,38.9488751,2016,"3100","4","7","3","01",0,1,"A",,,,,"Y",1800,3,"E","I","A","MOUNT VERNON RD","MEARS RD",835,"W","N","2016-03-30",9220,"2016-03-27",1725,"012412",,"2","9","0","2",,"2","042","-","N",,0,0,,,0,,,,"Y",1,"A","-",23152,"A","N","A","H","-","A","D","0","Y","A","01",0,1,0,0,0,0,0,0,0,"-","-","UNINCORPORATED","PLACER","CA",-121.16153,38.94878
"90147554",0,0,2016,"3100","3","2","4","09",0,1,"A",,,,,,1500,3,"D","C","A","SR-49 GRASS VALLEY HWY","KEMPER RD",420,"N","N","2016-03-30",9220,"2016-03-15",1220,"012412",,"1","9","0","1",,"1","249","-","Y",,0,0,,,0,,,,"Y",2,"A","-",21801,"A","N","A","H","-","A","D","0","Y","D","22",0,0,1,0,0,0,0,0,0,"-","-","UNINCORPORATED","PLACER","CA",-121.09184,38.93339
"90147538",-121.1861909,38.8541937,2016,"3100","5","3","4","03",0,1,"A",,,,,,1800,3,"C","C","A","ENGLISH COLONY WAY","PALM CREST LN",1584,"E","N","2016-03-30",9220,"2016-03-16",1640,"011085",,"2","9","0","3",,"2","070","-","N",,0,0,,,0,,,,"Y",2,"A","-",22350,,"N","A","H","-","A","D","0","Y","D","22",0,0,1,0,0,0,0,0,0,"-","-","UNINCORPORATED","PLACER","CA",-121.19679,38.85405
"90147527",-121.2336498,38.7792305,2016,"3104","1","5","3","07",0,5,"A",,,,,,1200,3,"B","C","A","I-80 EASTBOUND","SR-65",3291,"E","N","2016-03-30",9220,"2016-03-18",1055,"014438",,"1","4","0","1",,"2","281","-","Y",,0,0,,,0,,,,"Y",3,"A","-",21658,"A","N","A","H","-","A","D","0","Y","A","01",0,1,4,0,0,0,0,0,0,"-","-","ROCKLIN","PLACER","CA",-121.24099,38.77499
"90146388",0,0,2016,"3105","1","3","4","03",0,1,"A",,,,,,1800,3,"C","C","A","I-80 E/B TO SR-65 N/B","SR-65",400,"E","N","2016-03-28",9220,"2016-03-23",1615,"15060",,"2","5","0","1",,"2","281","-","Y",,0,0,,,0,,,,"N",2,"A","-",22350,,"N","A","H","-","A","D","0","Y","D","22",0,0,1,0,0,0,0,0,0,"-","-","ROSEVILLE","PLACER","CA",-121.26019,38.77494
"90146229",0,0,2016,"3100","3","1","3","09",0,2,"A",,,,,,1800,3,"D","C","A","SR-49 GRASS VALLEY HWY","DRY CREEK",720,"N","N","2016-03-28",9220,"2016-03-14",1650,"012412",,"2","9","0","1",,"1","249","-","Y",,0,0,,,0,,,,"Y",2,"A","-",21804,"A","N","A","H","-","A","D","0","Y","A","01",0,1,1,0,0,0,0,0,0,"-","-","UNINCORPORATED","PLACER","CA",-121.10208,38.95875
"90146022",-121.1718101,38.7433994,2016,"3100","4","4","4","03",0,2,"A",,,,,,900,3,"C","C","A","DOUGLAS BLVD.","AUBURN FOLSOM RD",340,"W","N","2016-03-28",9220,"2016-03-17",730,"014438",,"1","9","0","2",,"2","022","-","N",,0,0,,,0,,,,"Y",2,"A","-",22350,,"N","A","H","-","A","A","0","Y","A","07",0,0,2,0,0,0,0,0,0,"-","-","UNINCORPORATED","PLACER","CA",-121.17154,38.74338
"90145916",0,0,2016,"3100","4","2","3","09",0,3,"A",,,,,,2100,3,"A","C","A","CAVITT STALLMAN RD","GRANITE MANOR PL",11,"E","N","2016-03-28",9220,"2016-03-15",1855,"014282",,"2","9","0","2",,"2","026","-","N",,0,0,,,0,,,,"Y",2,"A","-",21801,"A","N","A","H","-","B","D","0","Y","A","01",0,3,0,0,0,0,0,0,0,"-","-","UNINCORPORATED","PLACER","CA",-121.19757,38.76675
"90145862",0,0,2016,"3104","1","4","4","03",0,2,"A",,,,,,1800,3,"C","C","A","I-80 W/B","SR-65",2112,"E","N","2016-03-28",9220,"2016-03-17",1550,"15060",,"2","4","0","1",,"2","281","-","Y",,0,0,,,0,,,,"Y",2,"A","-",22350,,"N","A","H","-","A","D","0","Y","A","01",0,0,2,0,0,0,0,0,0,"-","-","ROCKLIN","PLACER","CA",0,0
"90145854",0,0,2016,"3103","3","3","3","01",0,1,"A",,,,,,900,3,"E","I","A","SR-65 N/B","LINCOLN BL.",1584,"S","N","2016-05-13",9220,"2016-03-16",735,"013466",,"1","2","0","1",,"1","265","-","Y",,0,0,,,0,,,,"Y",1,"A","-",23152,"E","N","A","H","-","A","A","0","Y","A","01",0,1,0,0,0,0,0,0,0,"-","-","LINCOLN","PLACER","CA",0,0
"90145795",-121.2265726,38.750121,2016,"3100","4","3","4","03",0,1,"B",,,,,,1800,3,"C","C","A","SIERRA COLLEGE BLVD","OLYMPUS DR",100,"S","N","2016-03-28",9220,"2016-03-09",1705,"014611",,"2","9","0","2",,"2","021","-","N",,0,0,,,0,,,,"Y",2,"A","-",22350,,"N","A","H","-","A","A","0","Y","D","22",0,0,1,0,0,0,0,0,0,"-","-","UNINCORPORATED","PLACER","CA",0,0
"90143330",0,0,2016,"3100","1","7","3","03",0,1,"D",,,,,,1200,3,"C","C","A","I-80 E/B","SR20",1056,"E","N","2016-03-24",9221,"2016-03-13",1102,"018530",,"1","9","0","1",,"2","387","-","Y",,0,0,,,0,,,,"Y",2,"A","-",22350,,"N","C","H","-","A","D","0","Y","A","07",0,1,0,0,0,0,0,0,0,"-","-","UNINCORPORATED","PLACER","CA",-120.55012,39.31355
"90143049",-121.0908831,38.932335,2016,"3100","3","4","3","01",0,1,"A",,,"Y",,"Y",2100,3,"C","C","A","SR-49","NEW AIRPORT RD",0,,"N","2016-03-24",9220,"2016-03-17",2005,"013060",,"2","9","0","1",,"1","249","-","Y",,0,0,,,0,,,,"N",2,"A","-",23152,"A","N","A","H","-","C","D","0","Y","C","02",0,1,0,0,0,0,0,0,1,"-","-","UNINCORPORATED","PLACER","CA",0,0
"90143029",-121.0517178,38.9475945,2016,"3100","4","4","4","08",0,3,"B",,,,,,1800,3,"D","C","A","BELL RD","COORS LN",400,"E","N","2016-03-24",9220,"2016-03-10",1650,"013060",,"2","9","0","2",,"2","056","C","N",,0,0,,,0,,,,"Y",2,"A","-",22107,,"N","B","H","-","A","D","0","Y","A","01",0,0,3,0,0,0,0,0,0,"-","-","UNINCORPORATED","PLACER","CA",0,0
"90143014",-121.1706431,38.7435375,2016,"3100","4","5","4","21",0,1,"B",,,,,,1800,3,"C","C","A","AUBURN FOLSOM RD","DOUGLAS BLVD.",30,"N","N","2016-03-24",9220,"2016-03-04",1630,"15060",,"2","9","0","2",,"2","027","C","N",,0,0,,,0,,,,"N",2,"A","-",22106,,"F","B","H","-","A","A","0","Y","D","22",0,0,1,0,0,0,0,0,0,"-","-","UNINCORPORATED","PLACER","CA",0,0
"90142999",-121.2425232,38.8974651,2016,"3100","5","4","2","01",0,4,"A",,,,,"Y",1500,1,"D","C","A","VIRGINIATOWN RD","DANIEL DR.",0,,"Y","2016-03-24",9220,"2016-01-21",1455,"014611",,"2","9","0","3",,"2","030","-","N",,0,0,,,0,,,,"Y",3,"A","-",23152,"F","N","A","H","-","A","D","0","Y","D","22",1,1,2,0,0,0,0,0,0,"-","-","UNINCORPORATED","PLACER","CA",0,0
"90142321",0,0,2016,"3105","3","4","4","03",0,2,"B",,,,,,2400,3,"C","C","A","SR-65 (N/B) TO BLUE OAKS BLVD OFF RAMP","BLUE OAKS BOULEVARD",1056,"S","N","2016-03-23",9220,"2016-03-10",2145,"013794",,"2","5","0","1",,"1","265","C","Y",,0,0,,,0,,,,"Y",3,"A","-",22350,,"N","B","H","-","C","D","0","Y","A","01",0,0,2,0,0,0,0,0,0,"-","-","ROSEVILLE","PLACER","CA",0,0