"CASEID","POINT_X","POINT_Y","YEAR_","LOCATION","CHPTYPE","DAYWEEK","CRASHSEV","VIOLCAT","KILLED","INJURED","WEATHER1","PEDCOL","BICCOL","MCCOL","TRUCKCOL","ETOH","TIMECAT","MONTH_","CRASHTYP","INVOLVE","PED","PRIMARYRD","SECONDRD","DISTANCE","DIRECT","INTERSECT_","PROCDATE","JURIS","DATE_","TIME_","BADGE","JURIDIST","SHIFT","POP","SPECIAL","BEATTYPE","LAPDDIV","BEATCLAS","BEATNUMB","WEATHER2","STATEHW","CALTRANC","CALTRAND","STROUTE","ROUTESUF","POSTPRE","POSTMILE","LOCATYPE","RAMP","SIDEHW","TOWAWAY","PARTIES","PCF","VIOLCODE","VIOL","VIOLSUB","HITRUN","ROADSURF","RDCOND1","RDCOND2","LIGHTING","RIGHTWAY","CHPRDTYP","NOTPRIV","STFAULT","CHPFAULT","SEVINJ","OTHERINJ","COP","PEDKILL","PEDINJ","BICKILL","BICINJ","MCKILL","MCINJURE","RAMP1","RAMP2","CITY","COUNTY","STATE","X_CHP","Y_CHP"
"90120314",0,0,2016,"3100","1","6","4","03",0,2,"A",,,,,,1500,2,"C","C","A","I-80 W/B","ROCKLIN RD",1056,"W","N","2016-02-22",9220,"2016-02-13",1450,"011085",,"2","9","0","1",,"2","281","-","Y",,0,0,,,0,,,,"Y",2,"A","-",22350,,"N","A","H","-","A","D","0","Y","A","01",0,0,2,0,0,0,0,0,0,"-","-","UNINCORPORATED","PLACER","CA",-121.82673,38.78523
"90119121",0,0,2016,"3100","1","4","4","03",0,1,"B",,,,,,2100,1,"C","C","A","I-80 E/B","NEVADA ST.",200,"W","N","2016-02-18",9220,"2016-01-28",2010,"014611",,"2","9","0","1",,"2","282","-","Y",,0,0,,,0,,,,"N",2,"A","-",22350,,"N","B","H","-","D","D","0","Y","A","01",0,0,1,0,0,0,0,0,0,"-","-","UNINCORPORATED","PLACER","CA",0,0
"90119039",0,0,2016,"3100","1","1","4","03",0,1,"A",,,,"Y",,1200,2,"C","C","A","I-80 EASTBOUND","HEATHER GLENN DR",2112,"E","N","2016-02-18",9220,"2016-02-01",900,"015239",,"1","9","0","1",,"2","283","-","Y",,0,0,,,0,,,,"Y",2,"A","-",22350,,"N","A","H","-","A","D","0","Y","A","01",0,0,1,0,0,0,0,0,0,"-","-","UNINCORPORATED","PLACER","CA",-121.97803,38.02411
"90118796",0,0,2016,"3105","1","7","4","01",0,1,"A",,,,,"Y",600,2,"C","C","A","I-80 E/B","LEAD HILL BLVD",1584,"W","N","2016-02-18",9220,"2016-02-14",425,"012546","9220","3","5","0","1",,"2","281","-","Y",,0,0,,,0,,,,"Y",2,"A","-",23152,"A","N","A","H","-","D","A","0","Y","A","01",0,0,1,0,0,0,0,0,0,"-","-","ROSEVILLE","PLACER","CA",-121.26744,38.74866
"90118736",0,0,2016,"3100","3","4","2","03",0,1,"A","Y",,,,,2100,2,"G","B","D","SR-49 S/B","ATWOOD ROAD",186,"S","N","2016-02-18",9220,"2016-02-04",1810,"013676",,"2","9","0","1",,"1","249","-","Y",,0,0,,,0,,,,"N",2,"A","-",22350,,"N","A","H","-","C","D","0","Y","A","07",1,0,0,0,1,0,0,0,0,"-","-","UNINCORPORATED","PLACER","CA",-121.09278,38.93434
"90118477",0,0,2016,"3100","4","2","4","05",0,1,"B",,,,,,1800,2,"E","I","A","BARTON ROAD","VIA DE LA ROSA",174,"N","N","2016-02-18",9220,"2016-02-09",1625,"014282",,"2","9","0","2",,"2","023","-","N",,0,0,,,0,,,,"Y",2,"A","-",21460,"A","F","A","H","-","A","D","0","Y","A","07",0,0,1,0,0,0,0,0,0,"-","-","UNINCORPORATED","PLACER","CA",-121.19204,38.76421
"90118315",-121.0974372,38.942046,2016,"3100","4","2","3","08",0,1,"A",,"Y",,,,900,2,"B","G","A","BELL RD","SR-49",59,"W","N","2016-02-18",9220,"2016-02-09",855,"016668",,"1","9","0","2",,"2","046","-","N",,0,0,,,0,,,,"N",2,"A","-",22107,,"F","A","H","-","A","D","0","Y","-","99",0,1,0,0,0,0,1,0,0,"-","-","UNINCORPORATED","PLACER","CA",0,0
"90118302",0,0,2016,"3104","3","6","4","07",0,2,"A",,,,,,1500,2,"C","C","A","SR-65 N/B","TAYLOR RD",200,"S","N","2016-02-18",9220,"2016-02-13",1215,"013257",,"1","4","0","1",,"1","265","-","Y",,0,0,,,0,,,,"N",2,"A","-",21658,"A","N","A","H","-","A","D","0","Y","A","01",0,0,2,0,0,0,0,0,0,"-","-","ROCKLIN","PLACER","CA",0,0
"90118292",0,0,2016,"3104","3","7","3","08",0,3,"A",,,,,,1500,2,"E","I","A","SR-65 N/B","BLUE OAKS BLVD",1349,"N","N","2016-02-18",9220,"2016-02-07",1225,"016668",,"1","4","0","1",,"1","265","-","Y",,0,0,,,0,,,,"Y",1,"A","-",22107,,"N","A","H","-","A","D","0","Y","A","07",0,2,1,0,0,0,0,0,0,"-","-","ROCKLIN","PLACER","CA",0,0
"90118272",0,0,2016,"3105","1","5","3","03",0,1,"A",,,,"Y",,2100,2,"C","C","A","I-80 E/B","TAYLOR RD.",200,"E","N","2016-02-18",9220,"2016-02-12",1820,"15060",,"2","5","0","1",,"2","281","-","Y",,0,0,,,0,,,,"Y",3,"A","-",22350,,"N","A","H","-","C","D","0","Y","A","01",0,1,0,0,0,0,0,0,0,"-","-","ROSEVILLE","PLACER","CA",0,0
"90116631",0,0,2016,"3100","3","1","4","03",0,1,"A",,,,,,1500,2,"C","C","A","SR-49 N/B","NEW AIRPORT RD",60,"S","N","2016-02-17",9220,"2016-02-08",1259,"016031",,"1","9","0","1",,"1","249","-","Y",,0,0,,,0,,,,"N",2,"A","-",22350,,"N","A","H","-","A","D","0","Y","A","07",0,0,1,0,0,0,0,0,0,"-","-","UNINCORPORATED","PLACER","CA",0,0
"90116223",-121.3646526,38.7289349,2016,"3100","4","2","4","03",0,1,"A",,,,,,1500,2,"C","C","A","WALERGA RD","PFE RD",40,"N","N","2016-02-16",9220,"2016-02-02",1350,"016031",,"1","9","0","2",,"1","013","-","N",,0,0,,,0,,,,"Y",2,"A","-",22350,,"N","A","H","-","A","D","0","Y","A","08",0,0,1,0,0,0,0,0,0,"-","-","UNINCORPORATED","PLACER","CA",0,0
"90116213",0,0,2016,"3105","1","2","4","03",0,1,"A",,,,,,900,2,"C","C","A","I-80 E/B","DOUGLAS BL.",2112,"W","N","2016-02-16",9220,"2016-02-09",855,"013466",,"1","5","0","1",,"2","281","-","Y",,0,0,,,0,,,,"Y",2,"A","-",22350,,"N","A","H","-","A","A","0","Y","A","01",0,0,1,0,0,0,0,0,0,"-","-","ROSEVILLE","PLACER","CA",0,0
"90116198",0,0,2016,"3104","1","7","4","03",0,3,"A",,,,,,1500,1,"C","C","A","I-80 W/B","SR-65",2112,"E","N","2016-02-16",9220,"2016-01-31",1252,"013466",,"1","4","0","1",,"2","281","-","Y",,0,0,,,0,,,,"Y",3,"A","-",22350,,"N","A","H","-","A","A","0","Y","D","22",0,0,3,0,0,0,0,0,0,"-","-","ROCKLIN","PLACER","CA",0,0
"90116187",0,0,2016,"3103","3","4","3","03",0,1,"B",,,,,,1200,2,"C","C","A","SR-65 N/B","FERRARI RANCH ",2112,"N","N","2016-02-16",9220,"2016-02-11",1050,"013257",,"1","2","0","1",,"1","265","-","Y",,0,0,,,0,,,,"Y",2,"A","-",22350,,"N","A","H","-","A","D","0","Y","A","07",0,1,0,0,0,0,0,0,0,"-","-","LINCOLN","PLACER","CA",0,0
"90115770",-121.127203,38.8112051,2016,"3100","4","3","4","12",0,1,"A",,,,,,1500,2,"D","C","A","HORSESHOE BAR RD","AUBURN FOLSOM RD",0,,"Y","2016-02-16",9220,"2016-02-10",1310,"016031",,"1","9","0","2",,"2","077","-","N",,0,0,,,0,,,,"Y",2,"A","-",21453,"A","N","A","H","-","A","A","0","Y","A","01",0,0,1,0,0,0,0,0,0,"-","-","UNINCORPORATED","PLACER","CA",-121.12719,38.81116
"90115671",0,0,2016,"3105","1","3","4","03",0,1,"B",,,,,,1800,2,"C","C","A","I-80 (W/B)","CIRBY WAY O/C",800,"E","N","2016-02-16",9220,"2016-02-03",1630,"013794",,"2","5","0","1",,"2","281","-","Y",,0,0,,,0,,,,"Y",2,"A","-",22350,,"N","A","H","-","A","D","0","Y","A","01",0,0,1,0,0,0,0,0,0,"-","-","ROSEVILLE","PLACER","CA",0,0
"90115638",0,0,2016,"3105","1","3","4","03",0,1,"B",,,,,,1800,2,"C","C","A","I-80 W/B","DOUGLAS BLVD O/C",528,"E","N","2016-02-16",9220,"2016-02-10",1555,"014282",,"2","5","0","1",,"2","281","-","Y",,0,0,,,0,,,,"N",3,"A","-",22350,,"N","A","H","-","A","D","0","Y","A","01",0,0,1,0,0,0,0,0,0,"-","-","ROSEVILLE","PLACER","CA",-121.27008,38.7455
"90115641",-120.9324695,39.1412075,2016,"3100","5","1","2","01",0,1,"A",,,,,"Y",300,2,"E","I","A","ROLLINS LAKE ROAD","YOU BET RD",2112,"E","N","2016-02-16",9221,"2016-02-15",0,"014763",,"3","9","0","3",,"2","070","-","N",,0,0,,,0,,,,"Y",1,"A","-",23152,"A","N","A","H","-","D","D","0","Y","D","22",1,0,0,0,0,0,0,0,0,"-","-","UNINCORPORATED","PLACER","CA",-120.9322,39.14133
"90115606",0,0,2016,"3100","1","5","3","03",0,1,"A",,,,,,2100,2,"E","I","A","I-80 W/B","CAPE HORN RD",5280,"W","N","2016-02-16",9221,"2016-02-12",1829,"018376",,"2","9","0","1",,"2","384","-","Y",,0,0,,,0,,,,"Y",1,"A","-",22350,,"N","A","H","-","D","D","0","Y","A","01",0,1,0,0,0,0,0,0,0,"-","-","UNINCORPORATED","PLACER","CA",-120.93557,39.1327
"90111248",0,0,2016,"3100","1","5","3","08",0,1,"C",,,,,"Y",2400,1,"E","I","A","1-80 E/B TO PENRYN ROAD OFF RAMP","PENRYN RD",350,"W","N","2016-02-08",9220,"2016-01-15",2155,"014611",,"2","9","0","1",,"2","282","-","Y",,0,0,,,0,,,,"Y",1,"A","-",22107,,"N","B","H","-","D","D","0","Y","A","07",0,1,0,0,0,0,0,0,0,"-","-","UNINCORPORATED","PLACER","CA",0,0
"90111196",0,0,2016,"3100","5","7","4","03",0,1,"A",,,,,"Y",1200,2,"D","C","A","ALPINE MEADOWS ROAD","SNOW CREST ROAD",2112,"E","N","2016-02-08",9222,"2016-02-07",940,"017091",,"1","9","0","3",,"2","010","-","N",,0,0,,,0,,,,"N",2,"A","-",22350,,"N","C","H","-","A","D","0","Y","D","22",0,0,1,0,0,0,0,0,0,"-","-","UNINCORPORATED","PLACER","CA",-120.20404,39.18698
"90111036",0,0,2016,"3105","3","5","4","08",0,1,"A",,,,,,1800,2,"B","C","A","SR-65 S/B BLUE OAKS OFF-RAMP","BLUE OAKS BLVD",1000,"N","N","2016-02-08",9220,"2016-02-05",1640,"016654",,"2","5","0","1",,"1","265","-","Y",,0,0,,,0,,,,"N",2,"A","-",22107,,"N","A","H","-","A","D","0","Y","A","01",0,0,1,0,0,0,0,0,0,"-","-","ROSEVILLE","PLACER","CA",-121.30004,38.80057
"90111019",0,0,2016,"3100","4","7","4","08",0,1,"A",,,,,,2400,1,"E","J","A","AUBURN FOLSOM RD","CAMINO ORO",243,"S","N","2016-02-08",9220,"2016-01-31",2320,"014282",,"3","9","0","2",,"2","027","-","N",,0,0,,,0,,,,"N",1,"A","-",22107,,"N","A","H","-","D","D","0","Y","A","01",0,0,1,0,0,0,0,0,0,"-","-","UNINCORPORATED","PLACER","CA",-121.14213,38.78537
"90110379",0,0,2016,"3100","5","1","2","08",0,1,"A","Y",,,,,1500,2,"G","B","E","HUNGRY HOLLOW ROAD","MULBERRY LANE",3696,"S","N","2016-02-05",9220,"2016-02-01",1445,"013794",,"2","9","0","3",,"2","030","-","N",,0,0,,,0,,,,"N",2,"A","-",22107,,"N","A","H","-","A","D","0","Y","D","22",1,0,0,0,1,0,0,0,0,"-","-","UNINCORPORATED","PLACER","CA",0,0
"90110373",0,0,2016,"3105","1","3","4","04",0,1,"A",,,,,,1800,1,"C","C","A","I-80 (W/B)","ATLANTIC STREET O/C",50,"E","N","2016-02-05",9220,"2016-01-27",1600,"013794",,"2","5","0","1",,"2","281","-","Y",,0,0,,,0,,,,"Y",2,"A","-",21703,,"N","A","H","-","A","D","0","Y","A","01",0,0,1,0,0,0,0,0,0,"-","-","ROSEVILLE","PLACER","CA",0,0
"90110366",0,0,2016,"3100","4","2","4","03",0,1,"A",,,,,,1800,1,"C","C","A","SIERRA COLLEGE BOULEVARD (S/B)","OLD AUBURN ROAD",660,"N","N","2016-02-05",9220,"2016-01-26",1750,"013794",,"2","9","0","2",,"2","021","-","N",,0,0,,,0,,,,"Y",3,"A","-",22350,,"N","A","H","-","C","D","0","Y","A","01",0,0,1,0,0,0,0,0,0,"-","-","UNINCORPORATED","PLACER","CA",0,0
"90110297",0,0,2016,"3105","1","5","4","03",0,1,"C",,,,,,1800,1,"C","C","A","I-80 E/B"," EAST ROSEVILLE PKWY O/C",150,"W","N","2016-02-05",9220,"2016-01-29",1735,"016654",,"2","5","0","1",,"2","281","-","N",,0,0,,,0,,,,"Y",3,"A","-",22350,,"N","B","H","-","C","D","0","Y","A","01",0,0,1,0,0,0,0,0,0,"-","-","ROSEVILLE","PLACER","CA",-121.25879,38.76183
"90109260",0,0,2016,"3104","1","2","4","03",0,1,"B",,,,,"Y",2100,2,"C","C","A","I-80 (W/B)","SR-65 O/C",1584,"E","N","2016-02-04",9220,"2016-02-02",1815,"013794",,"2","4","0","1",,"2","281","-","Y",,0,0,,,0,,,,"Y",2,"A","-",22350,,"N","B","H","-","D","D","0","Y","A","01",0,0,1,0,0,0,0,0,0,"-","-","ROCKLIN","PLACER","CA",0,0
"90109255",-121.3622669,38.8244692,2016,"3100","5","7","3","08",0,1,"B",,,,,,2100,1,"E","I","A","SUNSET BOULEVARD WEST","FIDDYMENT ROAD",3696,"W","N","2016-02-04",9220,"2016-01-31",1850,"013794",,"2","9","0","3",,"2","010","-","N",,0,0,,,0,,,,"Y",1,"A","-",22107,,"N","A","H","-","D","D","0","Y","A","01",0,1,0,0,0,0,0,0,0,"-","-","UNINCORPORATED","PLACER","CA",0,0
"90108411",0,0,2016,"3100","1","5","3","03",0,2,"C",,,,,,1800,1,"F","I","A","I-80 W/B","DRUM FOREBAY RD",1320,"E","N","2016-02-03",9221,"2016-01-29",1600,"018940",,"2","9","0","1",,"2","386","-","Y",,0,0,,,0,,,,"Y",1,"A","-",22350,,"N","B","H","-","B","D","0","Y","D","22",0,2,0,0,0,0,0,0,0,"-","-","UNINCORPORATED","PLACER","CA",-120.75139,39.24273
"90108188",-120.2088461,39.2386571,2016,"3100","3","7","4","03",0,1,"D",,,,,,1500,1,"C","C","A","STATE ROUTE 89 SOUTH","SQUAW VALLEY ROAD",13200,"N","N","2016-02-03",9222,"2016-01-31",1400,"017515",,"2","9","0","1",,"1","013","-","Y",,0,0,,,0,,,,"Y",3,"A","-",22350,,"N","C","H","-","A","D","0","Y","A","01",0,0,1,0,0,0,0,0,0,"-","-","UNINCORPORATED","PLACER","CA",0,0
"90107551",-121.1648044,38.756155,2016,"3100","4","5","4","08",0,1,"B",,,,,,600,1,"E","I","A","AUBURN-FOLSOM ROAD","SHELBORNE DRIVE",1056,"S","N","2016-02-02",9220,"2016-01-22",455,"012239",,"3","9","0","2",,"2","027","C","N",,0,0,,,0,,,,"N",1,"A","-",22107,,"N","B","H","-","D","D","0","Y","A","01",0,0,1,0,0,0,0,0,0,"-","-","UNINCORPORATED","PLACER","CA",-121.16468,38.7559
"90107287",-121.2359924,38.8698328,2016,"3100","4","6","3","01",0,1,"B",,,,,"Y",2400,1,"E","I","A","SIERRA COLLEGE BOULEVARD","TWELVE BRIDGES DR",1584,"N","N","2016-02-02",9220,"2016-01-23",2355,"012239",,"3","9","0","2",,"2","071","-","N",,0,0,,,0,,,,"Y",1,"A","-",23152,"A","N","B","H","-","D","D","0","Y","A","01",0,1,0,0,0,0,0,0,0,"-","-","UNINCORPORATED","PLACER","CA",-121.23569,38.86956
"90107252",-121.0987385,38.94193,2016,"3100","5","5","2","11",0,1,"B","Y",,,,"Y",2100,1,"G","B","D","BELL ROAD","HERITAGE OAK LN",35,"E","N","2016-02-02",9220,"2016-01-22",1845,"012412",,"2","9","0","3",,"2","050","C","N",,0,0,,,0,,,,"N",2,"A","-",21954,"A","N","B","H","-","C","D","0","Y","N","60",1,0,0,0,1,0,0,0,0,"-","-","UNINCORPORATED","PLACER","CA",-121.09866,38.94189
"90106632",0,0,2016,"3101","3","1","4","03",0,1,"A",,,,,,1500,1,"C","C","A","SR-49 N/B","LUTHER RD",46,"S","N","2016-02-01",9220,"2016-01-25",1326,"016668",,"1","3","0","1",,"1","249","-","Y",,0,0,,,0,,,,"Y",2,"A","-",22350,,"N","A","H","-","A","A","0","Y","A","08",0,0,1,0,0,0,0,0,0,"-","-","AUBURN","PLACER","CA",0,0
"90104750",0,0,2016,"3105","1","3","4","07",0,1,"B",,,,,,900,1,"E","I","A","I-80 E/B","LEAD HILL BL.",200,"E","N","2016-01-28",9220,"2016-01-20",830,"013466",,"1","5","0","1",,"2","281","-","Y",,0,0,,,0,,,,"Y",2,"A","-",21658,"A","F","B","H","-","A","A","0","Y","A","07",0,0,1,0,0,0,0,0,0,"-","-","ROSEVILLE","PLACER","CA",0,0
"90104695",0,0,2016,"3100","5","1","4","08",0,1,"B",,,,,,300,1,"E","I","A","FIDDYMENT ROAD","SUNSET BLVDW",2112,"N","N","2016-01-28",9220,"2016-01-25",247,"014282",,"3","9","0","3",,"2","010","-","N",,0,0,,,0,,,,"Y",1,"A","-",22107,,"N","B","H","-","D","D","0","Y","A","01",0,0,1,0,0,0,0,0,0,"-","-","UNINCORPORATED","PLACER","CA",-121.34932,38.8302
"90104578",-121.0865974,38.9271361,2016,"3100","3","3","3","01",0,3,"A",,,,,"Y",1800,1,"C","C","A","SR-49","LUTHER RD",65,"S","N","2016-01-28",9220,"2016-01-20",1740,"012412",,"2","9","0","1",,"1","249","-","Y",,0,0,,,0,,,,"Y",4,"A","-",23152,"A","N","A","H","-","C","A","0","Y","A","01",0,1,2,0,0,0,0,0,0,"-","-","UNINCORPORATED","PLACER","CA",-121.08638,38.92708
"90104513",0,0,2016,"3100","1","4","2","03",0,2,"B",,,,,,1200,1,"B","C","A","I-80 W/B","DONNER PASS RD. (RAINBOW RD.)",5280,"W","N","2016-01-28",9221,"2016-01-14",1047,"020154",,"1","9","0","1",,"2","388","-","Y",,0,0,,,0,,,,"Y",2,"A","-",22350,,"N","B","H","-","A","D","0","Y","A","07",1,1,0,0,0,0,0,0,0,"-","-","UNINCORPORATED","PLACER","CA",-120.5168,39.31274
"90104452",0,0,2016,"3100","5","2","4","12",0,1,"C","Y",,,,,900,1,"G","B","B","LARIAT RANCH RD","BEAN RD",5,"W","N","2016-01-28",9220,"2016-01-19",850,"016031",,"1","9","0","3",,"2","040","-","N",,0,0,,,0,,,,"N",2,"A","-",22450,"A","N","B","H","-","A","D","0","Y","A","01",0,0,1,0,1,0,0,0,0,"-","-","UNINCORPORATED","PLACER","CA",0,0
"90103641",-120.0347604,39.250588,2016,"3100","3","7","2","05",0,5,"B",,,,,,900,1,"A","C","A","SR-267","KINGSWOOD DRIVE",81,"S","N","2016-01-27",9222,"2016-01-24",630,"019477",,"1","9","0","1",,"1","016","-","Y",,0,0,,,0,,,,"Y",2,"A","-",21460,"A","N","C","H","-","D","D","0","Y","A","07",2,1,2,0,0,0,0,0,0,"-","-","UNINCORPORATED","PLACER","CA",-120.03466,39.25034
"90102814",0,0,2016,"3105","1","4","4","01",0,1,"B",,,,,,300,1,"E","I","A","I-80 E/B","TAYLOR RD",906,"E","N","2016-01-26",9220,"2016-01-21",35,"011085",,"3","5","0","1",,"2","281","-","Y",,0,0,,,0,,,,"Y",1,"A","-",23152,"E","N","A","H","-","C","D","0","Y","A","01",0,0,1,0,0,0,0,0,0,"-","-","ROSEVILLE","PLACER","CA",-121.25307,38.76696
"90102631",0,0,2016,"3105","1","5","3","07",0,1,"C",,,,,,900,1,"B","C","A","I-80 W/B"," ROSEVILLE PKWY",100,"W","N","2016-01-26",9220,"2016-01-22",640,"015197",,"1","5","0","1",,"2","281","-","Y",,0,0,,,0,,,,"Y",2,"A","-",21658,"A","N","B","H","-","C","D","0","Y","D","22",0,1,0,0,0,0,0,0,0,"-","-","ROSEVILLE","PLACER","CA",-121.25912,38.76239
"90102563",-121.1019123,38.8573361,2016,"3100","4","6","4","08",0,1,"B",,,,,,900,1,"E","I","A","AUBURN FOLSOM ROAD","COMSTOCK LANE",400,"S","N","2016-01-26",9220,"2016-01-23",830,"014466",,"1","9","0","2",,"2","077","C","N",,0,0,,,0,,,,"Y",1,"A","-",22107,,"N","B","H","-","A","D","0","Y","A","01",0,0,1,0,0,0,0,0,0,"-","-","UNINCORPORATED","PLACER","CA",-121.10166,38.8568
"90102464",-120.0631427,39.255137,2016,"3100","5","1","3","03",0,2,"B",,,,,,1200,1,"B","C","A","REGENCY WAY","ALLENBY WAY",1056,"W","N","2016-05-12",9222,"2016-01-18",1005,"019477",,"1","9","0","3",,"2","010","-","Y",,0,0,,,0,,,,"Y",2,"A","-",22350,,"N","C","H","-","A","D","0","Y","D","22",0,1,1,0,0,0,0,0,0,"-","-","UNINCORPORATED","PLACER","CA",-120.05274,39.25506
"90100914",-121.0804268,38.8741765,2016,"3101","S","6","2","03",0,2,"C",,,,,"Y",300,1,"B","C","A","SHIRLAND TRACT RD","ROSEMARY CIR",525,"N","N","2016-01-22",9220,"2016-01-09",10,"011085",,"3","3","0","2",,"2","901","-","N",,0,0,,,0,,,,"Y",2,"A","-",22350,,"N","B","H","-","D","D","0","Y","A","01",1,0,1,0,0,0,0,0,0,"-","-","AUBURN","PLACER","CA",-121.07996,38.87093
"90100198",0,0,2016,"3100","1","4","4","03",0,3,"D",,,,,,1800,1,"C","C","A","I-80 E/B","NYACK RD",3168,"E","N","2016-01-21",9221,"2016-01-14",1500,"016682",,"2","9","0","1",,"2","386","-","Y",,0,0,,,0,,,,"Y",3,"A","-",22350,,"N","C","C","-","A","A","0","Y","A","08",0,0,3,0,0,0,0,0,0,"-","-","UNINCORPORATED","PLACER","CA",-120.67248,39.2988
"90099640",0,0,2016,"3105","1","5","4","03",0,1,"A",,,,,,2100,1,"C","C","A","I-80 W/B","LEAD HILL BLVD",75,"E","N","2016-01-21",9220,"2016-01-15",1845,"15060",,"2","5","0","1",,"2","281","-","Y",,0,0,,,0,,,,"Y",2,"A","-",22350,,"N","A","H","-","C","D","0","Y","A","01",0,0,1,0,0,0,0,0,0,"-","-","ROSEVILLE","PLACER","CA",-121.26569,38.75215
"90099633",0,0,2016,"3100","1","6","3","03",0,2,"B",,,,,,1500,1,"C","C","A","I-80 W/B","SR-65",1584,"E","N","2016-01-21",9220,"2016-01-16",1240,"015197",,"1","9","0","1",,"2","281","-","Y",,0,0,,,0,,,,"Y",3,"A","-",22350,,"N","A","H","-","A","D","0","Y","A","07",0,1,1,0,0,0,0,0,0,"-","-","UNINCORPORATED","PLACER","CA",-121.1243,38.77363
"90099506",0,0,2016,"3100","1","5","4","03",0,1,"B",,,,"Y",,900,1,"E","I","A","I-80 W/B","DRUM FOREBAY RD",234,"W","N","2016-01-21",9221,"2016-01-15",855,"018940",,"1","9","0","1",,"2","385","-","Y",,0,0,,,0,,,,"Y",2,"A","-",22350,,"N","C","H","-","A","D","0","Y","A","01",0,0,1,0,0,0,0,0,0,"-","-","UNINCORPORATED","PLACER","CA",-120.75335,39.2365
"90098787",-120.7648289,39.2266086,2016,"3100","1","7","3","03",0,1,"C",,,,,,1500,1,"C","C","A","I-80 EASTBOUND","DRUM FOREBAY ROAD",5280,"W","N","2016-01-20",9221,"2016-01-17",1250,"015950",,"1","9","0","1",,"2","385","-","Y",,0,0,,,0,,,,"Y",2,"A","-",22350,,"N","B","H","-","A","D","0","Y","A","07",0,1,0,0,0,0,0,0,0,"-","-","UNINCORPORATED","PLACER","CA",-120.76396,39.22687
"90098651",-121.0933639,38.9350459,2016,"3100","3","4","4","03",0,1,"C",,,,,,2100,1,"C","C","A","SR-49","ATWOOD RD",35,"S","N","2016-01-20",9220,"2016-01-14",1800,"012412",,"2","9","0","1",,"1","249","-","Y",,0,0,,,0,,,,"N",2,"A","-",22350,,"N","B","H","-","C","A","0","Y","A","01",0,0,1,0,0,0,0,0,0,"-","-","UNINCORPORATED","PLACER","CA",-121.09313,38.93497
"90098631",-121.0233401,38.9952917,2016,"3100","4","4","4","03",0,1,"B",,,,,,1800,1,"C","C","A","PLACER HILLS RD","MEADOW VISTA RD",455,"N","N","2016-01-20",9220,"2016-01-07",1740,"012412",,"2","9","0","2",,"2","051","-","N",,0,0,,,0,,,,"N",2,"A","-",22350,,"N","B","H","-","C","D","0","Y","A","07",0,0,1,0,0,0,0,0,0,"-","-","UNINCORPORATED","PLACER","CA",-121.02345,38.99507
"90098628",0,0,2016,"3100","4","1","4","03",0,1,"B",,,,,,1500,1,"C","C","A","AUBURN FOLSOM ROAD (S/B)","DOUGLAS BOULEVARD",117,"S","N","2016-01-20",9220,"2016-01-18",1445,"013794",,"2","9","0","2",,"2","027","-","N",,0,0,,,0,,,,"N",2,"A","-",22350,,"N","A","H","-","A","D","0","Y","A","01",0,0,1,0,0,0,0,0,0,"-","-","UNINCORPORATED","PLACER","CA",0,0
"90098617",-121.2127202,38.7278175,2016,"3100","5","4","3","10",0,1,"B","Y",,,,,900,1,"G","B","B","EAST ROSEVILLE PKWY","ELMHURST DR",12,"S","N","2016-01-20",9220,"2016-01-14",730,"015197",,"1","9","0","3",,"2","020","-","N",,0,0,,,0,,,,"N",2,"A","-",21950,"A","N","A","H","-","A","D","0","Y","A","01",0,1,0,0,1,0,0,0,0,"-","-","UNINCORPORATED","PLACER","CA",-121.21251,38.72796
"90098568",-121.2393317,38.8974664,2016,"3100","5","4","3","01",0,1,"B",,,,,"Y",1500,1,"E","I","A","VIRGINIA TOWN RD.","COYOTE LANE",344,"W","N","2016-01-20",9220,"2016-01-14",1210,"013257",,"1","9","0","3",,"2","030","-","N",,0,0,,,0,,,,"Y",1,"A","-",23152,"A","N","B","H","-","A","D","0","Y","D","22",0,1,0,0,0,0,0,0,0,"-","-","UNINCORPORATED","PLACER","CA",0,0
"90097992",-120.8386232,39.1897926,2016,"3100","5","1","2","22",0,1,"B",,,"Y",,,1800,1,"E","I","A","LINCOLN RD.","RIDGE RD",2112,"W","N","2016-01-19",9221,"2016-01-11",1635,"017320",,"2","9","0","3",,"2","070","-","N",,0,0,,,0,,,,"Y",1,"B","-",0,,"N","D","H","-","A","D","0","Y","-","-",1,0,0,0,0,0,0,0,1,"-","-","UNINCORPORATED","PLACER","CA",-120.83974,39.18971
"90097846",0,0,2016,"3100","1","5","4","01",0,4,"B",,,,,"Y",1800,1,"C","C","A","I-80 W/B","SR-174 O/C",300,"E","N","2016-01-19",9221,"2016-01-15",1755,"017979",,"2","9","0","1",,"2","384","-","Y",,0,0,,,0,,,,"Y",2,"A","-",23152,"A","N","A","H","-","D","D","0","Y","A","07",0,0,4,0,0,0,0,0,0,"-","-","UNINCORPORATED","PLACER","CA",-120.9496,39.09703
"90097790",-121.1691496,38.7852469,2016,"3100","5","2","4","01",0,1,"B",,,,,,2100,1,"E","I","A","WELLS AVENUE","LAIRD ROAD",76,"W","N","2016-01-19",9220,"2016-01-12",1940,"013794",,"2","9","0","3",,"2","020","-","N",,0,0,,,0,,,,"Y",1,"A","-",23152,"A","N","A","H","-","D","D","0","Y","A","01",0,0,1,0,0,0,0,0,0,"-","-","UNINCORPORATED","PLACER","CA",0,0