"CASEID","POINT_X","POINT_Y","YEAR_","LOCATION","CHPTYPE","DAYWEEK","CRASHSEV","VIOLCAT","KILLED","INJURED","WEATHER1","PEDCOL","BICCOL","MCCOL","TRUCKCOL","ETOH","TIMECAT","MONTH_","CRASHTYP","INVOLVE","PED","PRIMARYRD","SECONDRD","DISTANCE","DIRECT","INTERSECT_","PROCDATE","JURIS","DATE_","TIME_","BADGE","JURIDIST","SHIFT","POP","SPECIAL","BEATTYPE","LAPDDIV","BEATCLAS","BEATNUMB","WEATHER2","STATEHW","CALTRANC","CALTRAND","STROUTE","ROUTESUF","POSTPRE","POSTMILE","LOCATYPE","RAMP","SIDEHW","TOWAWAY","PARTIES","PCF","VIOLCODE","VIOL","VIOLSUB","HITRUN","ROADSURF","RDCOND1","RDCOND2","LIGHTING","RIGHTWAY","CHPRDTYP","NOTPRIV","STFAULT","CHPFAULT","SEVINJ","OTHERINJ","COP","PEDKILL","PEDINJ","BICKILL","BICINJ","MCKILL","MCINJURE","RAMP1","RAMP2","CITY","COUNTY","STATE","X_CHP","Y_CHP"
"8110383",0,0,2016,"3104","0","4","3","12",0,1,"A",,,,,,1800,8,"D","C","A","COMMONS DR","SIERRA COLLEGE BL",0,,"Y","2016-08-29",3104,"2016-08-25",1551,"284","42","5","4","0","0",,"0","001","-","N",,0,0,,,0,,,,"Y",2,"A","-",21453,"A","N","A","H","-","A","A","0","Y","A","01",0,1,0,0,0,0,0,0,0,"-","-","ROCKLIN","PLACER","CA",-121.20692,38.80508
"8110328",-121.2762831,38.8022451,2016,"3104","0","5","3","07",0,2,"A",,,,,,1500,8,"D","C","A","PARK DR","ARNOLD DR",0,,"Y","2016-08-30",3104,"2016-08-19",1204,"283","10","5","4","0","0",,"0","004","-","N",,0,0,,,0,,,,"Y",2,"A","-",21658,"A","N","A","H","-","A","D","0","Y","A","01",0,1,1,0,0,0,0,0,0,"-","-","ROCKLIN","PLACER","CA",-121.27603,38.80219
"8110324",-121.2250431,38.7866552,2016,"3104","0","1","4","03",0,1,"A",,,,,,1800,8,"C","C","A","ROCKLIN RD","RT 80",45,"W","N","2017-02-28",3104,"2016-08-22",1516,"284","43","5","4","0","0",,"0","001","-","Y","PLA",3,80,"-","-",5.927,"R","4","W","N",2,"A","-",22350,,"N","A","H","-","A","A","0","Y","A","01",0,0,1,0,0,0,0,0,0,"-","WO","ROCKLIN","PLACER","CA",-121.22062,38.78962
"8104719",0,0,2016,"3104","0","5","4","12",0,2,"A",,,,,,2100,8,"D","C","A","PARK DR","SANDY TRL",35,"N","N","2016-08-26",3104,"2016-08-12",1801,"256","10","5","4","0","0",,"0","004","-","N",,0,0,,,0,,,,"N",2,"A","-",21453,"A","N","A","H","-","A","A","0","Y","A","01",0,0,2,0,0,0,0,0,0,"-","-","ROCKLIN","PLACER","CA",-121.27705,38.80001
"8104715",-121.2533182,38.7868957,2016,"3104","0","2","3","05",0,1,"A",,"Y",,,,2100,8,"D","G","A","SUNSET BL","WHITNEY BL",133,"W","N","2016-08-26",3104,"2016-08-16",1818,"257","38","5","4","0","0",,"0","003","-","N",,0,0,,,0,,,,"N",2,"A","-",21650,"1","N","A","H","-","A","D","0","Y","L","04",0,1,0,0,0,0,1,0,0,"-","-","ROCKLIN","PLACER","CA",-121.25271,38.78666
"8104671",-121.232546,38.7953049,2016,"3104","0","7","3","12",0,3,"A",,,,,,1800,8,"D","C","A","PACIFIC ST","E MIDAS AV",21,"S","N","2016-08-26",3104,"2016-08-14",1545,"256","44","5","4","0","0",,"0","001","-","N",,0,0,,,0,,,,"N",2,"A","-",21453,"A","N","A","H","-","A","A","0","Y","-",,0,2,1,0,0,0,0,0,0,"-","-","ROCKLIN","PLACER","CA",-121.23246,38.79534
"8103878",-121.2867231,38.8150351,2016,"3104","0","4","3","12",0,3,"A",,,,,,2400,9,"D","C","A","STANFORD RANCH RD","SUNSET BL",0,,"Y","2016-09-30",3104,"2016-09-15",2317,"279","38","5","4","0","0",,"0","003","-","N",,0,0,,,0,,,,"Y",2,"A","-",21453,"A","N","A","H","-","C","A","0","Y","A","01",0,1,2,0,0,0,0,0,0,"-","-","ROCKLIN","PLACER","CA",-121.26483,38.79623
"8102536",-121.2528931,38.7867451,2016,"3104","0","5","4","12",0,2,"A",,,,,,2100,8,"D","C","A","SUNSET","WHITNEY BL",0,,"Y","2016-08-18",3104,"2016-08-05",1908,"278","37","5","4","0","0",,"0","002","-","N",,0,0,,,0,,,,"Y",2,"A","-",21453,"A","N","A","H","-","A","A","0","Y","A","01",0,0,2,0,0,0,0,0,0,"-","-","ROCKLIN","PLACER","CA",-121.25271,38.78666
"8102532",-121.2196531,38.7911752,2016,"3104","0","5","3","12",0,2,"A",,,,,,1800,8,"D","C","A","ROCKLIN RD","RT 80",15,"E","N","2017-02-28",3104,"2016-08-05",1537,"256","43","5","4","0","0",,"0","001","-","Y","PLA",3,80,"-","-",6.214,"R","4","W","N",2,"A","-",21453,"A","N","A","H","-","A","A","0","Y","A","01",0,1,1,0,0,0,0,0,0,"-","WF","ROCKLIN","PLACER","CA",-121.22097,38.78851
"8100052",0,0,2016,"3104","0","4","3","12",0,1,"A",,,,,,2400,7,"A","C","A","SIERRA COLLEGE BL","BASS LAKE RD",0,,"Y","2016-08-11",3104,"2016-07-28",2124,"284","42","5","4","0","0",,"0","001","-","N",,0,0,,,0,,,,"Y",2,"A","-",21453,"A","N","A","H","-","A","A","0","Y","A","01",0,1,0,0,0,0,0,0,0,"-","-","ROCKLIN","PLACER","CA",-121.21379,38.80023
"8100048",-121.2228731,38.788465,2016,"3104","0","5","4","12",0,1,"A",,,,,,1500,7,"D","C","A","ROCKLIN RD","RT 80",0,,"Y","2016-08-11",3104,"2016-07-29",1300,"262","43","5","4","0","0",,"0","001","-","N",,0,0,,,0,,,,"Y",2,"A","-",21453,"A","N","A","H","-","A","A","0","Y","A","01",0,0,1,0,0,0,0,0,0,"-","-","ROCKLIN","PLACER","CA",-121.22097,38.78851
"8100028",-121.2421531,38.7813651,2016,"3104","0","3","4","12",0,1,"A",,,,,,2400,7,"D","C","A","PACIFIC ST","SUNSET BL",0,,"Y","2016-08-11",3104,"2016-07-20",2210,"224","46","5","4","0","0",,"0","002","-","N",,0,0,,,0,,,,"Y",2,"A","-",21453,"A","N","A","H","-","C","A","0","Y","-","-",0,0,1,0,0,0,0,0,0,"-","-","ROCKLIN","PLACER","CA",-121.2422,38.78138
"8098662",0,0,2016,"3103","0","5","4","21",0,1,"A",,,,,,1200,6,"B","C","A","LINCOLN BL","2ND ST",150,"S","N","2016-08-08",3103,"2016-06-03",1130,"JSHAW","L5","5","2","0","0",,"0","0L3","-","N",,0,0,,,0,,,,"N",2,"A","-",22106,,"N","A","H","-","A","D","0","Y","A","07",0,0,1,0,0,0,0,0,0,"-","-","LINCOLN","PLACER","CA",-121.30532,38.90557
"8096685",-121.0765836,38.9054326,2016,"3101","0","1","4","03",0,2,"A",,,,,,1500,8,"C","C","A","RT 49","FULWEILER AV",511,"N","N","2017-02-24",3101,"2016-08-01",1455,"A242","APD","5","3","0","0",,"0","001","-","Y","PLA",3,49,"-","-",3.57,"H","-","S","Y",3,"A","-",22350,,"N","A","H","-","A","A","0","Y","-",,0,0,2,0,0,0,0,0,0,"-","-","AUBURN","PLACER","CA",0,0
"8096283",-121.282123,38.8671051,2016,"3103","0","1","4","09",0,1,"A",,,,,,2100,7,"D","C","A","SUN PARK LN","MAGNOLIA LN",0,,"Y","2016-08-05",3103,"2016-07-18",1850,"KJOHN","L7","5","2","0","0",,"0","0L4","-","N",,0,0,,,0,,,,"Y",2,"A","-",21803,"A","N","A","H","-","A","D","0","Y","A","01",0,0,1,0,0,0,0,0,0,"-","-","LINCOLN","PLACER","CA",-121.28207,38.86714
"8096279",-121.3189738,38.886983,2016,"3103","0","7","4","01",0,1,"A",,,,,"Y",2400,7,"C","E","A","1ST ST","AUSTIN CT",262,"E","N","2016-08-05",3103,"2016-07-10",2116,"JMCCA","L2","5","2","0","0",,"0","0L1","-","N",,0,0,,,0,,,,"Y",2,"A","-",23152,"A","N","A","H","-","C","D","0","Y","A","01",0,0,1,0,0,0,0,0,0,"-","-","LINCOLN","PLACER","CA",-121.31894,38.88725
"8096218",-121.2890332,38.8875181,2016,"3103","0","1","4","03",0,1,"A",,,,,,2400,7,"C","C","A","D ST","2ND ST",130,"S","N","2016-08-08",3103,"2016-07-04",2218,"JMCCA","15","5","2","0","0",,"0","013","-","N",,0,0,,,0,,,,"N",2,"A","-",22350,,"N","A","H","-","C","D","0","Y","A","01",0,0,1,0,0,0,0,0,0,"-","-","LINCOLN","PLACER","CA",-121.289,38.88788
"8096163",0,0,2016,"3103","0","6","4","03",0,1,"A",,,,,,1800,7,"C","C","A","FERRARI RANCH RD","INGRAM PKWY",42,"W","N","2016-08-09",3103,"2016-07-30",1533,"KKLEM","L6","5","2","0","0",,"0","0L4","-","N",,0,0,,,0,,,,"N",2,"A","-",22350,,"N","A","H","-","A","A","0","Y","A","01",0,0,1,0,0,0,0,0,0,"-","-","LINCOLN","PLACER","CA",-121.28933,38.87632
"8096085",-121.2740232,38.856885,2016,"3103","0","3","4","03",0,1,"A",,,,,,1200,7,"E","I","A","DEL WEBB BL","SPRINGVALLEY PKWY",0,"W","N","2016-08-08",3103,"2016-07-06",1005,"JSHAW","L7","5","2","0","0",,"0","0L4","-","N",,0,0,,,0,,,,"Y",1,"A","-",22350,,"N","A","H","-","A","D","0","Y","A","71",0,0,1,0,0,0,0,0,0,"-","-","LINCOLN","PLACER","CA",-121.28461,38.85565
"8092932",-121.0598531,38.9005652,2016,"3101","0","5","4","03",0,1,"A",,,,,,1200,7,"B","-","A","RT 49","MILE MARKET 1/89",30,"W","N","2017-02-28",3101,"2016-07-22",1010,"20","3101","5","3","0","0",,"0","002","-","Y","PLA",3,49,"-","-",1.89,"H","-","S","Y",1,"A","-",22350,,"N","A","H","-","A","D","0","Y","-","-",0,0,1,0,0,0,0,0,0,"-","-","AUBURN","PLACER","CA",0,0
"8087388",0,0,2016,"3102","0","7","3","03",0,1,"A","Y",,,,,2400,7,"G","B","E","RAILROAD ST","E OAK ST",600,"S","N","2016-07-20",3100,"2016-07-03",2157,"190",,"5","1","0","0",,"0",,"-","N",,0,0,,,0,,,,"N",2,"A","-",22350,,"N","A","H","-","C","D","0","Y","D",,0,1,0,0,1,0,0,0,0,"-","-","COLFAX","PLACER","CA",0,0
"8076945",-121.2263831,38.788545,2016,"3104","0","3","4","09",0,2,"A",,,,,"Y",1200,6,"D","C","A","ROCKLIN RD","GRANITE DR",0,,"Y","2016-07-21",3104,"2016-06-29",1157,"259","43","5","4","0","0",,"0","001","-","N",,0,0,,,0,,,,"N",2,"A","-",21453,"C","N","A","H","-","A","A","0","Y","A","01",0,0,2,0,0,0,0,0,0,"-","-","ROCKLIN","PLACER","CA",-121.22633,38.78845
"8075037",0,0,2016,"3103","0","7","3","12",0,1,"A",,,"Y",,,1800,6,"C","C","A","LINCOLN BL","1ST ST",15,"N","N","2016-07-06",3103,"2016-06-19",1500,"KJOHN","L5","5","2","0","0",,"0","0L3","-","N",,0,0,,,0,,,,"N",3,"A","-",22450,,"N","A","H","-","A","A","0","Y","A","01",0,1,0,0,0,0,0,0,1,"-","-","LINCOLN","PLACER","CA",-121.29279,38.88654
"8075035",0,0,2016,"3103","0","4","4","03",0,1,"A",,,,,,1200,6,"C","C","A","LINCOLN BL","FERRARI RANCH RD",36,"S","N","2016-07-07",3103,"2016-06-16",1040,"JSHAW","L7","5","2","0","0",,"0","0L4","-","N",,0,0,,,0,,,,"N",2,"A","-",22350,,"N","A","H","-","A","A","0","Y","A","07",0,0,1,0,0,0,0,0,0,"-","-","LINCOLN","PLACER","CA",-121.29543,38.87963
"8075033",-121.2843835,38.8904563,2016,"3103","0","7","4","01",0,1,"A",,,,,,1800,6,"C","C","A","EAST AV","MCBEAN PARK DR",15,"N","N","2016-07-07",3103,"2016-06-05",1642,"BSCHN","L5","5","2","0","0",,"0","0L3","-","N",,0,0,,,0,,,,"Y",2,"A","-",23152,"E","N","A","H","-","A","A","0","Y","A","01",0,0,1,0,0,0,0,0,0,"-","-","LINCOLN","PLACER","CA",-121.28439,38.89042
"8074930",-121.2846091,38.8904558,2016,"3103","0","5","4","08",0,1,"A",,,,,,300,6,"E","I","A","MCBEAN PARK DR","EAST AV",66,"W","N","2016-07-06",3103,"2016-06-03",17,"JHENS","L5","5","2","0","0",,"0","0L3","-","N",,0,0,,,0,,,,"Y",1,"A","-",22107,,"N","A","H","-","C","A","0","Y","A","01",0,0,1,0,0,0,0,0,0,"-","-","LINCOLN","PLACER","CA",-121.28439,38.89042
"8074929",-121.2846332,38.8612148,2016,"3103","0","4","3","00",0,1,"A",,,,,,1800,6,"E","J","A","LINCOLN BL","STERLING PKWY",5280,"S","N","2016-07-06",3103,"2016-06-09",1657,"WCOLL","L7","5","2","0","0",,"0","0L4","-","N",,0,0,,,0,,,,"N",1,"D","-",0,,"N","A","H","-","A","D","0","Y","-","-",0,1,0,0,0,0,0,0,0,"-","-","LINCOLN","PLACER","CA",-121.29939,38.86999
"8074928",0,0,2016,"3103","0","5","4","03",0,2,"A",,,,,,1500,6,"C","C","A","LINCOLN BL","2ND ST",33,"S","N","2016-07-06",3103,"2016-06-10",1446,"JSHAW","L5","5","2","0","0",,"0","0L3","-","N",,0,0,,,0,,,,"N",3,"A","-",22350,,"N","A","H","-","A","D","0","Y","A","01",0,0,2,0,0,0,0,0,0,"-","-","LINCOLN","PLACER","CA",0,0
"8074769",0,0,2016,"3103","0","5","3","03",0,1,"A",,,,,,1500,5,"E","I","A","SUN CITY BL","DAY LILLY LN",344,"N","N","2016-07-07",3103,"2016-05-27",1404,"WCOLL","L6","5","2","0","0",,"0","0L4","-","N",,0,0,,,0,,,,"Y",1,"A","-",22350,,"N","A","H","-","A","B","0","Y","A","07",0,1,0,0,0,0,0,0,0,"-","-","LINCOLN","PLACER","CA",-121.27489,38.87899
"8073289",0,0,2016,"3103","0","1","3","03",0,2,"A",,,,,,1800,6,"C","C","A","TWELVE BRIDGES DR","FIELDSTONE DR",0,,"Y","2016-07-13",3103,"2016-06-27",1617,"BSCHN","L8","5","2","0","0",,"0","0L4","-","N",,0,0,,,0,,,,"Y",2,"A","-",22350,,"N","A","H","-","A","A","0","Y","D","23",0,1,1,0,0,0,0,0,0,"-","-","LINCOLN","PLACER","CA",-121.28758,38.85036
"8071033",-121.2488771,38.7753719,2016,"3104","0","4","4","03",0,2,"A",,,,,,1800,6,"C","C","A","PACIFIC ST","WOODSIDE DR",1056,"S","N","2016-06-30",3104,"2016-06-16",1625,"284","46","5","4","0","0",,"0","002","-","N",,0,0,,,0,,,,"N",2,"A","-",22350,,"M","A","H","-","A","D","0","Y","A","01",0,0,2,0,0,0,0,0,0,"-","-","ROCKLIN","PLACER","CA",-121.24876,38.77476
"8070970",0,0,2016,"3104","0","4","4","00",0,1,"A",,,,,,300,6,"E","I","A","SUNSET BL","CITY LIGHT POLE D1940",844,"E","N","2016-06-30",3104,"2016-06-23",230,"520","9","5","4","0","0",,"0","004","-","N",,0,0,,,0,,,,"Y",1,"A","-",22658,"A","N","A","H","-","C","A","0","Y","A","07",0,0,1,0,0,0,0,0,0,"-","-","ROCKLIN","PLACER","CA",-121.29301,38.81616
"8063149",-121.2842031,38.802815,2016,"3104","0","2","3","09",0,3,"A",,,,,,2100,9,"D","C","A","BLUE OAKS BL","TANAGER WY",0,,"Y","2016-09-28",3104,"2016-09-13",1813,"284","11","5","4","0","0",,"0","004","-","N",,0,0,,,0,,,,"Y",3,"A","-",21802,"A","N","A","H","-","A","A","0","Y","A","01",0,1,2,0,0,0,0,0,0,"-","-","ROCKLIN","PLACER","CA",-121.28405,38.80281
"8061785",-121.2866433,38.8149253,2016,"3104","0","5","4","03",0,1,"A",,,,,,900,6,"C","C","A","SUNSET BL","STANFORD RANCH RD",46,"S","N","2016-06-21",3104,"2016-06-10",821,"251","12","5","4","0","0",,"0","004","-","N",,0,0,,,0,,,,"N",2,"A","-",22350,,"N","A","H","-","A","D","0","Y","A","01",0,0,1,0,0,0,0,0,0,"-","-","ROCKLIN","PLACER","CA",-121.23861,38.81697
"8061220",0,0,2016,"3104","0","3","3","01",0,1,"A",,,,,,900,7,"F","J","A","SIERRA COLLEGE BL","CITY LIGHT POLE #C10678",39,"S","N","2016-07-22",3104,"2016-07-13",710,"282","52","5","4","0","0",,"0","001","-","N",,0,0,,,0,,,,"Y",1,"A","-",23152,"F","N","A","H","-","A","D","0","Y","D","22",0,1,0,0,0,0,0,0,0,"-","-","ROCKLIN","PLACER","CA",-121.21037,38.77389
"8060158",-121.2636331,38.788035,2016,"3104","0","3","3","17",0,1,"A",,"Y",,,,1500,6,"H","G","A","FAIRWAY DR","CASA GRANDE AV",0,,"Y","2016-06-22",3104,"2016-06-08",1220,"242","38","5","4","0","0",,"0","003","-","N",,0,0,,,0,,,,"N",2,"A","-",21209,"A","M","A","H","-","A","D","0","Y","D","22",0,1,0,0,0,0,1,0,0,"-","-","ROCKLIN","PLACER","CA",-121.26357,38.78802
"8057780",-121.0739828,38.9064298,2016,"3101","0","3","4","03",0,1,"A",,,,,,1200,6,"E","J","A","EPPERLE LN","AUBURN RAVINE RD",41,"S","N","2016-06-18",3101,"2016-06-08",1050,"257","3101","5","3","0","0",,"0","001","-","N",,0,0,,,0,,,,"Y",1,"A","-",22350,,"N","A","H","-","A","A","0","Y","A","01",0,0,1,0,0,0,0,0,0,"-","-","AUBURN","PLACER","CA",0,0
"8054066",-121.0742423,38.8950038,2016,"3101","0","4","4","08",0,1,"A",,,,,,1500,5,"A","C","A","HIGH ST","PLEASANT AV",12,"N","N","2016-06-06",3101,"2016-05-19",1329,"20","3101","5","3","0","0",,"0","002","-","N",,0,0,,,0,,,,"N",2,"A","-",22107,,"N","A","H","-","A","D","0","Y","A","01",0,0,1,0,0,0,0,0,0,"-","-","AUBURN","PLACER","CA",0,0
"8053256",0,0,2016,"3103","0","5","3","18",0,1,"A","Y",,,,,1200,4,"G","B","E","CAMINO VERDERA","SENDA ROBLE",93,"N","N","2016-06-07",3103,"2016-04-29",1110,"JSHAW","L8","5","2","0","0",,"0","0L4","-","N",,0,0,,,0,,,,"N",2,"C","-",0,,"N","A","H","-","A","D","0","Y","-","-",0,1,0,0,1,0,0,0,0,"-","-","LINCOLN","PLACER","CA",-121.23124,38.85907
"8053244",-121.2940831,38.8957651,2016,"3103","0","5","4","09",0,2,"A",,,,,,1800,4,"D","D","A","H ST","8TH ST",0,,"Y","2016-06-09",3103,"2016-04-29",1507,"JSHAW","L3","5","2","0","0",,"0","0L1","-","N",,0,0,,,0,,,,"Y",2,"A","-",21802,"A","N","A","H","-","A","A","0","Y","A","01",0,0,2,0,0,0,0,0,0,"-","-","LINCOLN","PLACER","CA",-121.29408,38.89578
"8053201",0,0,2016,"3103","0","6","4","12",0,1,"A",,,,,,1200,5,"D","C","A","GROVELAND LN","JOINER PKWY",0,,"Y","2016-06-07",3103,"2016-05-14",1046,"JMORS","L4","5","2","0","0",,"0","0L2","-","N",,0,0,,,0,,,,"Y",2,"A","-",21453,"A","N","A","H","-","A","A","0","Y","A","01",0,0,1,0,0,0,0,0,0,"-","-","LINCOLN","PLACER","CA",-121.3059,38.87648
"8053199",-121.2796007,38.9025446,2016,"3103","0","1","4","03",0,1,"A",,,,,,2100,5,"E","I","A","BLACKSMITH AV","MCCOURTNEY RD",5,"W","N","2016-06-08",3103,"2016-05-23",2027,"JMCCA","L5","5","2","0","0",,"0","0L3","-","N",,0,0,,,0,,,,"Y",1,"A","-",22350,,"N","A","H","-","C","D","0","Y","A","01",0,0,1,0,0,0,0,0,0,"-","-","LINCOLN","PLACER","CA",-121.2795,38.90252
"8053191",-121.2860149,38.8904876,2016,"3103","0","6","2","11",0,1,"A","Y",,,,,2100,5,"G","B","E","MCBEAN PARK DR","B ST",139,"E","N","2016-06-08",3103,"2016-05-07",1805,"JMCCA","L5","5","2","0","0",,"0","0L3","-","N",,0,0,,,0,,,,"N",2,"A","-",21950,"B","N","A","H","-","A","D","0","Y","N","60",1,0,0,0,1,0,0,0,0,"-","-","LINCOLN","PLACER","CA",-121.2852,38.89051
"8053027",0,0,2016,"3103","0","3","4","12",0,1,"A",,,,,,2100,5,"B","C","A","CALEDON CIR","FERRARI RANCH RD",0,,"Y","2016-06-08",3103,"2016-05-18",1839,"BROGE","L4","5","2","0","0",,"0","0L2","-","N",,0,0,,,0,,,,"Y",2,"A","-",21453,"A","N","A","H","-","A","A","0","Y","A","01",0,0,1,0,0,0,0,0,0,"-","-","LINCOLN","PLACER","CA",-121.31177,38.86813
"8052016",-121.2119053,38.8149951,2016,"3106","0","7","3","03",0,1,"B",,,,,,1800,5,"C","C","A","SIERRA COLLEGE BL","BANKHEAD RD",500,"N","N","2016-06-06",3100,"2016-05-22",1607,"87",,"5","2","0","0",,"0","PAUL","-","N",,0,0,,,0,,,,"Y",2,"A","-",22350,,"N","A","H","-","A","D","0","Y","-",,0,1,0,0,0,0,0,0,0,"-","-","LOOMIS","PLACER","CA",0,0
"8050673",-121.1918122,38.8239343,2016,"3106","0","2","3","09",0,1,"A",,,,,,900,5,"B","C","A","TAYLOR RD","KING RD",456,"S","N","2016-05-26",3100,"2016-05-10",818,"101",,"5","2","0","0",,"0","135","-","N",,0,0,,,0,,,,"Y",2,"A","-",21804,"A","N","A","H","-","A","D","0","Y","-",,0,1,0,0,0,0,0,0,0,"-","-","LOOMIS","PLACER","CA",0,0
"8049072",-121.2263831,38.788545,2016,"3104","0","6","4","09",0,1,"A",,,,,,1200,5,"A","C","A","ROCKLIN RD","GRANITE DR",0,,"Y","2016-06-01",3104,"2016-05-14",927,"283","ROSEV","5","4","0","0",,"0","001","-","N",,0,0,,,0,,,,"Y",2,"A","-",21453,"C","N","A","H","-","A","A","0","Y","A","01",0,0,1,0,0,0,0,0,0,"-","-","ROCKLIN","PLACER","CA",0,0
"8046405",0,0,2016,"3104","0","1","4","12",0,3,"A",,,,,,1200,5,"D","C","A","SIERRA COLLEGE","COMMONS DR",0,,"Y","2016-05-24",3104,"2016-05-16",903,"259","42","5","4","0","0",,"0","001","-","N",,0,0,,,0,,,,"Y",2,"A","-",21453,"A","N","A","H","-","A","A","0","Y","A","01",0,0,3,0,0,0,0,0,0,"-","-","ROCKLIN","PLACER","CA",0,0
"8044421",-121.0761645,38.9037838,2016,"3101","0","3","4","08",0,1,"A",,,,,,1200,5,"B","C","A","ELM AV","RT 49",10,"E","N","2017-02-24",3101,"2016-05-18",1001,"20","3101","5","3","0","0",,"0","001","-","Y","PLA",3,49,"-","-",3.47,"I","6","N","N",2,"A","-",22107,,"N","A","H","-","A","A","0","Y","A","01",0,0,1,0,0,0,0,0,0,"-","-","AUBURN","PLACER","CA",0,0
"8040598",-121.2183861,38.804478,2016,"3104","0","2","4","03",0,1,"A",,,,,,1800,5,"C","C","A","PACIFIC ST","DELMAR AV",193,"N","N","2016-05-19",3104,"2016-05-03",1538,"257","43","5","4","0","0",,"0","001","-","N",,0,0,,,0,,,,"Y",3,"A","-",22350,,"N","A","H","-","A","A","0","Y","A","01",0,0,1,0,0,0,0,0,0,"-","-","ROCKLIN","PLACER","CA",-121.21885,38.80415
"8040594",-121.2687229,38.7995309,2016,"3104","0","4","4","03",0,1,"C",,,,,,1800,5,"C","C","A","SUNSET BL","LITTLE ROCK RD",698,"S","N","2016-05-19",3104,"2016-05-05",1751,"240","10B","5","4","0","0",,"0","004","-","N",,0,0,,,0,,,,"Y",3,"A","-",22350,,"N","B","H","-","A","D","0","Y","A","01",0,0,1,0,0,0,0,0,0,"-","-","ROCKLIN","PLACER","CA",-121.26701,38.79811
"8040564",-121.2196631,38.7909352,2016,"3104","0","4","3","03",0,3,"A",,,,,,900,5,"C","C","A","ROCKLIN RD","RT 80",40,"E","N","2017-02-24",3104,"2016-05-12",726,"259","43","5","4","0","0",,"0","001","-","Y","PLA",3,80,"-","-",6.268,"R","4","E","N",3,"A","-",22350,,"N","A","H","-","A","A","0","Y","A","07",0,1,2,0,0,0,0,0,0,"-","-","ROCKLIN","PLACER","CA",-121.22097,38.78851
"8035076",-121.2657384,38.7835751,2016,"3104","0","5","4","03",0,1,"A",,,,,,1800,4,"C","C","A","FAIRWAY DR","STANFORD RANCH RD",27,"E","N","2016-05-09",3104,"2016-04-29",1748,"251","38","5","4","0","0",,"0","003","-","N",,0,0,,,0,,,,"N",2,"A","-",22350,,"F","A","H","-","A","A","0","Y","D","72",0,0,1,0,0,0,0,0,0,"-","-","ROCKLIN","PLACER","CA",-121.26511,38.78403
"8034897",0,0,2016,"3104","0","2","3","03",0,1,"A",,,"Y",,,2100,4,"H","A","A","GRANITE DR","LIGHT POLE 3531",53,"N","N","2016-08-29",3104,"2016-04-26",1940,"245","42","5","4","0","0",,"0","001","-","N",,0,0,,,0,,,,"N",1,"A","-",22350,,"N","A","H","-","A","D","0","Y","C","02",0,1,0,0,0,0,0,0,1,"-","-","ROCKLIN","PLACER","CA",-121.21264,38.79092
"8034869",-121.2061991,38.78648,2016,"3104","0","2","4","08",0,1,"A",,,,,,1500,4,"B","C","A","SIERRA COLLEGE","ROCKLIN RD",791,"S","N","2016-05-06",3104,"2016-04-26",1220,"248","52","5","4","0","0",,"0","001","-","N",,0,0,,,0,,,,"N",2,"A","-",22107,,"N","A","H","-","A","D","0","Y","-",,0,0,1,0,0,0,0,0,0,"-","-","ROCKLIN","PLACER","CA",0,0
"8033680",0,0,2016,"3103","0","5","4","08",0,1,"A",,,"Y",,,2100,4,"D","C","A","FERRARI RANCH RD","LINCOLN BL",634,"E","N","2016-05-10",3103,"2016-04-01",1941,"BROGE","L7","5","2","0","0",,"0","0L4","-","N",,0,0,,,0,,,,"N",2,"A","-",22107,,"N","A","H","-","A","D","0","Y","A","01",0,0,1,0,0,0,0,0,1,"-","-","LINCOLN","PLACER","CA",-121.29543,38.87963
"8033676",0,0,2016,"3103","0","1","3","09",0,3,"A",,,,,,2100,4,"D","C","A","FERRARI RANCH RD","GROVELAND LN",0,,"Y","2016-05-10",3103,"2016-04-04",1937,"JMCCA","L4","5","2","0","0",,"0","0L2","-","N",,0,0,,,0,,,,"Y",2,"A","-",21453,"C","N","A","H","-","B","A","0","Y","A","01",0,1,2,0,0,0,0,0,0,"-","-","LINCOLN","PLACER","CA",-121.30455,38.87329
"8033668",-121.2844131,38.8931751,2016,"3103","0","4","3","08",0,1,"A",,,"Y",,,1800,4,"A","C","A","EAST AV","6TH ST",0,,"Y","2016-05-06",3103,"2016-04-28",1704,"WCOLL","L5","5","2","0","0",,"0","0L3","-","N",,0,0,,,0,,,,"Y",2,"A","-",22107,,"N","A","D","-","A","D","0","Y","A","08",0,1,0,0,0,0,0,0,1,"-","-","LINCOLN","PLACER","CA",-121.28257,38.8936
"8033664",0,0,2016,"3103","0","3","4","09",0,2,"A",,,,,,1800,4,"D","C","A","LINCOLN BL","1ST ST",307,"S","N","2016-05-06",3103,"2016-04-13",1525,"JSHAW","L5","5","2","0","0",,"0","0L3","-","N",,0,0,,,0,,,,"N",2,"A","-",21801,"A","N","A","H","-","A","D","0","Y","A","01",0,0,2,0,0,0,0,0,0,"-","-","LINCOLN","PLACER","CA",-121.29279,38.88654
"8029228",0,0,2016,"3104","0","5","4","-",0,1,"B",,,,,,600,4,"H","H","A","SIERRA COLLEGE BL","BASS LAKE RD",506,"S","N","2016-04-28",3104,"2016-04-22",557,"254","42","5","4","0","0",,"0","001","-","N",,0,0,,,0,,,,"N",1,"A","-",0,,"N","A","H","-","B","D","0","Y","-","-",0,0,1,0,0,0,0,0,0,"-","-","ROCKLIN","PLACER","CA",-121.20513,38.80349