"CASEID","POINT_X","POINT_Y","YEAR_","LOCATION","CHPTYPE","DAYWEEK","CRASHSEV","VIOLCAT","KILLED","INJURED","WEATHER1","PEDCOL","BICCOL","MCCOL","TRUCKCOL","ETOH","TIMECAT","MONTH_","CRASHTYP","INVOLVE","PED","PRIMARYRD","SECONDRD","DISTANCE","DIRECT","INTERSECT_","PROCDATE","JURIS","DATE_","TIME_","BADGE","JURIDIST","SHIFT","POP","SPECIAL","BEATTYPE","LAPDDIV","BEATCLAS","BEATNUMB","WEATHER2","STATEHW","CALTRANC","CALTRAND","STROUTE","ROUTESUF","POSTPRE","POSTMILE","LOCATYPE","RAMP","SIDEHW","TOWAWAY","PARTIES","PCF","VIOLCODE","VIOL","VIOLSUB","HITRUN","ROADSURF","RDCOND1","RDCOND2","LIGHTING","RIGHTWAY","CHPRDTYP","NOTPRIV","STFAULT","CHPFAULT","SEVINJ","OTHERINJ","COP","PEDKILL","PEDINJ","BICKILL","BICINJ","MCKILL","MCINJURE","RAMP1","RAMP2","CITY","COUNTY","STATE","X_CHP","Y_CHP"
"6950288",0,0,2015,"3100","3","5","3","09",0,2,"B",,,,,,900,5,"A","C","A","RT 65","RIOSA RD",0,,"Y","2016-10-31",9220,"2015-05-22",710,"013257",,"1","9","0","1",,"1","267","-","Y","PLA",3,65,"-","L",23.193,"I","5","N","Y",3,"A","-",21453,"C","N","A","H","-","A","A","5","Y","E","22",0,1,1,0,0,0,0,0,0,"-","-","UNINCORPORATED","PLACER","CA",-121.38215,38.97922
"6948416",0,0,2015,"3104","0","4","3","01",0,1,"A",,,,,"Y",2400,4,"E","J","A","FOOTHILL RD","EL DON DR",0,,"Y","2015-10-01",3104,"2015-04-30",2359,"224","52","5","4","0","0",,"0","001","-","N",,0,0,,,0,,,,"Y",1,"A","-",23152,"A","N","A","H","-","C","D","0","Y","A","01",0,1,0,0,0,0,0,0,0,"-","-","ROCKLIN","PLACER","CA",-121.21511,38.78442
"6947811",-121.0605161,38.9185363,2015,"3100","1","4","4","07",0,1,"B",,,,,,900,5,"B","C","A","RT 80","AUBURN RAVINE",2112,"W","N","2016-11-03",9220,"2015-05-21",740,"013060",,"1","9","0","1",,"2","283","-","Y","PLA",3,80,"-","R",19.07,"H","-","W","Y",2,"A","-",21658,"A","N","A","H","-","A","D","1","Y","A","01",0,0,1,0,0,0,0,0,0,"-","-","UNINCORPORATED","PLACER","CA",0,0
"6947599",-121.245583,38.7719823,2015,"3100","1","6","4","03",0,4,"A",,,,,,1500,5,"C","C","A","RT 80","RT 65",1584,"E","N","2016-11-03",9220,"2015-05-16",1250,"15239",,"1","9","0","1",,"2","281","-","Y","PLA",3,80,"-","-",4.46,"H","-","W","Y",4,"A","-",22350,,"N","A","H","-","A","D","1","Y","A","01",0,0,4,0,0,0,0,0,0,"-","-","UNINCORPORATED","PLACER","CA",0,0
"6947598",0,0,2015,"3100","4","1","2","08",0,2,"A",,,,,,900,5,"D","C","A","BASELINE RD","ELDER ST",341,"W","N","2015-06-27",9220,"2015-05-18",655,"16668",,"1","9","0","2",,"1","012","-","N",,0,0,,,0,,,,"Y",2,"A","-",22107,,"N","A","H","-","A","D","0","Y","A","01",1,1,0,0,0,0,0,0,0,"-","-","UNINCORPORATED","PLACER","CA",-121.47917,38.75137
"6947596",-121.006623,38.9811751,2015,"3100","5","7","2","01",0,1,"A",,,"Y",,,600,5,"F","A","A","APPLEGATE RD","CHERYL LN",0,,"Y","2015-06-27",9220,"2015-05-10",500,"12612",,"3","9","0","3",,"2","060","-","N",,0,0,,,0,,,,"Y",1,"A","-",23152,"E","N","A","H","-","D","D","0","Y","C","02",1,0,0,0,0,0,0,0,1,"-","-","UNINCORPORATED","PLACER","CA",-121.00661,38.98113
"6947597",-121.2497731,38.7691252,2015,"3105","1","1","3","03",0,2,"B",,,,,,1200,5,"F","A","A","RT 80","RT 65",528,"E","N","2016-11-03",9220,"2015-05-18",942,"13466",,"1","5","0","1",,"2","281","-","Y","PLA",3,80,"-","-",4.22,"R","2","E","Y",1,"A","-",22350,,"N","A","H","-","A","A","1","Y","A","07",0,2,0,0,0,0,0,0,0,"TO","-","ROSEVILLE","PLACER","CA",0,0
"6947595",-121.2518181,38.7678451,2015,"3105","1","4","4","03",0,1,"A",,,,,,1800,5,"C","C","A","RT 80","RT 65",120,"W","N","2016-11-03",9220,"2015-05-21",1710,"13605",,"2","5","0","1",,"2","281","-","Y","PLA",3,80,"-","-",4.06,"H","-","E","Y",4,"A","-",22350,,"N","A","H","-","A","D","1","Y","A","07",0,0,1,0,0,0,0,0,0,"-","-","ROSEVILLE","PLACER","CA",0,0
"6947594",-121.2568536,38.7645957,2015,"3105","1","7","3","08",0,1,"A",,,"Y",,,2100,5,"F","A","A","RT 80","TAYLOR RD",280,"E","N","2016-11-03",9220,"2015-05-24",1845,"13794",,"2","5","0","1",,"2","281","-","Y","PLA",3,80,"-","-",3.661,"R","2","E","Y",1,"A","-",22107,,"N","A","H","-","A","A","1","Y","C","02",0,1,0,0,0,0,0,0,1,"TO","-","ROSEVILLE","PLACER","CA",0,0
"6947593",-121.1923931,38.7522951,2015,"3100","5","3","4","08",0,1,"A",,,,,,900,5,"E","I","A","OLIVE RANCH RD","PHEASANT CALL PL",0,,"Y","2015-06-27",9220,"2015-05-27",850,"13466",,"1","9","0","3",,"2","020","-","N",,0,0,,,0,,,,"Y",1,"A","-",22107,,"N","A","H","-","A","D","0","Y","A","01",0,0,1,0,0,0,0,0,0,"-","-","UNINCORPORATED","PLACER","CA",-121.19496,38.75232
"6947592",-121.2676852,38.7489267,2015,"3105","1","3","4","04",0,1,"A",,,,,,1800,5,"C","C","A","RT 80","DOUGLAS BL",1056,"E","N","2016-11-03",9220,"2015-05-27",1723,"13997",,"2","5","0","1",,"2","281","-","Y","PLA",3,80,"-","-",2.29,"H","-","W","Y",2,"A","-",21703,,"N","A","H","-","A","D","1","Y","A","01",0,0,1,0,0,0,0,0,0,"-","-","ROSEVILLE","PLACER","CA",0,0
"6947591",-120.8976531,38.9852852,2015,"3100","5","5","3","03",0,1,"B",,,"Y",,,600,5,"F","A","A","HAPPY PINES DR","MAYWOOD DR",0,,"Y","2015-06-27",9220,"2015-05-22",420,"14282",,"3","9","0","3",,"2","060","C","N",,0,0,,,0,,,,"N",1,"A","-",22350,,"N","B","H","-","D","D","0","Y","C","02",0,1,0,0,0,0,0,0,1,"-","-","UNINCORPORATED","PLACER","CA",-120.89764,38.98525
"6947590",0,0,2015,"3100","5","7","3","21",0,1,"A",,,"Y",,,1500,5,"D","C","A","OLD FORESTHILL RD","THE COFLUENCE",1584,"E","N","2015-06-27",9220,"2015-05-24",1422,"13997",,"2","9","0","3",,"2","060","-","N",,0,0,,,0,,,,"N",2,"A","-",22106,,"N","A","H","-","A","D","0","Y","A","01",0,1,0,0,0,0,0,0,1,"-","-","UNINCORPORATED","PLACER","CA",0,0
"6947589",-121.164055,38.7609346,2015,"3100","4","6","4","03",0,1,"A",,,,,,1500,5,"C","C","A","AUBURN FOLSOM RD","SHELBORNE DR",750,"N","N","2015-06-27",9220,"2015-05-30",1350,"11483",,"1","9","0","2",,"2","027","-","N",,0,0,,,0,,,,"N",2,"A","-",22350,,"N","A","H","-","A","D","0","Y","A","01",0,0,1,0,0,0,0,0,0,"-","-","UNINCORPORATED","PLACER","CA",-121.83746,38.34657
"6946917",-121.2785849,38.7837004,2015,"3105","3","7","4","18",0,1,"A",,,,,,1200,5,"E","I","A","RT 65","PLEASANT GROVE BL",1584,"S","N","2016-10-31",9220,"2015-05-24",1140,"016668",,"1","5","0","1",,"1","265","-","Y","PLA",3,65,"-","R",6.8,"H","-","S","Y",1,"C","-",0,,"N","A","H","-","A","D","1","Y","-","-",0,0,1,0,0,0,0,0,0,"-","-","ROSEVILLE","PLACER","CA",-121.27955,38.78422
"6946918",-121.3771528,38.8971527,2015,"3100","5","1","4","08",0,5,"A",,,,,,2100,5,"E","I","A","S DOWD RD","NICOLAUS RD",30,"S","N","2015-06-25",9220,"2015-05-25",1810,"014988",,"2","9","0","3",,"2","030","-","N",,0,0,,,0,,,,"Y",2,"A","-",22107,,"N","A","H","-","A","A","0","Y","A","01",0,0,5,0,0,0,0,0,0,"-","-","UNINCORPORATED","PLACER","CA",-121.37705,38.96226
"6946915",-121.2928431,38.7910952,2015,"3100","3","4","4","03",0,2,"B",,,,,,1500,5,"C","C","A","RT 65","BLUE OAKS BL",300,"S","N","2016-10-31",9220,"2015-05-28",1400,"014466",,"2","9","0","1",,"1","265","-","Y","PLA",3,65,"-","R",7.907,"R","2","S","Y",2,"A","-",22350,,"N","A","H","-","A","A","1","Y","D","22",0,0,2,0,0,0,0,0,0,"-","-","UNINCORPORATED","PLACER","CA",0,0
"6946909",-121.2458859,38.7718041,2015,"3100","1","4","4","03",0,1,"A",,,,,,1800,4,"C","C","A","RT 80","RT 65",375,"E","N","2016-11-03",9220,"2015-04-30",1645,"014611",,"2","9","0","1",,"2","281","-","Y","PLA",3,80,"-","-",4.44,"H","-","W","Y",3,"A","-",22350,,"N","A","H","-","A","D","1","Y","A","07",0,0,1,0,0,0,0,0,0,"-","-","UNINCORPORATED","PLACER","CA",-121.24404,38.77304
"6946908",-121.0869478,38.9275528,2015,"3100","3","3","3","03",0,1,"A",,,,,,1800,5,"C","C","A","RT 49","LUTHER RD",60,"N","N","2016-12-17",9220,"2015-05-20",1540,"013676",,"2","9","0","1",,"1","249","-","Y","PLA",3,49,"-","-",5.22,"H","-","S","Y",2,"A","-",22350,,"N","A","H","-","A","A","0","Y","D","22",0,1,0,0,0,0,0,0,0,"-","-","UNINCORPORATED","PLACER","CA",-121.08691,38.92738
"6946189",-121.3134831,38.886645,2015,"3103","0","4","4","10",0,1,"A","Y",,,,,2500,5,"G","B","B","1ST ST","JOINER PKWY",0,,"Y","2015-10-16",3103,"2015-05-07",2500,"SKRUE","L3","5","2","0","0",,"0","0L1","-","N",,0,0,,,0,,,,"N",2,"A","-",21950,"A","N","A","H","-","A","A","0","Y","A","08",0,0,1,0,1,0,0,0,0,"-","-","LINCOLN","PLACER","CA",0,0
"6946115",0,0,2015,"3103","0","5","4","12",0,2,"C",,,,,,2100,6,"D","C","A","LINCOLN BL","1ST ST",0,,"Y","2015-10-30",3103,"2015-06-05",2013,"53","L5","5","2","0","0",,"0","0L3","-","N",,0,0,,,0,,,,"Y",2,"A","-",21453,"A","N","B","H","-","A","A","0","Y","A","01",0,0,2,0,0,0,0,0,0,"-","-","LINCOLN","PLACER","CA",0,0
"6946078",-121.2950974,38.9265158,2015,"3103","0","7","3","01",0,1,"A",,,,,"Y",300,5,"E","I","A","W WISE","GLADDING RD",465,"W","N","2015-06-25",3103,"2015-05-10",245,"MALVE",,"5","2","0","0",,"0","0L3","-","N",,0,0,,,0,,,,"Y",1,"A","-",23152,,"N","A","H","-","D","D","0","Y","A","01",0,1,0,0,0,0,0,0,0,"-","-","LINCOLN","PLACER","CA",-121.29515,38.92647
"6945880",-121.28525,38.8914457,2015,"3103","0","7","3","01",0,1,"A",,,,,"Y",300,5,"E","I","A","A ST","5TH ST",171,"S","N","2015-06-23",3103,"2015-05-24",134,"CSOBE","L5","5","2","0","0",,"0","0L3","-","N",,0,0,,,0,,,,"Y",1,"A","-",23152,"B","N","A","H","-","C","D","0","Y","D","22",0,1,0,0,0,0,0,0,0,"-","-","LINCOLN","PLACER","CA",-121.28665,38.88754
"6945868",0,0,2015,"3103","0","3","4","12",0,1,"A",,,,,,900,5,"A","C","A","LINCOLN BL","FERRARI RANCH RD",1056,"S","N","2015-10-21",3103,"2015-05-06",810,"SKRUE","L7","5","2","0","0",,"0","0L4","-","N",,0,0,,,0,,,,"N",2,"A","-",21453,"A","N","A","H","-","A","A","0","Y","D","22",0,0,1,0,0,0,0,0,0,"-","-","LINCOLN","PLACER","CA",-121.30809,38.87227
"6945860",0,0,2015,"3103","0","2","3","03",0,1,"A",,,,,,1800,5,"C","E","A","RAWLINGS LN","ALBERTON CIR",35,"S","N","2015-06-23",3103,"2015-05-12",1745,"JMCCA","L4","5","2","0","0",,"0","0L2","-","N",,0,0,,,0,,,,"N",3,"A","-",22350,,"N","A","H","-","A","D","0","Y","-",,0,1,0,0,0,0,0,0,0,"-","-","LINCOLN","PLACER","CA",-121.30781,38.8719
"6945852",-121.2939837,38.891867,2015,"3103","0","1","3","-",0,1,"A",,"Y",,,,1800,5,"H","G","A","5TH ST","H ST",34,"E","N","2015-06-29",3103,"2015-05-11",1523,"JMCCA","L5","5","2","0","0",,"0","0L3","-","N",,0,0,,,0,,,,"N",2,"A","-",0,,"N","A","H","-","A","D","0","Y","-","-",0,1,0,0,0,0,1,0,0,"-","-","LINCOLN","PLACER","CA",-121.2941,38.90434
"6945844",0,0,2015,"3103","0","4","4","12",0,1,"A",,,,"Y",,300,6,"D","C","A","FERRARI RANCH RD","JOINER PKWY",0,,"Y","2015-07-08",3103,"2015-06-04",13,"BROGE","L4","5","2","0","0",,"0","0L2","-","N",,0,0,,,0,,,,"Y",2,"A","-",21453,"A","N","A","H","-","A","A","0","Y","A","01",0,0,1,0,0,0,0,0,0,"-","-","LINCOLN","PLACER","CA",0,0
"6945653",-121.0636055,38.9197608,2015,"3101","0","2","4","09",0,2,"A",,,,,,1200,5,"A","C","A","AUBURN RAVINE RD","MULBERRY LN",83,"W","N","2015-06-22",3101,"2015-05-12",1016,"19","3101","5","3","0","0",,"0","001","-","N",,0,0,,,0,,,,"Y",2,"A","-",21801,"A","N","A","H","-","A","D","0","Y","A","01",0,0,2,0,0,0,0,0,0,"-","-","AUBURN","PLACER","CA",0,0
"6945633",-121.0742299,38.8989749,2015,"3101","0","7","4","03",0,1,"A",,,"Y",,,2100,5,"E","I","A","RT 49","BORLAND AV",1056,"E","N","2016-12-17",3101,"2015-05-31",1855,"9","A3101","5","3","0","0",,"0","001","-","Y","PLA",3,49,"-","-",3.12,"H","-","N","N",1,"A","-",22350,,"N","A","H","-","A","D","0","Y","C","02",0,0,1,0,0,0,0,0,1,"-","-","AUBURN","PLACER","CA",0,0
"6944526",0,0,2015,"3100","5","6","2","03",0,1,"A",,"Y",,,,1500,5,"F","G","A","BARKER PASS RD","RT 89",2640,"W","N","2016-06-20",9222,"2015-05-09",1245,"018593",,"1","9","0","3",,"2","010","-","N",,0,0,,,0,,,,"N",1,"A","-",22350,,"N","A","H","-","A","D","0","Y","L","04",1,0,0,0,0,0,1,0,0,"-","-","UNINCORPORATED","PLACER","CA",-120.15112,39.11582
"6944379",-120.17038,39.1644929,2015,"3100","3","1","2","08",0,1,"B",,,,,,1800,5,"E","I","A","RT 89","RAMPART RD",2640,"S","N","2016-10-31",9222,"2015-05-25",1554,"017288",,"2","9","0","1",,"2","012","-","Y","PLA",3,89,"-","-",10.05,"H","-","S","Y",1,"A","-",22107,,"N","A","H","-","A","D","0","Y","D","22",1,0,0,0,0,0,0,0,0,"-","-","UNINCORPORATED","PLACER","CA",-120.16889,39.16418
"6941199",0,0,2015,"3103","0","7","2","05",0,2,"A",,,,,,600,6,"F","A","A","MOORE RD","PT A",83,"W","N","2015-07-25",3103,"2015-06-21",316,"JMCCA","L4","5","2","0","0",,"0","0L2","-","N",,0,0,,,0,,,,"Y",1,"A","-",21650,,"N","A","H","-","D","D","0","Y","D","22",2,0,0,0,0,0,0,0,0,"-","-","LINCOLN","PLACER","CA",0,0
"6940861",-121.2088048,38.814299,2015,"3106","0","7","4","00",0,1,"A",,,,,,600,6,"E","I","A","SIERRA COLLEGE BL","BANKHEAD RD",420,"E","N","2016-06-08",3100,"2015-06-07",528,"185","PAUL","5","2","0","0",,"0",,"-","N",,0,0,,,0,,,,"Y",1,"A","-",21350,,"N","A","H","-","A","D","0","Y","A","01",0,0,1,0,0,0,0,0,0,"-","-","LOOMIS","PLACER","CA",0,0
"6939913",-121.0789429,38.942254,2015,"3100","4","3","4","03",0,2,"A",,,,,,900,5,"C","C","A","BELL RD","NEW AIRPORT RD",120,"E","N","2015-06-10",9220,"2015-05-20",735,"012612",,"1","9","0","2",,"2","056","-","N",,0,0,,,0,,,,"Y",4,"A","-",22350,,"N","A","H","-","A","D","0","Y","A","01",0,0,2,0,0,0,0,0,0,"-","-","UNINCORPORATED","PLACER","CA",-121.07874,38.94228
"6939910",-121.170642,38.7434002,2015,"3100","4","3","4","03",0,1,"A",,,,,,1800,5,"C","C","A","AUBURN FOLSOM RD","DOUGLAS BL",20,"S","N","2015-06-10",9220,"2015-05-20",1640,"012743",,"2","9","0","2",,"2","027","-","N",,0,0,,,0,,,,"N",2,"A","-",22350,,"N","A","H","-","A","A","0","Y","A","07",0,0,1,0,0,0,0,0,0,"-","-","UNINCORPORATED","PLACER","CA",-121.17147,38.74415
"6939909",-121.4404537,38.8971038,2015,"3100","5","5","4","01",0,1,"A",,,,,"Y",300,5,"E","I","A","NICOLAUS RD","CRITTER CREEK RD",2112,"W","N","2015-06-10",9220,"2015-05-08",110,"011085",,"3","9","0","3",,"2","030","-","N",,0,0,,,0,,,,"Y",1,"A","-",23152,"A","N","A","H","-","D","D","0","Y","A","07",0,0,1,0,0,0,0,0,0,"-","-","UNINCORPORATED","PLACER","CA",-121.44097,38.89714
"6939906",-120.9772663,39.0268586,2015,"3100","1","6","3","07",0,1,"A",,,"Y",,,1200,5,"B","C","A","RT 80","W PAOLI",528,"W","N","2016-11-03",9220,"2015-05-09",1110,"013060",,"1","9","0","1",,"2","283","-","Y","PLA",3,80,"-","-",28.06,"H","-","E","Y",2,"A","-",21658,"A","F","A","D","-","A","D","1","Y","A","01",0,1,0,0,0,0,0,0,1,"-","-","UNINCORPORATED","PLACER","CA",0,0
"6939905",-121.108312,38.9978073,2015,"3100","3","5","2","05",0,1,"A",,"Y",,,,2500,5,"B","G","A","SR 49","LONE STAR RD",500,"N","N","2016-12-17",9220,"2015-05-08",2500,"013060",,"4","9","0","1",,"1","249","-","Y","PLA",3,49,"-","-",10.37,"H","-","N","N",2,"A","-",21650,,"F","A","H","-","A","D","0","Y","A","01",1,0,0,0,0,0,1,0,0,"-","-","UNINCORPORATED","PLACER","CA",0,0
"6939902",0,0,2015,"3100","4","4","4","08",0,1,"B",,,,,,1200,5,"E","I","A","FORESTHILL RD","LOWER LAKE CLEMENTINE",5280,"E","N","2015-06-10",9220,"2015-05-07",1020,"014466",,"1","9","0","2",,"2","062","-","N",,0,0,,,0,,,,"Y",1,"A","-",22107,,"N","B","H","-","A","D","0","Y","A","01",0,0,1,0,0,0,0,0,0,"-","-","UNINCORPORATED","PLACER","CA",-120.5916,38.563
"6939901",-121.077449,38.8976585,2015,"3101","1","5","4","18",0,1,"A",,,,,,1500,5,"E","I","A","RT 80","NEVADA ST",500,"E","N","2016-11-03",9220,"2015-05-08",1420,"014466",,"2","3","0","1",,"2","282","-","Y","PLA",3,80,"-","-",17.38,"H","-","E","Y",1,"C","-",0,,"N","A","H","-","A","D","1","Y","-","-",0,0,1,0,0,0,0,0,0,"-","-","AUBURN","PLACER","CA",0,0
"6939898",-121.2117809,38.7438595,2015,"3100","4","7","3","01",0,1,"A",,,,,"Y",300,5,"E","I","A","DOUGLAS BL","SEENO AV",300,"W","N","2015-06-10",9220,"2015-05-03",255,"014282",,"3","9","0","2",,"2","022","-","N",,0,0,,,0,,,,"Y",1,"A","-",23152,"A","N","A","H","-","D","D","0","Y","A","01",0,1,0,0,0,0,0,0,0,"-","-","UNINCORPORATED","PLACER","CA",-121.21149,38.74373
"6937497",-120.9525231,39.1002751,2015,"3102","0","6","4","01",0,2,"A",,,,,"Y",1800,4,"B","C","A","GRASSVALLEY ST","RAILROAD AV",0,,"Y","2016-06-08",3100,"2015-04-25",1623,"163",,"5","1","0","0",,"0","26C","-","N",,0,0,,,0,,,,"N",3,"A","-",23152,"E","F","A","H","-","A","D","0","Y","A","07",0,0,2,0,0,0,0,0,0,"-","-","COLFAX","PLACER","CA",-120.9523,37.10022
"6936690",-120.6844398,39.2917486,2015,"3100","1","1","3","01",0,2,"A",,,,,"Y",2400,5,"F","A","A","RT 80","PUTTS LAKE",1056,"W","N","2016-11-02",9221,"2015-05-25",2310,"014763",,"3","9","0","1",,"2","386","-","Y","PLA",3,80,"-","-",54.49,"H","-","E","Y",1,"A","-",23153,"A","N","A","H","-","C","D","1","Y","A","01",0,2,0,0,0,0,0,0,0,"-","-","UNINCORPORATED","PLACER","CA",-120.68558,39.29199
"6935829",-120.7739952,39.2183643,2015,"3100","1","2","3","03",0,1,"C",,,,,,1500,5,"E","I","A","RT 80","BAXTER RD",1584,"E","N","2016-11-03",9221,"2015-05-19",1454,"018940",,"2","9","0","1",,"2","385","-","Y","PLA",3,80,"-","-",47.24,"H","-","W","Y",1,"A","-",22350,,"N","B","H","-","A","D","1","Y","D","22",0,1,0,0,0,0,0,0,0,"-","-","UNINCORPORATED","PLACER","CA",-120.77299,39.21943
"6930693",0,0,2015,"3100","3","1","3","03",0,3,"A",,,,,,1800,5,"C","C","A","RT 65","RIOSA RD",65,"S","N","2016-10-31",9220,"2015-05-11",1550,"013794",,"2","9","0","1",,"1","267","-","Y","PLA",3,65,"-","L",23.11,"H","-","N","Y",2,"A","-",22350,,"N","A","H","-","A","A","5","Y","D","22",0,1,2,0,0,0,0,0,0,"-","-","UNINCORPORATED","PLACER","CA",0,0
"6930677",-121.2458859,38.7718041,2015,"3104","1","5","4","07",0,3,"A",,,,,,1800,5,"C","C","A","RT 80","RT 65",425,"E","N","2016-11-03",9220,"2015-05-01",1520,"013605",,"2","4","0","1",,"2","281","-","Y","PLA",3,80,"-","-",4.44,"H","-","W","Y",4,"A","-",21658,"A","N","A","H","-","A","D","1","Y","A","01",0,0,3,0,0,0,0,0,0,"-","-","ROCKLIN","PLACER","CA",0,0
"6930550",-121.2998827,38.8585957,2015,"3103","3","3","3","01",0,1,"A",,,,,"Y",1800,5,"F","A","A","RT 65","TWELVE BRIDGES DR",500,"N","N","2016-10-31",9220,"2015-05-06",1735,"013868",,"2","2","0","1",,"1","265","-","Y","PLA",3,65,"-","R",12.26,"H","-","S","Y",1,"A","-",23152,"A","N","A","H","-","A","D","0","Y","D","22",0,1,0,0,0,0,0,0,0,"-","-","LINCOLN","PLACER","CA",0,0
"6930247",-120.9502473,39.1182422,2015,"3100","3","6","4","03",0,1,"B",,,,,,1500,5,"A","C","A","RT 174","OLD GRASS VALLEY RD",150,"S","N","2016-10-31",9221,"2015-05-16",1344,"17979",,"1","9","0","1",,"1","374","-","Y","PLA",3,174,"-","-",1.66,"H","-","N","Y",2,"A","-",22350,,"N","A","H","-","A","D","0","Y","A","07",0,0,1,0,0,0,0,0,0,"-","-","UNINCORPORATED","PLACER","CA",-120.95893,39.12811
"6928654",-121.2935763,38.8006687,2015,"3104","0","7","4","03",0,1,"B",,,,,,1200,5,"C","C","A","LONE TREE BL","REDWOOD DR",17,"S","N","2015-06-16",3104,"2015-05-17",954,"204","11","5","4","0","0",,"0","003","-","N",,0,0,,,0,,,,"Y",2,"A","-",22350,,"N","A","H","-","A","A","0","Y","A","01",0,0,1,0,0,0,0,0,0,"-","-","ROCKLIN","PLACER","CA",0,0
"6927400",-120.9495274,39.0971549,2015,"3102","1","4","4","18",0,1,"B",,,,,,1200,5,"E","J","A","RT 80","RT 174",379,"E","N","2016-11-03",9221,"2015-05-07",1150,"17979",,"1","1","0","1",,"2","384","-","Y","PLA",3,80,"-","-",33.18,"H","-","W","Y",1,"C","-",0,,"N","A","H","-","A","D","1","Y","-","-",0,0,1,0,0,0,0,0,0,"-","-","COLFAX","PLACER","CA",-120.94961,39.09672
"6927399",-120.5061959,39.3124248,2015,"3100","1","6","2","08",0,1,"A",,,,,,2400,5,"E","I","A","RT 80","HAMPSHIRE ROCKS RD",1584,"W","N","2016-11-03",9221,"2015-05-02",2105,"13442",,"2","9","0","1",,"2","388","-","Y","PLA",3,80,"-","R",66.02,"H","-","W","Y",1,"A","-",22107,,"N","A","H","-","D","D","1","Y","A","01",1,0,0,0,0,0,0,0,0,"-","-","UNINCORPORATED","PLACER","CA",-120.50565,39.31193
"6922915",-121.0942631,38.9424851,2015,"3100","4","5","4","09",0,1,"A",,,,,,1200,3,"B","C","A","BELL RD","QUARTZ DR",0,"E","N","2015-05-21",9220,"2015-03-20",1000,"013060",,"1","9","0","2",,"2","056","-","N",,0,0,,,0,,,,"N",2,"A","-",21802,"A","N","A","H","-","A","D","0","Y","A","01",0,0,1,0,0,0,0,0,0,"-","-","UNINCORPORATED","PLACER","CA",0,0
"6921426",-121.2171106,38.7884969,2015,"3104","0","4","3","03",0,2,"B",,,,,,1500,5,"C","C","A","ROCKLIN RD","EL DON DR",567,"W","N","2015-06-03",3104,"2015-05-07",1235,"202","53","5","4","0","0",,"0","001","-","N",,0,0,,,0,,,,"Y",4,"A","-",22350,,"N","A","H","-","A","D","0","Y","A","07",0,1,1,0,0,0,0,0,0,"-","-","ROCKLIN","PLACER","CA",0,0
"6920988",-121.2580731,38.8143951,2015,"3104","0","5","4","12",0,1,"A",,,,,,1200,5,"D","C","A","STANFORD RANCH RD","PARK DR",0,,"Y","2015-06-01",3104,"2015-05-08",1145,"204","25","5","4","0","0",,"0","003","-","N",,0,0,,,0,,,,"N",2,"A","-",21453,"A","N","A","H","-","A","A","0","Y","D","72",0,0,1,0,0,0,0,0,0,"-","-","ROCKLIN","PLACER","CA",-121.25824,38.81453
"6920987",0,0,2015,"3104","0","5","3","01",0,1,"A",,,,,"Y",300,5,"E","I","A","SUNSET BL","LONETREE BL",800,"W","N","2015-06-01",3104,"2015-05-08",15,"257","12","5","4","0","0",,"0","003","-","N",,0,0,,,0,,,,"Y",1,"A","-",23152,"A","N","A","H","-","C","D","0","Y","D","82",0,1,0,0,0,0,0,0,0,"-","-","ROCKLIN","PLACER","CA",-121.29483,38.81824
"6920986",-121.205533,38.806535,2015,"3104","0","2","4","01",0,2,"A",,,,,"Y",2400,5,"B","C","A","SIERRA COLLEGE BL","GRANITE DR",0,,"Y","2015-10-24",3104,"2015-05-05",2315,"205","42","5","4","0","0",,"0","001","-","N",,0,0,,,0,,,,"Y",2,"A","-",23152,"B","M","A","H","-","C","A","0","Y","D","22",0,0,2,0,0,0,0,0,0,"-","-","ROCKLIN","PLACER","CA",-121.20574,38.80638
"6917014",-120.6744328,39.2965257,2015,"3100","1","6","4","03",0,2,"B",,,,"Y",,1500,4,"E","I","A","RT 80","EMIGRANT GAP",2112,"E","N","2016-11-03",9221,"2015-04-25",1200,"20154",,"1","9","0","1",,"2","386","C","Y","PLA",3,80,"-","-",55.23,"H","-","E","Y",2,"A","-",22350,,"N","B","H","-","A","D","1","Y","A","01",0,0,2,0,0,0,0,0,0,"-","-","UNINCORPORATED","PLACER","CA",-120.67261,39.29868
"6917010",-120.4920673,39.3119349,2015,"3100","1","5","3","08",0,1,"B",,,,,,600,4,"E","I","A","RT 80","HAMPSHIRE ROCKS RD",1056,"E","N","2016-11-03",9221,"2015-04-24",316,"13442",,"3","9","0","1",,"2","388","-","Y","PLA",3,80,"-","R",66.56,"H","-","W","Y",1,"A","-",22107,,"N","B","H","-","D","D","1","Y","D","22",0,1,0,0,0,0,0,0,0,"-","-","UNINCORPORATED","PLACER","CA",-120.4916,39.3119
"6917006",-120.9212986,39.1372791,2015,"3100","5","6","3","01",0,1,"A",,,,,"Y",1200,5,"E","I","A","CAPE HORN RD","WOOLEY RD",528,"N","N","2015-06-01",9221,"2015-05-02",1145,"013036",,"1","9","0","3",,"2","070","-","N",,0,0,,,0,,,,"Y",1,"A","-",23152,"A","N","A","H","-","A","D","0","Y","D","22",0,1,0,0,0,0,0,0,0,"-","-","UNINCORPORATED","PLACER","CA",-120.92015,39.13788