"CASEID","POINT_X","POINT_Y","YEAR_","LOCATION","CHPTYPE","DAYWEEK","CRASHSEV","VIOLCAT","KILLED","INJURED","WEATHER1","PEDCOL","BICCOL","MCCOL","TRUCKCOL","ETOH","TIMECAT","MONTH_","CRASHTYP","INVOLVE","PED","PRIMARYRD","SECONDRD","DISTANCE","DIRECT","INTERSECT_","PROCDATE","JURIS","DATE_","TIME_","BADGE","JURIDIST","SHIFT","POP","SPECIAL","BEATTYPE","LAPDDIV","BEATCLAS","BEATNUMB","WEATHER2","STATEHW","CALTRANC","CALTRAND","STROUTE","ROUTESUF","POSTPRE","POSTMILE","LOCATYPE","RAMP","SIDEHW","TOWAWAY","PARTIES","PCF","VIOLCODE","VIOL","VIOLSUB","HITRUN","ROADSURF","RDCOND1","RDCOND2","LIGHTING","RIGHTWAY","CHPRDTYP","NOTPRIV","STFAULT","CHPFAULT","SEVINJ","OTHERINJ","COP","PEDKILL","PEDINJ","BICKILL","BICINJ","MCKILL","MCINJURE","RAMP1","RAMP2","CITY","COUNTY","STATE","X_CHP","Y_CHP"
"6865868",-121.250214,38.8865152,2015,"3100","3","6","3","03",0,1,"A",,,"Y",,,1500,3,"F","A","A","RT 193","STARDUST LN",1056,"W","N","2016-09-06",9220,"2015-03-14",1303,"15385",,"1","9","0","1",,"2","193","-","Y","PLA",3,193,"-","-",2.37,"H","-","W","Y",1,"A","-",22350,,"N","A","D","-","A","A","0","Y","C","02",0,1,0,0,0,0,0,0,1,"-","-","UNINCORPORATED","PLACER","CA",-121.25023,38.88645
"6865864",-121.266288,38.750746,2015,"3100","1","4","4","03",0,4,"A",,,,,,1800,3,"C","C","A","RT 80","LEAD HILL BL",250,"W","N","2016-10-25",9220,"2015-03-19",1545,"14611",,"2","9","0","1",,"2","281","-","Y","PLA",3,80,"-","-",2.52,"H","-","E","Y",3,"A","-",22350,,"N","A","H","-","A","A","1","Y","A","07",0,0,4,0,0,0,0,0,0,"-","-","UNINCORPORATED","PLACER","CA",-121.26594,38.75096
"6865848",-121.2713454,38.7429863,2015,"3105","1","4","4","03",0,1,"A",,,,,,1800,3,"C","C","A","RT 80","DOUGLAS BL",125,"E","N","2016-10-24",9220,"2015-03-19",1640,"13794",,"2","5","0","1",,"2","281","-","Y","PLA",3,80,"-","-",2,"H","-","E","N",2,"A","-",22350,,"N","A","H","-","A","D","1","Y","A","01",0,0,1,0,0,0,0,0,0,"-","-","ROSEVILLE","PLACER","CA",0,0
"6865844",-121.283929,38.7863427,2015,"3105","3","6","4","03",0,1,"A",,,,,,1800,3,"C","C","A","RT 65","PLEASANT GROVE BL",125,"S","N","2016-09-02",9220,"2015-03-21",1515,"13794",,"2","5","0","1",,"1","265","-","Y","PLA",3,65,"-","R",7.08,"H","-","S","Y",2,"A","-",22350,,"N","A","H","-","A","D","1","Y","A","01",0,0,1,0,0,0,0,0,0,"-","-","ROSEVILLE","PLACER","CA",0,0
"6865808",-120.9427511,39.1304259,2015,"3100","5","5","2","01",0,1,"A",,,,,"Y",2400,3,"E","I","A","ROLLINS LAKE RD","NORTON-GRADE RD",4224,"W","N","2015-04-08",9221,"2015-03-06",2235,"019020",,"3","9","0","3",,"2","070","-","N",,0,0,,,0,,,,"Y",1,"A","-",23152,"A","N","A","H","-","D","D","0","Y","A","07",1,0,0,0,0,0,0,0,0,"-","-","UNINCORPORATED","PLACER","CA",-120.92016,39.15239
"6864792",-121.2822202,38.785484,2015,"3105","3","3","3","03",0,2,"A",,,,"Y",,1200,3,"C","C","A","RT 65","PLEASANT GROVE BL",483,"S","N","2016-09-02",9220,"2015-03-18",930,"13466",,"1","5","0","1",,"1","265","-","Y","PLA",3,65,"-","R",7,"H","-","S","Y",2,"A","-",22350,,"N","A","H","-","A","A","1","Y","A","07",0,1,1,0,0,0,0,0,0,"-","-","ROSEVILLE","PLACER","CA",0,0
"6864714",-121.0008002,39.0138528,2015,"3100","5","6","3","03",0,2,"B",,,,,,1200,2,"E","I","A","CROTHER RD","BLACKBERRY LN",1584,"N","N","2015-04-14",9220,"2015-02-28",1150,"012612",,"1","9","0","3",,"2","050","C","N",,0,0,,,0,,,,"Y",1,"A","-",22350,,"N","B","H","-","A","D","0","Y","D","23",0,1,1,0,0,0,0,0,0,"-","-","UNINCORPORATED","PLACER","CA",-120.99948,39.01041
"6864694",-121.1714596,38.7433923,2015,"3100","4","2","4","03",0,1,"A",,,,,,1800,3,"C","C","A","DOUGLAS BL","AUBURN FOLSOM RD",240,"W","N","2015-04-22",9220,"2015-03-17",1550,"012239",,"2","9","0","2",,"2","022","-","N",,0,0,,,0,,,,"N",2,"A","-",22350,,"N","A","H","-","A","A","0","Y","A","07",0,0,1,0,0,0,0,0,0,"-","-","UNINCORPORATED","PLACER","CA",-121.1018,38.4435
"6864129",-121.2658337,38.78349,2015,"3104","0","1","4","08",0,2,"A",,,,,,900,3,"D","C","A","STANFORD RANCH RD","FAIRWAY AV",31,"S","N","2015-04-08",3104,"2015-03-16",735,"268","38","5","4","0","0",,"0","002","-","N",,0,0,,,0,,,,"Y",3,"A","-",22107,,"N","A","H","-","A","D","0","Y","A","01",0,0,2,0,0,0,0,0,0,"-","-","ROCKLIN","PLACER","CA",0,0
"6861723",-121.2518181,38.7678451,2015,"3105","1","4","4","03",0,3,"A",,,,,,1800,3,"C","C","A","RT 80","RT 65",400,"W","N","2016-10-25",9220,"2015-03-19",1535,"013794",,"2","5","0","1",,"2","281","-","Y","PLA",3,80,"-","-",4.06,"H","-","E","Y",3,"A","-",22350,,"N","A","H","-","A","D","1","Y","D","22",0,0,3,0,0,0,0,0,0,"-","-","ROSEVILLE","PLACER","CA",0,0
"6861719",-121.258685,38.7628369,2015,"3105","1","4","4","03",0,3,"A",,,,"Y",,900,3,"C","C","A","RT 80","ROSEVILLE PKWY",100,"W","N","2016-10-24",9220,"2015-03-19",718,"013466",,"1","5","0","1",,"2","281","-","Y","PLA",3,80,"-","-",3.41,"H","-","W","Y",2,"A","-",22350,,"N","A","H","-","A","D","1","Y","A","08",0,0,3,0,0,0,0,0,0,"-","-","ROSEVILLE","PLACER","CA",0,0
"6861658",-121.0750131,38.9008952,2015,"3101","0","2","4","12",0,1,"A",,,,,,2100,3,"D","C","A","RT 49","RT 80",0,,"Y","2016-09-02",3101,"2015-03-10",1839,"19","3101","5","3","0","0",,"0","001","-","Y","PLA",3,49,"-","-",3.26,"I","5","N","Y",2,"A","-",21453,"A","N","A","H","-","B","A","0","Y","D","22",0,0,1,0,0,0,0,0,0,"-","WF","AUBURN","PLACER","CA",0,0
"6859841",0,0,2015,"3103","0","7","2","03",0,1,"E",,,,,"Y",900,1,"E","I","A","JOINER PKWY","OHARA LN",0,"N","N","2015-03-27",3103,"2015-01-18",730,"53","L1","5","2","0","0",,"0","0L1","-","N",,0,0,,,0,,,,"N",1,"A","-",22350,,"N","B","H","-","A","D","0","Y","A","01",1,0,0,0,0,0,0,0,0,"-","-","LINCOLN","PLACER","CA",-121.30459,38.90174
"6857751",0,0,2015,"3104","0","5","3","05",0,1,"A",,"Y",,,,1800,3,"H","G","A","PARK DR","QUARRY WY",3,"S","N","2015-04-17",3104,"2015-03-13",1728,"256","10B","5","4","0","0",,"0","003","-","N",,0,0,,,0,,,,"N",2,"A","-",21202,"A","N","A","H","-","A","A","0","Y","L","04",0,1,0,0,0,0,1,0,0,"-","-","ROCKLIN","PLACER","CA",-121.27644,38.79768
"6857656",-120.2112376,39.2496145,2015,"3100","3","7","3","01",0,5,"A",,,,,"Y",1500,3,"D","C","A","RT 89 SOUTH","POLE CREEK RD",5280,"N","N","2016-09-06",9222,"2015-03-08",1205,"019063",,"1","9","0","1",,"1","013","-","Y","PLA",3,89,"-","-",16.99,"H","-","N","Y",2,"A","-",23152,"A","N","A","H","-","A","D","0","Y","A","01",0,4,1,0,0,0,0,0,0,"-","-","UNINCORPORATED","PLACER","CA",-120.21135,39.25164
"6857652",-120.1627904,39.1252313,2015,"3100","3","7","3","08",0,1,"A",,,,,"Y",600,2,"E","I","A","RT 89","SUGAR PINE RD",528,"S","N","2016-09-06",9222,"2015-02-22",410,"019233",,"3","9","0","1",,"1","011","-","Y","PLA",3,89,"-","-",5.21,"H","-","S","Y",1,"A","-",22107,,"F","A","H","-","D","D","0","Y","D","22",0,1,0,0,0,0,0,0,0,"-","-","UNINCORPORATED","PLACER","CA",-120.16257,39.12505
"6856471",-120.4989689,39.3118699,2015,"3100","5","6","4","03",0,1,"D",,,,,,1200,2,"C","C","A","DONNER PASS RD","HAMPSHIRE ROCKS RD",400,"N","N","2015-03-27",9221,"2015-02-28",930,"018940",,"1","9","0","3",,"2","070","-","N",,0,0,,,0,,,,"Y",2,"A","-",22350,,"N","C","H","-","A","D","0","Y","A","01",0,0,1,0,0,0,0,0,0,"-","-","UNINCORPORATED","PLACER","CA",-120.49888,39.3121
"6856140",-120.9738863,39.0979042,2015,"3100","5","7","3","08",0,1,"A",,,,,"Y",900,3,"E","I","A","SPRING VALLEY DAM LN","SUMMER LAKE LN",200,"N","N","2015-03-24",9221,"2015-03-15",600,"15950",,"1","9","0","3",,"2","070","-","N",,0,0,,,0,,,,"Y",1,"A","-",22107,,"N","A","H","-","D","D","0","Y","A","01",0,1,0,0,0,0,0,0,0,"-","-","UNINCORPORATED","PLACER","CA",-120.97322,39.09853
"6855179",-120.7525231,39.2401908,2015,"3100","1","6","4","08",0,1,"A",,,,,"Y",600,3,"E","I","A","RT 80","DRUM FOREBAY",528,"E","N","2016-10-25",9221,"2015-03-07",312,"019671",,"3","9","0","1",,"2","386","-","Y","PLA",3,80,"-","-",49.16,"H","-","W","Y",1,"A","-",22107,,"N","A","H","-","D","D","1","Y","D","22",0,0,1,0,0,0,0,0,0,"-","-","UNINCORPORATED","PLACER","CA",-120.75247,39.23953
"6854732",-120.7749585,39.217114,2015,"3100","1","1","1","08",1,1,"A",,,,,,300,6,"F","I","A","RT 80","BAXTER ST",1056,"E","N","2015-07-16",9221,"2015-06-01",35,"16556",,"3","9","0","1",,"2","385","-","Y","PLA",3,80,"-","-",47.14,"H","-","W","Y",1,"A","-",22107,,"N","A","H","-","D","D","1","Y","A","01",1,0,0,0,0,0,0,0,0,"-","-","UNINCORPORATED","PLACER","CA",-120.77432,39.21819
"6854606",-121.2852359,38.7869915,2015,"3105","3","7","1","08",1,1,"C",,,,,,1800,2,"D","C","A","RT 65","PLEASANT GROVE BL",285,"N","N","2015-05-15",9220,"2015-02-08",1740,"013605",,"2","5","0","1",,"1","265","-","Y","PLA",3,65,"-","R",7.141,"R","2","S","Y",2,"A","-",22107,,"N","B","H","-","C","D","1","Y","A","01",0,0,1,0,0,0,0,0,0,"-","-","ROSEVILLE","PLACER","CA",0,0
"6852623",-121.246863,38.9303206,2015,"3100","5","1","3","01",0,1,"A",,,,,"Y",2100,2,"B","C","A","CROSBY HEROLD RD","WISE RD",1375,"N","N","2015-03-20",9220,"2015-02-23",2015,"13605",,"2","9","0","3",,"2","030","-","N",,0,0,,,0,,,,"Y",2,"A","-",23152,"A","N","A","H","-","D","D","0","Y","A","01",0,1,0,0,0,0,0,0,0,"-","-","UNINCORPORATED","PLACER","CA",0,0
"6852622",-121.0865135,38.927227,2015,"3100","3","4","4","03",0,1,"A",,,,,,1500,2,"C","C","A","RT 49","LUTHER RD",0,,"Y","2016-09-02",9220,"2015-02-26",1400,"11483",,"2","9","0","1",,"1","249","-","Y","PLA",3,49,"-","-",5.2,"H","-","N","Y",2,"A","-",22350,,"N","A","H","-","A","A","0","Y","A","07",0,0,1,0,0,0,0,0,0,"-","-","UNINCORPORATED","PLACER","CA",-121.94752,38.28461
"6852621",-121.0941929,38.9424865,2015,"3100","4","5","3","03",0,1,"A",,,,,,900,2,"C","C","A","BELL RD","QUARTZ DR",20,"E","N","2015-03-20",9220,"2015-02-27",835,"12612",,"1","9","0","2",,"2","056","-","N",,0,0,,,0,,,,"Y",2,"A","-",22350,,"N","A","H","-","A","D","0","Y","A","01",0,1,0,0,0,0,0,0,0,"-","-","UNINCORPORATED","PLACER","CA",0,0
"6852620",-121.1919431,38.7607351,2015,"3100","4","6","3","09",0,1,"B",,,"Y",,,2100,2,"D","C","A","BARTON RD","CARLILE CT",0,,"Y","2015-03-20",9220,"2015-02-28",1815,"15060",,"2","9","0","2",,"2","023","-","N",,0,0,,,0,,,,"Y",2,"A","-",21801,"A","N","A","H","-","B","D","0","Y","A","01",0,1,0,0,0,0,0,0,1,"-","-","UNINCORPORATED","PLACER","CA",0,0
"6852619",-121.3037404,38.8172886,2015,"3100","5","4","4","03",0,2,"A",,,,,,2100,2,"C","C","A","SUNSET BL","S LOOP DR",95,"E","N","2015-03-20",9220,"2015-02-19",2010,"13794",,"2","9","0","3",,"2","010","-","N",,0,0,,,0,,,,"N",2,"A","-",22350,,"N","A","H","-","C","A","0","Y","A","07",0,0,2,0,0,0,0,0,0,"-","-","UNINCORPORATED","PLACER","CA",0,0
"6852618",-121.2584621,38.7631633,2015,"3105","1","5","4","03",0,2,"A",,,,,"Y",2400,2,"C","C","A","RT 80","ROSEVILLE PKWY",100,"E","N","2016-10-24",9220,"2015-02-20",2300,"13794",,"3","5","0","1",,"2","281","-","Y","PLA",3,80,"-","-",3.45,"H","-","W","N",2,"A","-",22350,,"F","A","H","-","C","D","1","Y","-","99",0,0,2,0,0,0,0,0,0,"-","-","ROSEVILLE","PLACER","CA",0,0
"6852617",0,0,2015,"3100","4","1","3","08",0,2,"A",,,,,"Y",300,2,"E","I","A","FORESTHILL RD","FINNING MILL RD",1056,"W","N","2015-03-20",9220,"2015-02-23",40,"13466",,"3","9","0","2",,"2","062","-","N",,0,0,,,0,,,,"Y",1,"A","-",22107,,"F","A","H","-","D","D","0","Y","A","01",0,2,0,0,0,0,0,0,0,"-","-","UNINCORPORATED","PLACER","CA",0,0
"6852415",-121.2556639,38.7654546,2015,"3105","1","1","4","03",0,1,"A",,,,,,1800,3,"C","C","A","RT 80","TAYLOR RD",528,"E","N","2016-10-25",9220,"2015-03-09",1620,"016668",,"2","5","0","1",,"2","281","-","Y","PLA",3,80,"-","-",3.76,"H","-","E","N",3,"A","-",22350,,"N","A","H","-","A","D","1","Y","D","22",0,0,1,0,0,0,0,0,0,"-","-","ROSEVILLE","PLACER","CA",-121.25464,38.76596
"6852413",-121.0475659,38.907322,2015,"3100","3","5","4","03",0,1,"A",,,,,,1800,3,"C","C","A","RT 49","OLD AUBURN FORESTHILL RD",3802,"N","N","2016-09-02",9220,"2015-03-06",1615,"11483",,"2","9","0","1",,"1","249","-","Y","PLA",3,49,"-","-",0.78,"H","-","N","Y",3,"A","-",22350,,"N","A","H","-","A","D","0","Y","D","22",0,0,1,0,0,0,0,0,0,"-","-","UNINCORPORATED","PLACER","CA",-121.94566,38.83652
"6852412",-121.2572831,38.7642052,2015,"3105","1","5","4","03",0,5,"A",,,,,,2100,2,"C","C","A","RT 80","TAYLOR RD",200,"W","N","2016-10-24",9220,"2015-02-13",1805,"013794",,"2","5","0","1",,"2","281","-","Y","PLA",3,80,"-","-",3.62,"H","-","E","Y",5,"A","-",22350,,"N","A","H","-","D","D","1","Y","D","22",0,0,5,0,0,0,0,0,0,"-","-","ROSEVILLE","PLACER","CA",0,0
"6852411",-121.275869,38.7381527,2015,"3105","1","1","4","08",0,1,"A",,,,,,2100,3,"E","I","A","RT 80","DOUGLAS BL",2300,"W","N","2016-10-24",9220,"2015-03-09",1925,"14343",,"2","5","0","1",,"2","281","-","Y","PLA",3,80,"-","-",1.54,"H","-","W","Y",1,"A","-",22107,,"N","A","H","-","D","D","1","Y","D","22",0,0,1,0,0,0,0,0,0,"-","-","ROSEVILLE","PLACER","CA",0,0
"6852410",-120.9988547,38.9935427,2015,"3100","1","4","3","03",0,2,"A",,,,,,1500,3,"C","C","A","RT 80","APPLEGATE RD",3696,"W","N","2016-10-25",9220,"2015-03-05",1455,"015197",,"2","9","0","1",,"2","283","-","Y","PLA",3,80,"-","-",25.51,"H","-","E","Y",2,"A","-",22350,,"N","A","H","-","A","D","1","Y","A","07",0,1,1,0,0,0,0,0,0,"-","-","UNINCORPORATED","PLACER","CA",-120.99649,38.99838
"6852402",0,0,2015,"3100","4","4","4","12",0,2,"B",,,,,,1800,2,"D","C","A","INDUSTRIAL AV","PLACER CORP",0,,"Y","2015-03-26",9220,"2015-02-12",1755,"013868",,"2","9","0","2",,"2","015","-","N",,0,0,,,0,,,,"Y",2,"A","-",21453,"A","N","A","H","-","C","A","0","Y","A","01",0,0,2,0,0,0,0,0,0,"-","-","UNINCORPORATED","PLACER","CA",0,0
"6852401",-121.2583831,38.7627852,2015,"3105","1","2","4","03",0,5,"B",,,,"Y",,2100,2,"C","C","A","RT 80","MPM 80-PLA-3.44",160,"E","N","2016-10-24",9220,"2015-02-10",1823,"014282",,"2","5","0","1",,"2","281","-","Y","PLA",3,80,"-","-",3.43,"H","-","E","Y",7,"A","-",22350,,"N","A","H","-","C","D","1","Y","G","27",0,0,5,0,0,0,0,0,0,"-","-","ROSEVILLE","PLACER","CA",-121.25848,38.76283
"6852219",-121.1822891,38.8920783,2015,"3100","3","4","4","08",0,1,"A",,,,,,600,2,"E","I","A","RT 193","GOLD ST",200,"N","N","2016-09-06",9220,"2015-02-19",534,"013856",,"3","9","0","1",,"2","293","-","Y","PLA",3,193,"-","-",6.33,"H","-","E","Y",1,"A","-",22107,,"N","A","H","-","C","D","0","Y","A","01",0,0,1,0,0,0,0,0,0,"-","-","UNINCORPORATED","PLACER","CA",0,0
"6851866",-121.3926629,38.744496,2015,"3100","5","3","4","18",0,1,"A",,,,,,2400,3,"E","J","A","WATT AV","BASELINE RD",2640,"S","N","2015-03-23",9220,"2015-03-04",2300,"014466",,"3","9","0","3",,"2","010","-","N",,0,0,,,0,,,,"N",1,"C","-",0,,"N","A","H","-","D","D","0","Y","-","-",0,0,1,0,0,0,0,0,0,"-","-","UNINCORPORATED","PLACER","CA",-121.39265,38.74391
"6851862",-121.226399,38.7480444,2015,"3100","4","3","4","21",0,2,"B",,,,,,900,3,"C","C","A","CAVITT STALLMAN RD","SIERRA COLLEGE BL",24,"E","N","2015-03-23",9220,"2015-03-11",745,"013466",,"1","9","0","2",,"2","026","C","N",,0,0,,,0,,,,"N",2,"A","-",22106,,"N","B","H","-","A","A","0","Y","A","01",0,0,2,0,0,0,0,0,0,"-","-","UNINCORPORATED","PLACER","CA",0,0
"6851858",-121.1706197,38.7384524,2015,"3100","4","3","4","03",0,1,"B",,,,,,900,3,"C","C","A","AUBURN FOLSOM RD","FULLER DR",500,"S","N","2015-03-23",9220,"2015-03-11",850,"013466",,"1","9","0","2",,"2","027","C","N",,0,0,,,0,,,,"Y",2,"A","-",22350,,"N","B","D","-","A","A","0","Y","A","01",0,0,1,0,0,0,0,0,0,"-","-","UNINCORPORATED","PLACER","CA",0,0
"6851756",0,0,2015,"3100","5","5","4","01",0,1,"A",,,,,"Y",300,3,"E","I","A","WALERGA RD","FARRIER WY",700,"N","N","2015-09-14",9220,"2015-03-06",210,"13676",,"3","9","0","3",,"2","010","-","N",,0,0,,,0,,,,"Y",1,"A","-",23152,"A","N","A","H","-","D","D","0","Y","A","01",0,0,1,0,0,0,0,0,0,"-","-","UNINCORPORATED","PLACER","CA",-121.36465,38.74529
"6851744",-121.1467231,38.935185,2015,"3100","1","7","2","01",0,1,"A",,,,,"Y",2400,3,"E","I","A","BAXTER GRADE RD","HAVEN HILL LN",0,,"Y","2015-09-14",9220,"2015-03-01",2140,"12412",,"2","9","0","1",,"2","283","-","N",,0,0,,,0,,,,"Y",1,"A","-",23152,"A","N","A","H","-","D","D","0","Y","A","01",1,0,0,0,0,0,0,0,0,"-","-","UNINCORPORATED","PLACER","CA",-121.14676,38.93458
"6849775",-120.2148001,39.2069706,2015,"3100","4","5","4","08",0,2,"A",,,,,,2400,2,"D","E","A","SQUAW VALLEY RD","VICTOR DR",450,"W","N","2015-03-23",9222,"2015-02-13",2325,"019233",,"3","9","0","2",,"2","017","-","N",,0,0,,,0,,,,"Y",2,"A","-",22107,,"N","A","H","-","D","D","0","Y","A","08",0,0,2,0,0,0,0,0,0,"-","-","UNINCORPORATED","PLACER","CA",-120.21486,39.20698
"6849157",-121.1014375,38.9567727,2015,"3100","3","6","4","09",0,1,"A",,,,,,2400,3,"A","C","A","RT 49","DRY CREEK RD",30,"S","N","2016-09-02",9220,"2015-03-14",2230,"014466",,"3","9","0","1",,"1","249","-","Y","PLA",3,49,"-","-",7.42,"H","-","S","Y",2,"A","-",21453,"C","N","A","H","-","C","A","0","Y","A","01",0,0,1,0,0,0,0,0,0,"-","-","UNINCORPORATED","PLACER","CA",-121.10127,38.95647
"6849153",-121.1355156,38.8776661,2015,"3100","3","1","3","22",0,1,"A",,,"Y",,,1500,3,"F","A","A","RT 193","MAIN ST",528,"W","N","2016-09-06",9220,"2015-03-09",1447,"013997",,"2","9","0","1",,"2","293","-","Y","PLA",3,193,"-","-",9.55,"H","-","E","N",1,"B","-",0,,"N","A","H","-","A","D","0","Y","C","02",0,1,0,0,0,0,0,0,1,"-","-","UNINCORPORATED","PLACER","CA",0,0
"6849149",-121.2656127,38.7774599,2015,"3100","3","3","4","03",0,1,"A",,,,,,2100,3,"C","C","A","RT 65","GALLERIA BL",200,"S","N","2016-09-02",9220,"2015-03-04",1825,"014611",,"2","9","0","1",,"1","265","-","Y","PLA",3,65,"-","R",5.89,"H","-","N","Y",2,"A","-",22350,,"N","A","H","-","B","D","1","Y","A","01",0,0,1,0,0,0,0,0,0,"-","-","UNINCORPORATED","PLACER","CA",0,0
"6849145",-121.2384389,38.7764251,2015,"3100","1","1","4","03",0,1,"B",,,,,,1800,3,"C","C","A","RT 80","RT 65",1980,"E","N","2016-10-25",9220,"2015-03-02",1645,"014343",,"2","9","0","1",,"2","281","-","Y","PLA",3,80,"-","-",4.94,"H","-","W","Y",2,"A","-",22350,,"N","A","H","-","A","D","1","Y","A","07",0,0,1,0,0,0,0,0,0,"-","-","UNINCORPORATED","PLACER","CA",0,0
"6849122",-121.3771532,38.897235,2015,"3100","5","1","4","09",0,2,"A",,,,,,1800,3,"D","C","A","NICOLAUS RD","N DOWD RD",0,,"Y","2015-03-23",9220,"2015-03-02",1700,"012239",,"2","9","0","3",,"2","010","-","N",,0,0,,,0,,,,"N",2,"A","-",21802,"A","N","A","H","-","A","A","0","Y","A","01",0,0,2,0,0,0,0,0,0,"-","-","UNINCORPORATED","PLACER","CA",-121.2237,38.535
"6844867",0,0,2015,"3103","0","7","4","12",0,3,"A",,,,,,1800,3,"D","C","A","FERRARI RANCH RD","GROVELAND LN",0,,"Y","2015-03-23",3103,"2015-03-01",1622,"JMCCA","L4","5","2","0","0",,"0","0L2","-","N",,0,0,,,0,,,,"Y",2,"A","-",21453,"A","N","A","H","-","A","A","0","Y","A","07",0,0,3,0,0,0,0,0,0,"-","-","LINCOLN","PLACER","CA",-121.30749,38.87214
"6844692",-121.2325225,38.8666481,2015,"3103","0","4","3","03",0,1,"A",,,"Y",,,300,2,"E","I","A","TWELVE BRIDGES DR","SIERRA COLLEGE BL",411,"W","N","2015-03-17",3103,"2015-02-26",235,"CRAND","L8","5","2","0","0",,"0","0L4","-","N",,0,0,,,0,,,,"Y",1,"A","-",22350,,"N","A","H","-","D","D","0","Y","C","02",0,1,0,0,0,0,0,0,1,"-","-","LINCOLN","PLACER","CA",-121.23189,38.86703
"6844361",-121.3069762,38.8419343,2015,"3103","0","7","4","01",0,1,"E",,,,,"Y",300,2,"E","J","A","INDUSTRIAL AV","ATHENS AV",1056,"N","N","2015-03-17",3103,"2015-02-22",142,"MALVE","L8","5","2","0","0",,"0","0L4","-","N",,0,0,,,0,,,,"Y",1,"A","-",23152,,"N","A","H","-","D","D","0","Y","A","07",0,0,1,0,0,0,0,0,0,"-","-","LINCOLN","PLACER","CA",-121.30781,38.8719
"6844340",-120.7088816,39.2812894,2015,"3100","1","1","4","03",0,1,"B",,,,,,1500,3,"E","I","A","RT 80","BLUE CANYON",2016,"W","N","2016-10-25",9221,"2015-03-02",1205,"018158",,"1","9","0","1",,"2","386","C","Y","PLA",3,80,"-","-",53,"H","-","E","Y",1,"A","-",22350,,"N","C","H","-","A","A","1","Y","A","01",0,0,1,0,0,0,0,0,0,"-","-","UNINCORPORATED","PLACER","CA",-120.70982,39.28079
"6844336",-120.7213386,39.2691837,2015,"3100","1","1","4","03",0,1,"B",,,,,,900,3,"E","I","A","RT 80","5000 FT ELEVATION MARKER",255,"E","N","2016-10-25",9221,"2015-03-02",750,"018158",,"1","9","0","1",,"2","386","D","Y","PLA",3,80,"-","-",51.91,"H","-","W","Y",1,"A","-",22350,,"N","C","H","-","A","A","1","Y","A","07",0,0,1,0,0,0,0,0,0,"-","-","UNINCORPORATED","PLACER","CA",-120.72139,39.26921
"6844262",0,0,2015,"3103","0","4","4","12",0,3,"A",,,,,,2100,2,"D","C","A","7TH ST","LINCOLN BL",0,,"Y","2015-09-10",3103,"2015-02-26",1832,"CRAND","L3","5","2","0","0",,"0","0L1","-","N",,0,0,,,0,,,,"Y",2,"A","-",21453,"A","N","A","H","-","C","D","0","Y","A","01",0,0,3,0,0,0,0,0,0,"-","-","LINCOLN","PLACER","CA",0,0
"6844127",0,0,2015,"3103","0","5","3","08",0,1,"C",,,,,,1500,2,"D","C","A","DEEP SPRINGS","SUTTERVIEW",0,,"Y","2015-03-19",3103,"2015-02-06",1359,"WCOLL","L7","5","2","0","0",,"0","0L4","G","N",,0,0,,,0,,,,"Y",2,"A","-",22107,,"N","B","H","-","A","D","0","Y","D","72",0,1,0,0,0,0,0,0,0,"-","-","LINCOLN","PLACER","CA",-121.30749,38.87214
"6843809",-121.0028797,39.0601395,2015,"3100","5","5","3","01",0,1,"B",,,,,"Y",2100,2,"E","I","A","DOG BAR RD","PLACER HILLS RD",3168,"N","N","2015-03-19",9221,"2015-02-27",1857,"19020",,"2","9","0","3",,"2","070","-","N",,0,0,,,0,,,,"Y",1,"A","-",23152,"A","N","A","H","-","D","D","0","Y","A","08",0,1,0,0,0,0,0,0,0,"-","-","UNINCORPORATED","PLACER","CA",-121.00307,39.06024
"6840556",-120.2048095,39.2058673,2015,"3100","4","2","4","03",0,1,"A",,,,,,900,2,"E","I","A","SQUAW VALLEY RD","SQUAW CREEK RD",738,"E","N","2015-03-19",9222,"2015-02-10",800,"19063",,"1","9","0","2",,"2","017","-","N",,0,0,,,0,,,,"Y",1,"A","-",22350,,"N","C","H","-","A","D","0","Y","A","07",0,0,1,0,0,0,0,0,0,"-","-","UNINCORPORATED","PLACER","CA",-120.20496,39.20592
"6840491",-120.145893,39.1578453,2015,"3100","3","4","4","03",0,2,"A",,,,,"Y",1800,2,"C","C","A","RT 89","OLYMPIC DR",250,"S","N","2016-09-06",9222,"2015-02-12",1655,"18593",,"2","9","0","1",,"1","011","-","Y","PLA",3,89,"-","-",7.85,"H","-","S","Y",2,"A","-",22350,,"N","A","H","-","B","D","0","Y","A","07",0,0,2,0,0,0,0,0,0,"-","-","UNINCORPORATED","PLACER","CA",-120.14588,39.15758