"CASEID","POINT_X","POINT_Y","YEAR_","LOCATION","CHPTYPE","DAYWEEK","CRASHSEV","VIOLCAT","KILLED","INJURED","WEATHER1","PEDCOL","BICCOL","MCCOL","TRUCKCOL","ETOH","TIMECAT","MONTH_","CRASHTYP","INVOLVE","PED","PRIMARYRD","SECONDRD","DISTANCE","DIRECT","INTERSECT_","PROCDATE","JURIS","DATE_","TIME_","BADGE","JURIDIST","SHIFT","POP","SPECIAL","BEATTYPE","LAPDDIV","BEATCLAS","BEATNUMB","WEATHER2","STATEHW","CALTRANC","CALTRAND","STROUTE","ROUTESUF","POSTPRE","POSTMILE","LOCATYPE","RAMP","SIDEHW","TOWAWAY","PARTIES","PCF","VIOLCODE","VIOL","VIOLSUB","HITRUN","ROADSURF","RDCOND1","RDCOND2","LIGHTING","RIGHTWAY","CHPRDTYP","NOTPRIV","STFAULT","CHPFAULT","SEVINJ","OTHERINJ","COP","PEDKILL","PEDINJ","BICKILL","BICINJ","MCKILL","MCINJURE","RAMP1","RAMP2","CITY","COUNTY","STATE","X_CHP","Y_CHP"
"6677923",-121.2802174,38.7341695,2014,"3100","1","4","4","03",0,2,"A",,,,,,1800,10,"C","C","A","RT 80","CIRBY RD",2215,"E","N","2016-07-05",9220,"2014-10-16",1545,"11158",,"2","9","0","1",,"2","281","-","Y","PLA",3,80,"-","-",1.11,"H","-","W","Y",3,"A","-",22350,,"N","A","H","-","A","D","1","Y","A","01",0,0,2,0,0,0,0,0,0,"-","-","UNINCORPORATED","PLACER","CA",-121.15398,38.54637
"6676473",-120.2150006,39.2068243,2014,"3100","4","7","3","03",0,1,"B",,"Y",,,,1200,9,"F","A","A","SQUAW VALLEY RD","VICTOR DR",528,"W","N","2015-01-14",9222,"2014-09-21",900,"015908",,"1","9","0","2",,"2","017","-","N",,0,0,,,0,,,,"N",1,"A","-",22350,,"N","A","H","-","A","D","0","Y","L","04",0,1,0,0,0,0,1,0,0,"-","-","UNINCORPORATED","PLACER","CA",-120.21339,39.20717
"6670986",-121.0948115,38.8879692,2014,"3100","1","7","3","07",0,2,"A",,,,"Y",,1500,10,"H","C","A","RT 80","OPHIR ST",4200,"W","N","2016-07-05",9220,"2014-10-05",1410,"13605",,"2","9","0","1",,"2","282","-","Y","PLA",3,80,"-","-",16.05,"H","-","W","Y",3,"A","-",21658,"A","F","A","H","-","A","D","1","Y","G","27",0,1,1,0,0,0,0,0,0,"-","-","UNINCORPORATED","PLACER","CA",0,0
"6670983",-121.2519457,38.7677648,2014,"3105","1","6","4","03",0,4,"A",,,,,,1800,10,"C","C","A","RT 80","RT 65",585,"W","N","2016-07-05",9220,"2014-10-18",1652,"11483",,"2","5","0","1",,"2","281","-","Y","PLA",3,80,"-","-",4.05,"H","-","E","Y",2,"A","-",22350,,"N","A","H","-","A","D","1","Y","D","22",0,0,4,0,0,0,0,0,0,"-","-","ROSEVILLE","PLACER","CA",-121.84758,38.39574
"6670982",-121.1692404,38.879223,2014,"3100","3","2","4","03",0,1,"A",,,,,,1200,10,"B","C","A","RT 193","DUTCH RAVINE LN",30,"E","N","2016-07-05",9220,"2014-10-14",1135,"011483",,"1","9","0","1",,"2","293","-","Y","PLA",3,193,"-","-",7.53,"H","-","E","N",2,"A","-",22350,,"N","A","D","-","A","D","0","Y","A","01",0,0,1,0,0,0,0,0,0,"-","-","UNINCORPORATED","PLACER","CA",-121.16712,38.87802
"6670978",-121.0858984,38.9264973,2014,"3100","3","2","4","03",0,2,"A",,,,,,1500,10,"C","C","A","RT 49","LUTHER RD",350,"S","N","2016-06-22",9220,"2014-10-14",1258,"014810",,"1","9","0","1",,"1","249","-","Y","PLA",3,49,"-","-",5.14,"H","-","N","Y",3,"A","-",22350,,"N","A","H","-","A","D","0","Y","A","01",0,0,2,0,0,0,0,0,0,"-","-","UNINCORPORATED","PLACER","CA",0,0
"6670783",0,0,2014,"3104","0","4","4","03",0,1,"B",,,,,,1800,10,"D","C","A","WILDCAT BL","RANCHO VIEW DR",0,,"Y","2014-12-12",3104,"2014-10-16",1758,"257","7","5","4","0","0",,"0","004","-","N",,0,0,,,0,,,,"Y",2,"A","-",22350,,"N","A","H","-","B","A","0","Y","D","83",0,0,1,0,0,0,0,0,0,"-","-","ROCKLIN","PLACER","CA",-121.29099,38.83741
"6668415",-121.2197332,38.788465,2014,"3104","0","2","4","12",0,1,"B",,,,,,2400,10,"B","C","A","ROCKLIN RD","AGUILAR RD",0,,"Y","2015-06-18",3104,"2014-10-14",2135,"205","71","5","4","0","0",,"0","001","-","N",,0,0,,,0,,,,"Y",2,"A","-",21453,"A","N","A","H","-","C","A","0","Y","-","-",0,0,1,0,0,0,0,0,0,"-","-","ROCKLIN","PLACER","CA",-121.22031,38.78833
"6668413",0,0,2014,"3104","0","5","4","03",0,1,"A",,,,,"Y",2400,10,"C","C","A","PACIFIC ST","CITY LIGHT POLE C1088",25,"N","N","2015-06-18",3104,"2014-10-10",2138,"270","46","5","4","0","0",,"0","002","-","N",,0,0,,,0,,,,"N",4,"A","-",22350,,"N","A","D","-","C","D","0","Y","A","01",0,0,1,0,0,0,0,0,0,"-","-","ROCKLIN","PLACER","CA",-121.24857,38.77592
"6664903",-120.381882,39.3085678,2014,"3100","5","6","4","08",0,1,"A",,,,,,1800,9,"E","I","A","SODA SPRINGS RD","CASCADE RD",100,"N","N","2014-11-13",9222,"2014-09-13",1645,"019233",,"2","9","0","3",,"2","010","-","N",,0,0,,,0,,,,"Y",1,"A","-",22107,,"N","A","H","-","A","D","0","Y","A","07",0,0,1,0,0,0,0,0,0,"-","-","UNINCORPORATED","PLACER","CA",-120.38193,39.30874
"6664899",-120.1477975,39.1666565,2014,"3100","5","2","2","03",0,1,"A",,"Y",,,,1500,9,"F","A","A","FAIRWAY DR","RT 89",342,"N","N","2016-01-15",9222,"2014-09-02",1325,"016112",,"1","9","0","3",,"2","010","-","N",,0,0,,,0,,,,"N",1,"A","-",22350,,"N","A","A","H","A","D","0","Y","L","04",1,0,0,0,0,0,1,0,0,"-","-","UNINCORPORATED","PLACER","CA",-120.14777,39.16677
"6664883",-120.0099663,39.2275236,2014,"3100","3","2","3","18",0,2,"A",,,,,,2100,9,"D","C","A","RT 28","SPEED BOAT AV",93,"E","N","2016-04-25",9222,"2014-09-16",1800,"017550",,"2","9","0","1",,"1","015","-","Y","PLA",3,28,"-","-",10.79,"H","-","E","Y",2,"C","-",0,,"N","A","H","-","A","D","0","Y","-","-",0,2,0,0,0,0,0,0,0,"-","-","UNINCORPORATED","PLACER","CA",-120.01003,39.22759
"6664597",-121.2928025,38.7913195,2014,"3105","3","6","3","08",0,1,"A",,,,,,1200,10,"E","I","A","RT 65","BLUE OAKS BL",900,"S","N","2016-06-21",9220,"2014-10-04",1004,"015239",,"1","5","0","1",,"1","265","-","Y","PLA",3,65,"-","R",7.9,"H","-","N","Y",1,"A","-",22107,,"N","A","H","-","A","A","1","Y","A","07",0,1,0,0,0,0,0,0,0,"-","-","ROSEVILLE","PLACER","CA",0,0
"6663747",-120.9716034,39.050357,2014,"3100","1","4","4","03",0,1,"B",,,,,,1200,9,"C","C","A","RT 80","WEIMAR CROSS RD",2112,"E","N","2016-05-11",9220,"2014-09-25",1000,"13060",,"1","9","0","1",,"2","283","C","Y","PLA",3,80,"-","-",29.72,"H","-","W","Y",2,"A","-",22350,,"N","B","H","-","A","D","1","Y","A","01",0,0,1,0,0,0,0,0,0,"-","-","UNINCORPORATED","PLACER","CA",0,0
"6663638",-121.1706323,38.7390015,2014,"3100","5","2","4","03",0,1,"A",,,,,,900,10,"C","C","A","AUBURN FOLSOM RD","FULLER DR",300,"S","N","2014-12-17",9220,"2014-10-07",655,"013466",,"1","9","0","3",,"2","020","-","N",,0,0,,,0,,,,"Y",3,"A","-",22350,,"N","A","D","-","A","A","0","Y","D","22",0,0,1,0,0,0,0,0,0,"-","-","UNINCORPORATED","PLACER","CA",0,0
"6663637",-120.9542702,38.9597789,2014,"3100","4","5","3","05",0,1,"F",,,,"Y",,900,9,"A","C","A","FORESTHILL ROAD","DRIVERS FLAT RD",100,"W","N","2016-01-13",9220,"2014-09-19",825,"13060",,"1","9","0","2",,"2","062","-","N",,0,0,,,0,,,,"Y",2,"A","-",21460,"A","N","A","H","-","A","D","0","Y","A","01",0,1,0,0,0,0,0,0,0,"-","-","UNINCORPORATED","PLACER","CA",0,0
"6663636",-121.1751975,38.8282998,2014,"3100","1","3","3","08",0,1,"A",,,,,,900,10,"E","I","A","RT 80","KING RD",1584,"E","N","2016-07-05",9220,"2014-10-08",759,"013139","9220","1","9","0","1",,"2","282","-","Y","PLA",3,80,"-","-",9.86,"H","-","E","Y",1,"A","-",22107,,"N","A","H","-","A","D","1","Y","D","22",0,1,0,0,0,0,0,0,0,"-","-","UNINCORPORATED","PLACER","CA",-121.17575,38.82778
"6663635",-121.0869478,38.9275528,2014,"3100","3","3","4","03",0,1,"F",,,,,,900,9,"C","C","A","RT 49","LUTHER RD",20,"N","N","2016-05-09",9220,"2014-09-24",630,"13060",,"1","9","0","1",,"1","249","-","Y","PLA",3,49,"-","-",5.22,"H","-","S","Y",2,"A","-",22350,,"N","A","H","-","B","D","0","Y","D","22",0,0,1,0,0,0,0,0,0,"-","-","UNINCORPORATED","PLACER","CA",0,0
"6663632",0,0,2014,"3100","5","5","2","03",0,1,"A","Y",,,,,900,10,"B","C","E","NELSON LN","RT 65",1584,"N","N","2015-01-12",9220,"2014-10-10",725,"015197",,"1","9","0","3",,"2","010","-","N",,0,0,,,0,,,,"N",3,"A","-",22350,,"N","A","H","-","A","D","0","Y","D","22",1,0,0,0,1,0,0,0,0,"-","-","UNINCORPORATED","PLACER","CA",0,0
"6660228",-121.1054109,38.9696328,2014,"3100","3","7","3","08",0,2,"A",,,,,,2400,10,"F","A","A","RT 49","JOEGER RD",2112,"N","N","2016-06-22",9220,"2014-10-12",2140,"013868",,"2","9","0","1",,"1","249","-","Y","PLA",3,49,"-","R",8.36,"H","-","S","Y",1,"A","-",22107,,"N","A","H","-","D","D","0","Y","A","01",0,1,1,0,0,0,0,0,0,"-","-","UNINCORPORATED","PLACER","CA",0,0
"6660224",-121.2844858,38.7302957,2014,"3105","1","1","3","07",0,1,"A",,,"Y",,,900,10,"C","C","A","RT 80","CIRBY WY",15,"E","N","2016-07-05",9220,"2014-10-06",640,"013466",,"1","5","0","1",,"2","281","-","Y","PLA",3,80,"-","-",0.69,"H","-","W","Y",2,"A","-",21658,"A","N","A","H","-","C","A","1","Y","C","02",0,1,0,0,0,0,0,0,1,"-","-","ROSEVILLE","PLACER","CA",0,0
"6660152",-121.3924967,38.728779,2014,"3100","5","1","4","03",0,3,"B",,,,,,2100,9,"C","C","A","WATT AV","PFE RD",35,"S","N","2014-10-29",9220,"2014-09-29",1925,"013605",,"2","9","0","3",,"2","010","-","N",,0,0,,,0,,,,"Y",2,"A","-",22350,,"N","A","H","-","C","A","0","Y","A","07",0,0,3,0,0,0,0,0,0,"-","-","UNINCORPORATED","PLACER","CA",0,0
"6660148",-121.2619236,38.7756114,2014,"3105","3","6","3","03",0,1,"A",,,"Y",,,1800,9,"C","C","A","RT 65","HARDING BL",1056,"S","N","2016-05-04",9220,"2014-09-27",1605,"012239",,"2","5","0","1",,"1","265","-","Y","PLA",3,65,"-","R",5.73,"H","-","N","Y",2,"A","-",22350,,"N","A","H","-","A","D","1","Y","C","02",0,1,0,0,0,0,0,0,1,"-","-","ROSEVILLE","PLACER","CA",-121.26393,38.77664
"6659975",-121.184604,38.8203798,2014,"3100","1","3","2","07",0,2,"A",,,,,,600,9,"C","C","A","RT 80","HORSESHOE BAR RD",1320,"E","N","2016-04-26",9220,"2014-09-17",540,"016668",,"3","9","0","1",,"2","282","-","Y","PLA",3,80,"-","-",9.04,"H","-","E","Y",2,"A","-",21658,"A","N","A","H","-","D","D","1","Y","D","22",1,1,0,0,0,0,0,0,0,"-","-","UNINCORPORATED","PLACER","CA",-121.10472,38.82016
"6659971",-121.101871,38.9583226,2014,"3100","3","5","3","03",0,1,"A",,,"Y",,,1800,10,"C","C","A","RT 49","DRY CREEK RD",535,"N","N","2016-06-22",9220,"2014-10-10",1645,"011483",,"2","9","0","1",,"1","249","-","Y","PLA",3,49,"-","-",7.53,"H","-","S","Y",2,"A","-",22350,,"N","A","H","-","A","D","0","Y","C","02",0,1,0,0,0,0,0,0,1,"-","-","UNINCORPORATED","PLACER","CA",-121.10151,38.95698
"6659967",-121.2431894,38.7732209,2014,"3104","1","1","3","01",0,2,"A",,,,,"Y",2400,10,"C","C","A","RT 80","RT 65",2640,"E","N","2016-07-05",9220,"2014-10-13",2125,"013794",,"2","4","0","1",,"2","281","-","Y","PLA",3,80,"-","-",4.66,"H","-","E","Y",3,"A","-",23152,"A","F","A","H","-","C","D","1","Y","A","01",0,1,1,0,0,0,0,0,0,"-","-","ROCKLIN","PLACER","CA",0,0
"6659959",-121.0880783,38.9097723,2014,"3100","5","2","3","01",0,1,"A",,,,,"Y",300,10,"E","I","A","MOUNT VERNON RD","MERRY KNOLL RD",158,"W","N","2014-12-16",9220,"2014-10-14",123,"016654",,"3","9","0","3",,"2","040","-","N",,0,0,,,0,,,,"Y",1,"A","-",23152,"A","N","A","H","-","D","D","0","Y","D","22",0,1,0,0,0,0,0,0,0,"-","-","UNINCORPORATED","PLACER","CA",-121.08308,38.90937
"6658999",-120.4528024,39.3145962,2014,"3100","1","5","4","18",0,2,"A",,,,,,2400,10,"H","H","A","RT 80","KINGVALE",2640,"W","N","2016-07-05",9221,"2014-10-03",2100,"16682",,"2","9","0","1",,"2","388","-","Y","PLA",3,80,"-","-",68.73,"H","-","W","Y",1,"C","-",0,,"N","A","H","-","C","D","1","Y","-","-",0,0,2,0,0,0,0,0,0,"-","-","UNINCORPORATED","PLACER","CA",-120.4521,39.31492
"6657145",0,0,2014,"3100","5","6","4","08",0,1,"A",,,,,,2400,9,"E","I","A","TEXAS HILL RD","MONUMENTAL CREEK RD",106,"W","N","2014-10-22",9221,"2014-09-13",2359,"016682",,"3","9","0","3",,"2","070","-","N",,0,0,,,0,,,,"Y",1,"A","-",22107,,"N","A","H","-","D","D","0","Y","D","22",0,0,1,0,0,0,0,0,0,"-","-","UNINCORPORATED","PLACER","CA",0,0
"6651240",-121.3234131,38.9014351,2014,"3103","0","5","3","03",0,1,"A",,,"Y",,,900,8,"F","J","A","LAKESIDE DR","COBBLESTONE DR",0,,"Y","2014-10-29",3103,"2014-08-22",855,"CRAND","L1","5","2","0","0",,"0","0L1","-","N",,0,0,,,0,,,,"Y",1,"A","-",22350,,"N","A","H","-","A","D","0","Y","C","02",0,1,0,0,0,0,0,0,1,"-","-","LINCOLN","PLACER","CA",0,0
"6649199",0,0,2014,"3100","5","1","4","09",0,1,"A",,,,,,1200,9,"A","C","A","SIERRA COLLEGE BL","UN NAMED INTERSECTION-SIERRA COLLEGE",0,,"Y","2014-10-14",9220,"2014-09-29",1052,"014810",,"1","9","0","3",,"2","020","-","N",,0,0,,,0,,,,"Y",2,"A","-",21453,"C","N","A","H","-","A","A","0","Y","A","01",0,0,1,0,0,0,0,0,0,"-","-","UNINCORPORATED","PLACER","CA",0,0
"6649180",-121.2987608,38.8169777,2014,"3100","5","6","4","03",0,4,"B",,,,,,2400,9,"C","C","A","SUNSET BL","RT 65",528,"W","N","2014-10-15",9220,"2014-09-20",2215,"011158",,"3","9","0","3",,"2","010","-","N",,0,0,,,0,,,,"Y",3,"A","-",22350,,"F","A","H","-","C","A","0","Y","A","01",0,0,4,0,0,0,0,0,0,"-","-","UNINCORPORATED","PLACER","CA",-121.23874,38.46538
"6649167",-121.2411185,38.7747588,2014,"3100","1","6","4","03",0,1,"A",,,,,,1500,9,"C","C","A","RT 80","RT 65",3168,"E","N","2016-04-26",9220,"2014-09-20",1348,"013856",,"1","9","0","1",,"2","281","-","Y","PLA",3,80,"-","-",4.76,"H","-","W","Y",5,"A","-",22350,,"N","A","H","-","A","D","1","Y","A","01",0,0,1,0,0,0,0,0,0,"-","-","UNINCORPORATED","PLACER","CA",0,0
"6649163",-121.253357,38.7725727,2014,"3105","3","4","4","08",0,1,"B",,,,,,900,9,"E","I","A","RT 65","ROSEVILLE VIADUCT",300,"E","N","2016-05-04",9220,"2014-09-25",810,"103466",,"1","5","0","1",,"1","265","C","Y","PLA",3,65,"-","R",5.39,"H","-","S","Y",1,"A","-",22107,,"N","A","H","-","A","A","1","Y","A","01",0,0,1,0,0,0,0,0,0,"-","-","ROSEVILLE","PLACER","CA",0,0
"6649159",-121.3001195,38.8143728,2014,"3100","3","4","4","21",0,1,"A",,,,,,1500,9,"C","C","A","RT 65","SUNSET BL",12,"S","N","2016-05-04",9220,"2014-09-18",1232,"013466",,"1","9","0","1",,"1","265","B","Y","PLA",3,65,"-","R",9.384,"R","1","N","N",2,"A","-",22106,,"N","A","H","-","A","A","5","Y","A","01",0,0,1,0,0,0,0,0,0,"TO","-","UNINCORPORATED","PLACER","CA",0,0
"6649155",-121.2730897,38.7811543,2014,"3105","3","2","4","03",0,1,"A",,,,,,2100,9,"C","C","A","RT 65","GALLERIA BL",2200,"N","N","2016-05-04",9220,"2014-09-23",1810,"013605",,"2","5","0","1",,"1","265","-","Y","PLA",3,65,"-","R",6.35,"H","-","N","Y",2,"A","-",22350,,"N","A","H","-","A","D","1","Y","A","01",0,0,1,0,0,0,0,0,0,"-","-","ROSEVILLE","PLACER","CA",0,0
"6649127",-120.0461867,39.2571202,2014,"3100","3","6","3","08",0,1,"A",,,,,,900,9,"E","I","A","RT 267","N NATIONAL AV",1056,"N","N","2016-04-25",9222,"2014-09-27",755,"020072",,"1","9","0","1",,"1","016","-","Y","PLA",3,267,"-","-",8.18,"H","-","E","Y",1,"A","-",22107,,"N","B","H","-","A","D","0","Y","A","07",0,1,0,0,0,0,0,0,0,"-","-","UNINCORPORATED","PLACER","CA",-120.04675,39.25724
"6648977",-121.1013886,38.9570515,2014,"3100","3","6","4","03",0,5,"A",,,,,,1500,9,"C","C","A","RT 49","DRY CREEK RD",90,"N","N","2016-05-04",9220,"2014-09-27",1405,"011614","220","2","9","0","1",,"1","249","-","Y","PLA",3,49,"-","-",7.44,"H","-","N","Y",3,"A","-",22350,,"N","A","H","-","A","D","0","Y","D","22",0,0,5,0,0,0,0,0,0,"-","-","UNINCORPORATED","PLACER","CA",0,0
"6648976",-121.2398731,38.7858051,2014,"3104","0","3","2","12",0,1,"A",,,"Y",,,1800,10,"D","C","A","PACIFIC ST","FARRON ST",0,,"Y","2015-01-02",3104,"2014-10-01",1515,"275","45","5","4","0","0",,"0","001","-","N",,0,0,,,0,,,,"Y",2,"A","-",21453,"A","N","A","H","-","A","A","0","Y","C","03",1,0,0,0,0,0,0,0,1,"-","-","ROCKLIN","PLACER","CA",-121.24689,38.78737
"6647207",-120.9496731,39.1037552,2014,"3102","0","5","4","09",0,3,"A",,,,,,2400,9,"D","C","A","RT 174","DINKEY AV",0,,"Y","2016-04-25",3100,"2014-09-12",2150,"128","26C","5","1","0","0",,"0","00C","-","Y","PLA",3,174,"-","-",0.65,"I","5","S","Y",2,"A","-",21802,"A","N","A","H","-","D","A","0","Y","-",,0,0,3,0,0,0,0,0,0,"-","-","COLFAX","PLACER","CA",0,0
"6645991",-121.001788,39.0592691,2014,"3100","5","6","3","03",0,3,"A",,,,,"Y",1800,9,"A","C","A","DOG BAR RD","EMERY LN",1056,"N","N","2014-10-08",9221,"2014-09-06",1540,"017979",,"2","9","0","3",,"2","070","-","N",,0,0,,,0,,,,"Y",2,"A","-",22350,,"N","A","H","-","A","D","0","Y","A","01",0,1,2,0,0,0,0,0,0,"-","-","UNINCORPORATED","PLACER","CA",0,0
"6645929",-120.7202303,39.2690014,2014,"3100","1","4","4","08",0,1,"A",,,,,,600,9,"F","A","A","RT 80","BLUE CANYON RD",7920,"W","N","2016-04-25",9221,"2014-09-18",525,"018530",,"3","9","0","1",,"2","386","-","Y","PLA",3,80,"-","-",51.86,"H","-","E","Y",1,"A","-",22107,,"N","A","H","-","D","D","1","Y","A","01",0,0,1,0,0,0,0,0,0,"-","-","UNINCORPORATED","PLACER","CA",-120.72394,39.268
"6644488",-121.2061131,38.788625,2014,"3104","0","3","4","09",0,1,"A","Y",,,,,1800,9,"G","B","-","SIERRA COLLEGE BL","ROCKLIN RD",0,,"Y","2015-06-03",3104,"2014-09-03",1510,"235","71","5","4","0","0",,"0","001","-","N",,0,0,,,0,,,,"N",2,"A","-",21453,"B","N","A","H","-","A","A","0","Y","A","07",0,0,1,0,1,0,0,0,0,"-","-","ROCKLIN","PLACER","CA",0,0
"6643684",-120.9429056,39.1171926,2014,"3100","1","2","4","03",0,1,"B",,,,"Y",,2400,11,"C","C","A","RT 80","RT 174",7920,"E","N","2016-07-05",9221,"2014-11-18",2114,"016556",,"2","9","0","1",,"2","384","-","Y","PLA",3,80,"-","-",34.63,"H","-","W","Y",2,"A","-",22350,,"N","A","H","-","D","D","1","Y","G","25",0,0,1,0,0,0,0,0,0,"-","-","UNINCORPORATED","PLACER","CA",-120.94348,39.11648
"6642998",-121.2766403,38.7971017,2014,"3104","0","6","3","03",0,1,"A",,,,,,2400,10,"E","I","A","PARK DR","COLLET QUARRY DR",148,"S","N","2014-11-14",3104,"2014-10-04",2218,"256","10","5","4","0","0",,"0","003","-","N",,0,0,,,0,,,,"N",1,"A","-",22350,,"N","A","H","-","C","A","0","Y","A","07",0,1,0,0,0,0,0,0,0,"-","-","ROCKLIN","PLACER","CA",-121.27644,38.79836
"6642961",-121.2458859,38.7718041,2014,"3105","1","4","4","03",0,1,"A",,,,,,1800,10,"C","C","A","RT 80","RT 65",1056,"E","N","2016-07-05",9220,"2014-10-02",1550,"011483",,"2","5","0","1",,"2","281","-","Y","PLA",3,80,"-","-",4.44,"H","-","W","Y",2,"A","-",22350,,"N","A","H","-","A","D","1","Y","A","01",0,0,1,0,0,0,0,0,0,"-","-","ROSEVILLE","PLACER","CA",-121.24526,38.77722
"6642882",-121.0833838,38.9228175,2014,"3100","3","3","3","09",0,1,"A",,,,,,1500,10,"D","C","A","RT 49","SUMMER RIDGE DR",14,"S","N","2016-06-22",9220,"2014-10-01",1240,"015239",,"1","9","0","1",,"1","249","-","Y","PLA",3,49,"-","-",4.84,"H","-","S","N",2,"A","-",21804,"A","N","A","H","-","A","D","0","Y","A","07",0,1,0,0,0,0,0,0,0,"-","-","UNINCORPORATED","PLACER","CA",-121.0829,38.92204
"6640528",-121.2291131,38.7886251,2014,"3104","0","3","3","05",0,1,"A",,"Y",,,"Y",1500,9,"H","G","A","ROCKLIN RD","MEYERS ST",0,,"Y","2014-10-13",3104,"2014-09-24",1314,"275","43","5","4","0","0",,"0","001","-","N",,0,0,,,0,,,,"N",2,"A","-",21650,"1","N","A","H","-","A","D","0","Y","L","04",0,1,0,0,0,0,1,0,0,"-","-","ROCKLIN","PLACER","CA",-121.22917,38.7881
"6640505",-121.3401232,38.882,2014,"3100","5","1","4","08",0,1,"A",,,,,,2400,9,"E","I","A","NELSON LN","HEATHERBROOK LN",275,"S","N","2014-10-08",9220,"2014-09-15",2110,"013605",,"2","9","0","3",,"2","010","-","N",,0,0,,,0,,,,"Y",1,"A","-",22107,,"N","A","H","-","D","D","0","Y","A","07",0,0,1,0,0,0,0,0,0,"-","-","UNINCORPORATED","PLACER","CA",0,0
"6640501",-121.2916132,38.7234767,2014,"3105","1","4","2","03",0,1,"A",,,"Y",,,2400,9,"F","A","A","RT 80","RIVERSIDE AV",147,"E","N","2016-04-26",9220,"2014-09-25",2145,"011158",,"2","5","0","1",,"2","281","-","Y","PLA",3,80,"-","-",0.119,"R","2","E","Y",1,"A","-",22350,,"N","A","H","-","C","A","1","Y","C","02",1,0,0,0,0,0,0,0,1,"-","-","ROSEVILLE","PLACER","CA",-121.83429,38.27564
"6640485",-121.1893083,38.7440662,2014,"3100","4","4","4","21",0,1,"A",,,,,,2100,9,"C","C","A","DOUGLAS BL","BARTON RD",30,"W","N","2014-10-08",9220,"2014-09-25",1800,"15060",,"2","9","0","2",,"2","022","-","N",,0,0,,,0,,,,"N",2,"A","-",22106,,"N","A","H","-","A","A","0","Y","A","01",0,0,1,0,0,0,0,0,0,"-","-","UNINCORPORATED","PLACER","CA",-121.18646,38.74343
"6640481",-121.1892011,38.7439911,2014,"3100","4","5","3","01",0,1,"A",,,,,"Y",300,9,"E","I","A","BARTON RD","DOUGLAS BL",27,"S","N","2014-10-08",9220,"2014-09-26",10,"014282",,"3","9","0","2",,"2","023","-","N",,0,0,,,0,,,,"Y",1,"A","-",23152,"A","N","A","H","-","C","A","0","Y","A","01",0,1,0,0,0,0,0,0,0,"-","-","UNINCORPORATED","PLACER","CA",-121.18897,38.74407
"6639535",-121.0614047,38.9202373,2014,"3100","5","1","3","18",0,1,"A",,,,,,900,9,"E","I","A","AUBURN RAVINE RD","SUTHERLAND DR",300,"E","N","2015-05-27",9220,"2014-09-22",713,"16654",,"1","9","0","3",,"2","050","-","N",,0,0,,,0,,,,"Y",1,"C","-",0,,"N","A","H","-","A","D","0","Y","-","-",0,1,0,0,0,0,0,0,0,"-","-","UNINCORPORATED","PLACER","CA",-121.06062,38.92022
"6639200",-121.2576525,38.7637869,2014,"3105","1","2","4","03",0,2,"A",,,,,,1800,9,"C","C","A","RT 80","TAYLOR RD",480,"W","N","2016-04-26",9220,"2014-09-16",1615,"013605",,"2","5","0","1",,"2","281","-","Y","PLA",3,80,"-","-",3.57,"H","-","E","Y",2,"A","-",22350,,"N","A","H","-","A","D","1","Y","A","01",0,0,2,0,0,0,0,0,0,"-","-","ROSEVILLE","PLACER","CA",0,0
"6639196",-121.1239333,38.8788389,2014,"3100","5","3","3","11",0,1,"A","Y",,,,,1200,9,"G","B","D","OPHIR RD","RT 193",1283,"E","N","2015-12-21",9220,"2014-09-24",938,"014810",,"1","9","0","3",,"2","070","-","N",,0,0,,,0,,,,"N",2,"A","-",21954,"A","N","A","H","-","A","D","0","Y","N","60",0,1,0,0,0,0,0,0,0,"-","-","UNINCORPORATED","PLACER","CA",0,0
"6639000",-121.0765298,38.8987365,2014,"3100","1","7","4","03",0,1,"C",,,,,,1500,9,"C","C","A","RT 80","RT 49",27,"W","N","2016-04-26",9220,"2014-09-28",1200,"016668",,"1","9","0","1",,"2","282","-","Y","PLA",3,80,"-","-",17.47,"H","-","W","Y",2,"A","-",22350,,"N","A","H","-","A","D","1","Y","D","22",0,0,1,0,0,0,0,0,0,"-","-","UNINCORPORATED","PLACER","CA",0,0
"6638980",-121.2496612,38.8865152,2014,"3100","3","5","3","03",0,3,"A",,,,,,300,9,"C","C","A","RT 193","STARDUST LN",528,"W","N","2016-04-25",9220,"2014-09-12",110,"014282",,"3","9","0","1",,"2","193","-","Y","PLA",3,193,"-","-",2.4,"H","-","E","Y",2,"A","-",22350,,"F","A","H","-","D","D","0","Y","A","01",0,3,0,0,0,0,0,0,0,"-","-","UNINCORPORATED","PLACER","CA",-121.24952,38.88647
"6638372",-121.2058056,38.7929558,2014,"3104","0","3","4","03",0,2,"A",,,,,,1800,9,"C","C","A","SIERRA COLLEGE BL","ROCKLIN RD",1584,"N","N","2014-11-17",3104,"2014-09-17",1620,"530",,"5","4","0","0",,"0","001","-","N",,0,0,,,0,,,,"Y",3,"A","-",22350,,"N","A","H","-","A","A","0","Y","A","01",0,0,2,0,0,0,0,0,0,"-","-","ROCKLIN","PLACER","CA",0,0