"CASEID","POINT_X","POINT_Y","YEAR_","LOCATION","CHPTYPE","DAYWEEK","CRASHSEV","VIOLCAT","KILLED","INJURED","WEATHER1","PEDCOL","BICCOL","MCCOL","TRUCKCOL","ETOH","TIMECAT","MONTH_","CRASHTYP","INVOLVE","PED","PRIMARYRD","SECONDRD","DISTANCE","DIRECT","INTERSECT_","PROCDATE","JURIS","DATE_","TIME_","BADGE","JURIDIST","SHIFT","POP","SPECIAL","BEATTYPE","LAPDDIV","BEATCLAS","BEATNUMB","WEATHER2","STATEHW","CALTRANC","CALTRAND","STROUTE","ROUTESUF","POSTPRE","POSTMILE","LOCATYPE","RAMP","SIDEHW","TOWAWAY","PARTIES","PCF","VIOLCODE","VIOL","VIOLSUB","HITRUN","ROADSURF","RDCOND1","RDCOND2","LIGHTING","RIGHTWAY","CHPRDTYP","NOTPRIV","STFAULT","CHPFAULT","SEVINJ","OTHERINJ","COP","PEDKILL","PEDINJ","BICKILL","BICINJ","MCKILL","MCINJURE","RAMP1","RAMP2","CITY","COUNTY","STATE","X_CHP","Y_CHP"
"6585700",-121.0844889,38.9247839,2014,"3100","3","1","4","03",0,4,"A",,,,,,1200,7,"C","C","A","RT 49","LUTHER RD",900,"S","N","2016-05-04",9220,"2014-07-28",1100,"016654",,"1","9","0","1",,"1","249","-","Y","PLA",3,49,"-","-",5,"H","-","N","N",2,"A","-",22350,,"N","A","H","-","A","D","0","Y","A","01",0,0,4,0,0,0,0,0,0,"-","-","UNINCORPORATED","PLACER","CA",-121.08578,38.92655
"6585592",-121.2469031,38.773695,2014,"3104","0","2","3","11",0,1,"A","Y",,,,,2100,8,"G","B","E","WESTWOOD DR","SOMERSET WY",0,,"Y","2014-09-05",3104,"2014-08-05",1930,"224","46","5","4","0","0",,"0","002","-","N",,0,0,,,0,,,,"N",2,"A","-",21954,"A","N","A","H","-","A","D","0","Y","N","60",0,1,0,0,1,0,0,0,0,"-","-","ROCKLIN","PLACER","CA",0,0
"6585375",-121.0618731,38.9171652,2014,"3100","1","3","3","08",0,1,"A",,,,,,1500,7,"E","I","A","RT 80","RUSSELL RD",200,"W","N","2016-04-26",9220,"2014-07-30",1210,"013676",,"1","9","0","1",,"2","283","-","Y","PLA",3,80,"-","R",18.888,"R","2","W","Y",1,"A","-",22107,,"N","A","H","-","A","D","1","Y","D","22",0,1,0,0,0,0,0,0,0,"-","-","UNINCORPORATED","PLACER","CA",-121.06463,38.9155
"6585372",-121.0766394,38.9058654,2014,"3101","0","5","4","03",0,2,"A",,,,,,1800,7,"C","C","A","RT 49","PALM AV",0,"S","N","2016-05-04",3101,"2014-07-25",1519,"S 4","2101","5","3","0","0",,"0","001","-","Y","PLA",3,49,"-","-",3.6,"H","-","S","Y",6,"A","-",22350,,"N","A","H","-","A","D","0","Y","D","22",0,0,2,0,0,0,0,0,0,"-","-","AUBURN","PLACER","CA",0,0
"6583997",-121.0893536,38.9304789,2014,"3100","3","3","4","01",0,1,"A",,,,,,1500,7,"C","C","A","RT 49","HULBERT WY",225,"N","N","2016-05-04",9220,"2014-07-30",1425,"011483",,"2","9","0","1",,"1","249","-","Y","PLA",3,49,"-","-",5.46,"H","-","S","Y",2,"A","-",23152,"E","N","A","H","-","A","D","0","Y","A","07",0,0,1,0,0,0,0,0,0,"-","-","UNINCORPORATED","PLACER","CA",-121.08884,38.92993
"6583486",0,0,2014,"3100","5","7","3","01",0,1,"A",,,,,"Y",1800,7,"E","I","A","FORESTHILL RD","FORESTHILL BRIDGE",528,"W","N","2014-08-19",9220,"2014-07-27",1710,"013997",,"2","9","0","3",,"2","060","-","N",,0,0,,,0,,,,"Y",1,"A","-",23152,"A","N","A","H","-","A","D","0","Y","A","01",0,1,0,0,0,0,0,0,0,"-","-","UNINCORPORATED","PLACER","CA",0,0
"6582982",-121.0023143,39.0270405,2014,"3100","4","1","3","08",0,1,"B",,,,,,1800,8,"E","I","A","PLACER HILLS RD","STORMY RIDGE CT",300,"N","N","2014-09-04",9220,"2014-08-04",1640,"012421",,"2","9","0","2",,"2","051","C","N",,0,0,,,0,,,,"Y",1,"A","-",22107,,"N","B","H","-","A","D","0","Y","D","22",0,1,0,0,0,0,0,0,0,"-","-","UNINCORPORATED","PLACER","CA",-121.00149,39.02487
"6579410",-120.0877598,39.2168661,2014,"3100","3","4","3","05",0,5,"B",,,,,,1800,7,"B","C","A","RT 28","RIDGEWOOD DR",1056,"E","N","2016-04-25",9222,"2014-07-17",1505,"018593",,"2","9","0","1",,"1","015","-","Y","PLA",3,28,"-","-",5.05,"H","-","E","Y",3,"A","-",21460,"A","N","A","H","-","A","A","0","Y","A","07",0,2,3,0,0,0,0,0,0,"-","-","UNINCORPORATED","PLACER","CA",-120.08775,39.21668
"6579125",-121.2657088,38.752,2014,"3105","1","3","4","07",0,1,"A",,,,,,2100,8,"B","C","A","RT 80","LEAD HILL BL",275,"E","N","2016-04-26",9220,"2014-08-06",1840,"011158",,"2","5","0","1",,"2","281","-","Y","PLA",3,80,"-","-",2.62,"H","-","W","Y",2,"A","-",21658,"A","M","A","H","-","A","D","1","Y","D","22",0,0,1,0,0,0,0,0,0,"-","-","ROSEVILLE","PLACER","CA",-121.85623,38.36423
"6578999",-121.229563,38.782571,2014,"3100","1","1","4","08",0,2,"A",,,,,,2400,6,"F","A","A","RT 80","ROCKLIN RD",2000,"W","N","2016-04-05",9220,"2014-06-30",2301,"13257",,"3","9","0","1",,"2","281","-","Y","PLA",3,80,"-","-",5.61,"H","-","E","Y",1,"A","-",22107,,"N","A","H","-","A","D","1","Y","-",,0,0,2,0,0,0,0,0,0,"-","-","UNINCORPORATED","PLACER","CA",0,0
"6578564",-120.1080282,39.3008182,2014,"3100","3","6","3","08",0,1,"B",,,,"Y",,1500,7,"E","I","A","RT 267","NORTHSTAR DR",5280,"N","N","2016-04-25",9222,"2014-07-19",1340,"018593",,"1","9","0","1",,"1","016","-","Y","PLA",3,267,"-","-",2.76,"H","-","W","Y",1,"A","-",22107,,"N","A","H","-","A","D","0","Y","G","27",0,1,0,0,0,0,0,0,0,"-","-","UNINCORPORATED","PLACER","CA",-120.11012,39.30237
"6575197",0,0,2014,"3100","4","1","4","03",0,1,"A",,,,,,1800,7,"C","C","A","AUBURN FOLSOM RD","JOE RODGERS RD",20,"S","N","2014-08-28",9220,"2014-07-28",1540,"011483",,"2","9","0","2",,"2","027","-","N",,0,0,,,0,,,,"Y",2,"A","-",22350,,"N","A","H","-","A","D","0","Y","A","07",0,0,1,0,0,0,0,0,0,"-","-","UNINCORPORATED","PLACER","CA",-121.17022,38.75065
"6575193",-121.0854191,38.9257356,2014,"3100","3","4","4","03",0,1,"A",,,,,,2400,7,"C","C","A","RT 49","LIVE OAK LN",87,"N","N","2016-05-04",9220,"2014-07-24",2255,"014282",,"3","9","0","1",,"1","249","-","Y","PLA",3,49,"-","-",5.07,"H","-","S","Y",2,"A","-",22350,,"N","A","H","-","D","D","0","Y","A","01",0,0,1,0,0,0,0,0,0,"-","-","UNINCORPORATED","PLACER","CA",0,0
"6574234",-121.3000863,38.8393006,2014,"3103","3","4","3","01",0,2,"A",,,,,,2400,7,"C","E","A","RT 65","TWELVE BRIDGES DR",4224,"S","N","2016-05-04",9220,"2014-07-17",2213,"14282",,"3","2","0","1",,"1","265","-","Y","PLA",3,65,"-","R",11.01,"H","-","S","Y",2,"A","-",23152,"E","N","A","H","-","D","D","0","Y","A","01",0,2,0,0,0,0,0,0,0,"-","-","LINCOLN","PLACER","CA",-121.10981,38.9956
"6574210",-121.2897592,38.9410584,2014,"3100","5","2","3","01",0,1,"A",,,,,,600,7,"E","I","A","GLADDING RD","MERIT LN",1056,"S","N","2014-08-28",9220,"2014-07-22",500,"13794",,"3","9","0","3",,"2","030","-","N",,0,0,,,0,,,,"Y",1,"A","-",23152,"E","N","A","H","-","D","D","0","Y","D","22",0,1,0,0,0,0,0,0,0,"-","-","UNINCORPORATED","PLACER","CA",0,0
"6574177",-121.1118638,38.8467147,2014,"3100","4","1","2","05",0,1,"A",,,,,,1200,7,"A","C","A","AUBURN FOLSOM RD","PADDOCK LN",36,"N","N","2014-08-28",9220,"2014-07-28",1150,"13676",,"1","9","0","2",,"2","077","-","N",,0,0,,,0,,,,"Y",2,"A","-",21650,,"N","A","H","-","A","D","0","Y","A","01",1,0,0,0,0,0,0,0,0,"-","-","UNINCORPORATED","PLACER","CA",-121.1116,38.84693
"6572766",-121.3401532,38.8709198,2014,"3100","5","5","3","01",0,1,"A",,"Y",,,"Y",1200,7,"B","G","A","NELSON LN","MOORE RD",1025,"N","N","2014-08-28",9220,"2014-07-25",930,"012546","9220","1","9","0","3",,"2","010","-","N",,0,0,,,0,,,,"N",2,"A","-",23152,"A","N","A","H","-","A","A","0","Y","A","01",0,1,0,0,0,0,1,0,0,"-","-","UNINCORPORATED","PLACER","CA",0,0
"6572751",-121.365104,38.7513333,2014,"3100","4","5","4","03",0,2,"A",,,,,,2100,7,"C","C","A","WALERGA RD","BASELINE RD",150,"S","N","2014-08-28",9220,"2014-07-18",1805,"011614","220","2","9","0","2",,"1","013","-","N",,0,0,,,0,,,,"N",2,"A","-",22350,,"N","A","H","-","A","A","0","Y","A","01",0,0,2,0,0,0,0,0,0,"-","-","UNINCORPORATED","PLACER","CA",0,0
"6572560",-121.2683151,38.7785671,2014,"3105","3","6","4","03",0,1,"A",,,,,,1500,7,"C","C","A","RT 65","GALLERIA BL",85,"N","N","2016-05-04",9220,"2014-07-19",1200,"13794",,"1","5","0","1",,"1","265","-","Y","PLA",3,65,"-","R",6.038,"R","1","S","N",2,"A","-",22350,,"N","A","H","-","A","D","1","Y","A","01",0,0,1,0,0,0,0,0,0,"TO","-","ROSEVILLE","PLACER","CA",0,0
"6572556",-121.2996755,38.8480882,2014,"3103","3","7","3","01",0,1,"B",,,,,"Y",300,7,"F","A","A","RT 65","TWELVE BRIDGES DR",2112,"S","N","2016-05-04",9220,"2014-07-20",135,"14282",,"3","2","0","1",,"1","265","-","Y","PLA",3,65,"-","R",11.58,"H","-","N","Y",1,"A","-",23152,"A","N","A","H","-","D","D","0","Y","A","01",0,1,0,0,0,0,0,0,0,"-","-","LINCOLN","PLACER","CA",-121.29957,38.84542
"6572552",-121.2609931,38.7588152,2014,"3105","1","1","3","08",0,2,"B",,,,,,2100,7,"F","A","A","RT 80","ATLANTIC ST",450,"W","N","2016-04-26",9220,"2014-07-07",1920,"13868",,"2","5","0","1",,"2","281","-","Y","PLA",3,80,"-","-",3.011,"R","2","E","Y",1,"A","-",22107,,"N","A","H","-","A","D","1","Y","A","07",0,1,1,0,0,0,0,0,0,"FR","-","ROSEVILLE","PLACER","CA",0,0
"6572484",-121.2852359,38.7869915,2014,"3100","3","5","4","03",0,1,"A",,,,,,1800,7,"-","C","A","RT 65","PLEASANT GROVE BL",205,"N","N","2016-05-04",9220,"2014-07-18",1650,"11614","220","2","9","0","1",,"1","265","-","Y","PLA",3,65,"-","R",7.141,"R","1","S","Y",2,"A","-",22350,,"N","A","H","-","A","A","1","Y","A","01",0,0,1,0,0,0,0,0,0,"-","-","UNINCORPORATED","PLACER","CA",0,0
"6572450",-121.2585313,38.7625675,2014,"3100","1","2","4","03",0,1,"A",,,,,,300,7,"C","C","A","RT 80","ROSEVILLE PKWY",180,"W","N","2016-04-26",9220,"2014-07-01",1,"00001",,"3","9","0","1",,"2","281","-","Y","PLA",3,80,"-","-",3.4,"H","-","E","Y",2,"A","-",22350,,"N","A","H","-","C","D","1","Y","A","01",0,0,1,0,0,0,0,0,0,"-","-","UNINCORPORATED","PLACER","CA",0,0
"6571951",0,0,2014,"3100","5","7","4","08",0,1,"B",,,,,,2100,7,"E","I","A","VAL VERDE RD","HORSESHOE BAR RD",600,"W","N","2015-04-21",9220,"2014-07-20",1850,"011085",,"2","9","0","3",,"2","070","-","N",,0,0,,,0,,,,"Y",1,"A","-",22107,,"N","A","H","-","A","D","0","Y","A","01",0,0,1,0,0,0,0,0,0,"-","-","UNINCORPORATED","PLACER","CA",-121.16398,38.8124
"6571816",-121.0972856,38.9422498,2014,"3100","3","3","4","03",0,2,"A",,,,,,1800,7,"C","C","A","RT 49","BELL RD",0,,"Y","2016-05-04",9220,"2014-07-23",1600,"12412",,"2","9","0","1",,"1","249","-","Y","PLA",3,49,"-","-",6.39,"H","-","S","Y",2,"A","-",22350,,"N","A","H","-","A","A","0","Y","D","22",0,0,2,0,0,0,0,0,0,"-","-","UNINCORPORATED","PLACER","CA",-121.09751,38.94216
"6571812",0,0,2014,"3100","4","1","3","03",0,1,"A",,,,,,1800,7,"C","C","A","BASELINE RD","ELDER ST",525,"E","N","2014-08-28",9220,"2014-07-21",1740,"11483",,"2","9","0","2",,"1","012","-","N",,0,0,,,0,,,,"N",2,"A","-",22350,,"N","A","H","-","A","D","0","Y","D","22",0,1,0,0,0,0,0,0,0,"-","-","UNINCORPORATED","PLACER","CA",-121.47566,38.75137
"6571804",-121.264932,38.7528513,2014,"3100","1","5","4","03",0,1,"A",,,,,,1800,7,"C","C","A","RT 80","MINERS RAVINE",700,"W","N","2016-04-26",9220,"2014-07-25",1635,"11614","220","2","9","0","1",,"2","281","-","Y","PLA",3,80,"-","-",2.75,"H","-","E","N",3,"A","-",22350,,"N","A","H","-","A","D","1","Y","D","22",0,0,1,0,0,0,0,0,0,"-","-","UNINCORPORATED","PLACER","CA",0,0
"6570223",-120.0335789,39.238211,2014,"3100","3","1","4","09",0,4,"A",,,,,,1500,6,"D","C","A","RT 28","RT 267",528,"W","N","2016-03-26",9222,"2014-06-30",1445,"017694",,"2","9","0","1",,"1","015","-","Y","PLA",3,28,"-","-",9.23,"H","-","W","Y",2,"A","-",21804,"A","N","A","H","-","A","A","0","Y","A","01",0,0,4,0,0,0,0,0,0,"-","-","UNINCORPORATED","PLACER","CA",-120.03347,39.23815
"6570219",-120.0417706,39.2387522,2014,"3100","3","6","4","03",0,1,"A",,,,,,1800,6,"C","C","A","RT 28","SIERRA TERRACE AV",528,"W","N","2016-03-26",9222,"2014-06-28",1545,"019294",,"2","9","0","1",,"1","014","-","Y","PLA",3,28,"-","-",8.75,"H","-","E","N",2,"A","-",22350,,"N","A","H","-","A","A","0","Y","A","07",0,0,1,0,0,0,0,0,0,"-","-","UNINCORPORATED","PLACER","CA",-120.1367,39.17498
"6570215",-120.0164028,39.2337968,2014,"3100","3","6","3","08",0,1,"A",,"Y",,,,900,6,"D","G","A","RT 28","CHIPMUNK ST",0,,"Y","2016-03-26",9222,"2014-06-21",845,"018758",,"1","9","0","1",,"1","015","-","Y","PLA",3,28,"-","-",10.215,"I","5","W","N",2,"A","-",22107,,"N","A","H","-","A","D","0","Y","A","07",0,1,0,0,0,0,1,0,0,"-","-","UNINCORPORATED","PLACER","CA",-120.0058,39.1401
"6569174",-120.0306431,39.2419683,2014,"3100","3","3","4","04",0,1,"A",,,,,,1800,7,"C","C","A","RT 267","DOLLY VARDEN AV",25,"N","N","2016-04-25",9222,"2014-07-09",1756,"019294",,"2","9","0","1",,"1","016","-","Y","PLA",3,267,"-","-",9.62,"H","-","E","Y",2,"A","-",21703,,"N","A","H","-","A","D","0","Y","A","07",0,0,1,0,0,0,0,0,0,"-","-","UNINCORPORATED","PLACER","CA",-120.03056,39.24189
"6569170",-120.161483,39.1212853,2014,"3100","5","3","4","03",0,1,"A",,,,,,2100,7,"D","C","A","RT 89","MANKATO PL",120,"S","N","2016-04-25",9222,"2014-07-02",1810,"017658",,"2","9","0","3",,"2","010","-","Y","PLA",3,89,"-","-",4.93,"H","-","S","Y",2,"A","-",22350,,"N","A","H","-","A","D","0","Y","A","07",0,0,1,0,0,0,0,0,0,"-","-","UNINCORPORATED","PLACER","CA",-120.16157,39.12111
"6569162",-120.0408047,39.2390184,2014,"3100","3","4","3","08",0,1,"A",,"Y",,,,1500,7,"E","I","A","RT 28","E AGATAM ST",3,"E","N","2016-04-25",9222,"2014-07-03",1254,"019272",,"1","9","0","1",,"1","015","-","Y","PLA",3,28,"-","-",8.805,"I","5","W","N",2,"A","-",22107,,"N","A","H","-","A","D","0","Y","A","08",0,1,0,0,0,0,1,0,0,"-","-","UNINCORPORATED","PLACER","CA",-120.04075,39.23913
"6568825",-120.9897251,39.0094269,2014,"3100","1","2","3","08",0,1,"A",,,,"Y",,600,7,"-","I","A","RT 80","APPLEGATE RD",2112,"E","N","2016-04-25",9220,"2014-07-08",554,"013856",,"3","9","0","1",,"2","283","-","Y","PLA",3,80,"-","R",26.61,"H","-","E","Y",1,"A","-",22107,,"N","A","H","-","A","D","1","Y","G","25",0,1,0,0,0,0,0,0,0,"-","-","UNINCORPORATED","PLACER","CA",0,0
"6568788",-121.1762254,38.7435109,2014,"3100","4","5","4","03",0,1,"A",,,,,,1800,7,"C","C","A","DOUGLAS BL","CHRISTY LN",400,"W","N","2014-09-12",9220,"2014-07-18",1745,"012239",,"2","9","0","2",,"2","022","-","N",,0,0,,,0,,,,"Y",4,"A","-",22350,,"N","A","H","-","A","A","0","Y","A","01",0,0,1,0,0,0,0,0,0,"-","-","UNINCORPORATED","PLACER","CA",-121.17623,38.74374
"6567549",-120.9493731,39.0937051,2014,"3102","0","7","2","18",0,1,"A",,,"Y",,,1800,7,"E","I","A","SIEMS AV","CANYON WY",0,,"Y","2014-07-26",3100,"2014-07-06",1511,"10000",,"5","1","0","0",,"0",,"-","N",,0,0,,,0,,,,"Y",1,"C","-",0,,"N","A","H","-","A","A","0","Y","-","-",1,0,0,0,0,0,0,0,1,"-","-","COLFAX","PLACER","CA",-120.94947,39.09373
"6567445",-121.0689304,38.9011494,2014,"3101","0","3","4","03",0,1,"A",,,,,,1500,7,"C","C","A","HIGH ST","CLEVELAND AV",128,"S","N","2014-08-25",3101,"2014-07-16",1215,"17","AUBRU","5","3","0","0",,"0","002","-","N",,0,0,,,0,,,,"N",2,"A","-",22350,,"N","A","H","-","A","A","0","Y","A","01",0,0,1,0,0,0,0,0,0,"-","-","AUBURN","PLACER","CA",0,0
"6567062",-121.1836877,38.8211536,2014,"3106","1","5","3","04",0,3,"A",,,"Y",,,1500,7,"C","C","A","RT 80","HORSESHOE BAR RD",2112,"E","N","2016-04-26",9220,"2014-07-18",1430,"011158",,"2","2","0","1",,"2","282","-","Y","PLA",3,80,"-","-",9.12,"H","-","E","Y",3,"A","-",21703,,"N","A","H","-","A","D","1","Y","A","01",0,1,2,0,0,0,0,0,1,"-","-","LOOMIS","PLACER","CA",-121.87609,38.65744
"6567058",-121.245583,38.7719823,2014,"3100","1","4","4","03",0,2,"A",,,,,,1800,7,"C","C","A","RT 80","RT 65",800,"E","N","2016-04-26",9220,"2014-07-10",1745,"014611",,"2","9","0","1",,"2","281","-","Y","PLA",3,80,"-","-",4.46,"H","-","W","Y",4,"A","-",22350,,"N","A","H","-","A","D","1","Y","A","01",0,0,2,0,0,0,0,0,0,"-","-","UNINCORPORATED","PLACER","CA",0,0
"6567054",0,0,2014,"3100","5","2","3","07",0,2,"A",,,"Y",,,1800,7,"B","C","A","SUNRISE AV","TWIN OAKS AV",600,"N","N","2014-08-27",9220,"2014-07-08",1620,"011483",,"2","9","0","3",,"2","020","-","N",,0,0,,,0,,,,"Y",3,"A","-",21658,"A","N","A","H","-","A","D","0","Y","C","02",0,2,0,0,0,0,0,0,2,"-","-","UNINCORPORATED","PLACER","CA",-121.27182,38.72025
"6567050",-121.2604431,38.7746252,2014,"3100","3","5","3","07",0,1,"A",,,,,,1800,7,"C","C","A","RT 65","HARDING BL",1056,"S","N","2016-05-04",9220,"2014-07-11",1745,"012239",,"2","9","0","1",,"1","265","-","Y","PLA",3,65,"-","R",5.66,"H","-","S","Y",3,"A","-",21658,"A","F","A","H","-","A","D","1","Y","A","07",0,1,0,0,0,0,0,0,0,"-","-","UNINCORPORATED","PLACER","CA",-121.26134,38.77516
"6566363",-121.2342754,38.7915646,2014,"3104","0","4","3","11",0,1,"A","Y",,,,,1200,7,"G","B","D","OAK ST","SAN FRANCISCO ST",116,"W","N","2014-08-25",3104,"2014-07-17",1150,"202","44","5","4","0","0",,"0","001","-","N",,0,0,,,0,,,,"N",2,"A","-",21954,"A","N","A","H","-","A","D","0","Y","N","60",0,1,0,0,1,0,0,0,0,"-","-","ROCKLIN","PLACER","CA",-121.23859,38.80443
"6566355",0,0,2014,"3100","5","7","2","18",0,2,"A",,,"Y",,,1200,7,"E","H","A","MILK RANCH RD","SPRING VALLEY DAM LN",190,"W","N","2014-08-25",9221,"2014-07-06",1019,"020154",,"1","9","0","3",,"2","070","-","N",,0,0,,,0,,,,"Y",1,"C","-",0,,"N","A","H","-","A","D","0","Y","-","-",2,0,0,0,0,0,0,0,2,"-","-","UNINCORPORATED","PLACER","CA",-120.97492,39.09595
"6565381",-121.2061131,38.788625,2014,"3104","0","6","4","00",0,4,"A",,,,,,1500,7,"D","C","A","ROCKLIN RD","SIERRA COLLEGE",0,,"Y","2014-08-30",3104,"2014-07-19",1448,"248","71","5","4","0","0",,"0","001","-","N",,0,0,,,0,,,,"Y",2,"D","-",0,,"N","A","H","-","A","A","0","Y","-","-",0,0,4,0,0,0,0,0,0,"-","-","ROCKLIN","PLACER","CA",-121.20404,38.78843
"6563843",-121.2585732,38.7629997,2014,"3105","1","4","4","03",0,1,"A",,"Y",,,,1200,4,"F","I","A","RT 80","ROSEVILLE PKWY",10,"E","N","2016-04-05",9220,"2014-04-10",1143,"015239",,"1","5","0","1",,"2","281","-","Y","PLA",3,80,"-","-",3.43,"H","-","W","N",1,"A","-",22350,,"N","A","H","-","A","D","1","Y","L","04",0,0,1,0,0,0,1,0,0,"-","-","ROSEVILLE","PLACER","CA",-121.25852,38.76333
"6561768",0,0,2014,"3100","5","4","4","22",0,1,"A","Y",,,,,1500,7,"G","B","E","RUBICON TRL","RT 89",52800,"W","N","2016-01-15",9222,"2014-07-10",1200,"020072",,"1","9","0","3",,"2","010","-","N",,0,0,,,0,,,,"N",2,"B","-",0,,"N","A","G","-","A","D","0","Y","D","22",0,0,1,0,1,0,0,0,0,"-","-","UNINCORPORATED","PLACER","CA",-120.14643,39.00501
"6561764",-120.0317375,39.2379884,2014,"3100","3","4","4","01",0,1,"A",,,,,"Y",2100,7,"C","C","A","RT 28","RT 267",25,"W","N","2016-04-25",9222,"2014-07-03",1845,"19294",,"2","9","0","1",,"1","015","-","Y","PLA",3,28,"-","-",9.33,"H","-","E","Y",3,"A","-",23152,"A","N","A","H","-","A","A","0","Y","D","22",0,0,1,0,0,0,0,0,0,"-","-","UNINCORPORATED","PLACER","CA",-120.16335,39.10259
"6561740",-121.2196531,38.7911752,2014,"3104","0","5","2","-",0,1,"A",,,,"Y",,900,7,"D","C","A","ROCKLIN RD","RT 80",0,,"Y","2016-04-26",3104,"2014-07-18",742,"240","43","5","4","0","0",,"0","001","-","Y","PLA",3,80,"-","-",6.214,"R","4","W","Y",2,"A","-",0,,"N","A","H","-","A","A","0","Y","A","07",1,0,0,0,0,0,0,0,0,"-","WF","ROCKLIN","PLACER","CA",-121.22421,38.78867
"6560116",-121.2462026,38.77138,2014,"3104","1","4","3","08",0,2,"A",,,,,,1200,7,"D","C","A","RT 80","RT 65",1584,"E","N","2016-04-26",9220,"2014-07-10",1156,"18122",,"1","4","0","1",,"2","281","-","Y","PLA",3,80,"-","-",4.46,"H","-","E","Y",2,"A","-",22107,,"N","A","H","-","A","D","1","Y","A","01",0,2,0,0,0,0,0,0,0,"-","-","ROCKLIN","PLACER","CA",-121.2741,38.77236
"6559235",-121.2150231,38.785265,2014,"3104","0","4","4","03",0,1,"A",,,,,,1500,7,"C","C","A","EL DON DR","CORONA CIR",0,,"Y","2015-04-21",3104,"2014-07-10",1218,"218","52","5","4","0","0",,"0","001","-","N",,0,0,,,0,,,,"Y",2,"A","-",22350,,"N","A","H","-","A","A","0","Y","A","01",0,0,1,0,0,0,0,0,0,"-","-","ROCKLIN","PLACER","CA",0,0
"6558700",-120.9980228,38.9949489,2014,"3100","1","1","3","08",0,1,"A",,,,,,1500,7,"E","I","A","RT 80","APPLEGATE RD",4224,"W","N","2016-04-25",9220,"2014-07-14",1418,"013997",,"2","9","0","1",,"2","283","-","Y","PLA",3,80,"-","-",25.62,"H","-","E","Y",1,"A","-",22107,,"N","A","H","-","A","D","1","Y","A","01",0,1,0,0,0,0,0,0,0,"-","-","UNINCORPORATED","PLACER","CA",0,0
"6558696",-121.100924,38.9550661,2014,"3100","3","4","4","03",0,2,"A",,,,,,1800,7,"C","C","A","RT 49","DRY CREEK RD",850,"S","N","2016-05-04",9220,"2014-07-17",1730,"014611",,"2","9","0","1",,"1","249","-","Y","PLA",3,49,"-","-",7.3,"H","-","N","Y",2,"A","-",22350,,"N","A","H","-","A","A","0","Y","A","07",0,0,2,0,0,0,0,0,0,"-","-","UNINCORPORATED","PLACER","CA",0,0
"6557650",-121.2799631,38.8085251,2014,"3104","0","4","4","12",0,1,"A",,,,,,1500,7,"D","C","A","SUNSET BL","BLUE OAKS BL",0,,"Y","2014-08-22",3104,"2014-07-10",1216,"530","10","5","4","0","0",,"0","003","-","N",,0,0,,,0,,,,"Y",4,"A","-",21453,"A","N","A","H","-","A","A","0","Y","D","22",0,0,1,0,0,0,0,0,0,"-","-","ROCKLIN","PLACER","CA",-121.27929,38.80832
"6553836",0,0,2014,"3100","5","6","3","05",0,1,"A",,"Y",,,,1500,6,"B","G","A","MOSQUITO RIDGE RD","RED STAR RIDGE RD",0,,"Y","2014-08-15",9220,"2014-06-28",1420,"012412",,"2","9","0","3",,"2","060","-","N",,0,0,,,0,,,,"N",2,"A","-",21650,,"N","A","H","-","A","D","0","Y","L","04",0,1,0,0,0,0,1,0,0,"-","-","UNINCORPORATED","PLACER","CA",0,0
"6553139",-121.3443875,38.7435326,2014,"3100","5","4","3","08",0,1,"A",,,,,,1800,7,"F","A","A","VINEYARD RD","COOK RIOLO RD",2112,"W","N","2014-08-21",9220,"2014-07-10",1605,"012239",,"2","9","0","3",,"2","010","-","N",,0,0,,,0,,,,"Y",1,"A","-",22107,,"N","A","H","-","A","D","0","Y","A","01",0,1,0,0,0,0,0,0,0,"-","-","UNINCORPORATED","PLACER","CA",-121.34444,38.74352
"6553135",-121.0990618,38.9478784,2014,"3100","3","6","3","01",0,2,"A",,,,,,2100,7,"A","C","A","RT 49","QUARTZ DR",0,,"Y","2016-05-04",9220,"2014-07-05",1930,"012412",,"2","9","0","1",,"1","249","-","Y","PLA",3,49,"-","-",6.79,"I","5","S","Y",2,"A","-",23152,"E","F","A","H","-","A","D","0","Y","A","01",0,2,0,0,0,0,0,0,0,"-","-","UNINCORPORATED","PLACER","CA",-121.32843,38.54629
"6553131",-121.0909072,38.9325425,2014,"3100","3","2","4","12",0,1,"A",,,,,,1500,7,"D","C","A","RT 49","NEW AIRPORT RD",0,,"Y","2016-05-04",9220,"2014-07-01",1415,"013997",,"2","9","0","1",,"1","249","-","Y","PLA",3,49,"-","-",5.635,"I","5","N","Y",2,"A","-",21453,"A","N","A","H","-","A","A","0","Y","A","01",0,0,1,0,0,0,0,0,0,"-","-","UNINCORPORATED","PLACER","CA",0,0
"6551294",-120.9573431,39.1251952,2014,"3100","3","1","4","08",0,1,"A",,,,"Y",,900,6,"B","C","A","RT 174","WHITE OAK DR",528,"W","N","2016-03-26",9221,"2014-06-30",840,"015950",,"1","9","0","1",,"1","374","-","Y","PLA",3,174,"-","-",2.33,"H","-","N","Y",2,"A","-",22107,,"N","A","H","-","A","A","0","Y","A","01",0,0,1,0,0,0,0,0,0,"-","-","UNINCORPORATED","PLACER","CA",-120.95772,39.12497