"CASEID","POINT_X","POINT_Y","YEAR_","LOCATION","CHPTYPE","DAYWEEK","CRASHSEV","VIOLCAT","KILLED","INJURED","WEATHER1","PEDCOL","BICCOL","MCCOL","TRUCKCOL","ETOH","TIMECAT","MONTH_","CRASHTYP","INVOLVE","PED","PRIMARYRD","SECONDRD","DISTANCE","DIRECT","INTERSECT_","PROCDATE","JURIS","DATE_","TIME_","BADGE","JURIDIST","SHIFT","POP","SPECIAL","BEATTYPE","LAPDDIV","BEATCLAS","BEATNUMB","WEATHER2","STATEHW","CALTRANC","CALTRAND","STROUTE","ROUTESUF","POSTPRE","POSTMILE","LOCATYPE","RAMP","SIDEHW","TOWAWAY","PARTIES","PCF","VIOLCODE","VIOL","VIOLSUB","HITRUN","ROADSURF","RDCOND1","RDCOND2","LIGHTING","RIGHTWAY","CHPRDTYP","NOTPRIV","STFAULT","CHPFAULT","SEVINJ","OTHERINJ","COP","PEDKILL","PEDINJ","BICKILL","BICINJ","MCKILL","MCINJURE","RAMP1","RAMP2","CITY","COUNTY","STATE","X_CHP","Y_CHP"
"90354650",0,0,2016,"3105","1","2","4","03",0,1,"B",,,,,,1800,12,"C","C","A","I-80 W/B","RIVERSIDE AVE.",1584,"E","N","2016-12-27",9220,"2016-12-13",1527,"013856",,"2","5","0","1",,"2","281","-","Y",,0,0,,,0,,,,"Y",3,"A","-",22350,,"N","A","H","-","A","D","0","Y","A","01",0,0,1,0,0,0,0,0,0,"-","-","ROSEVILLE","PLACER","CA",0,0
"90354693",0,0,2016,"3104","1","3","4","03",0,1,"B",,,,,,1800,12,"C","C","A","I-80 W/B","SR-65",2112,"E","N","2016-12-27",9220,"2016-12-14",1735,"013856",,"2","4","0","1",,"2","282","-","Y",,0,0,,,0,,,,"Y",2,"A","-",22350,,"N","A","H","-","C","D","0","Y","D","22",0,0,1,0,0,0,0,0,0,"-","-","ROCKLIN","PLACER","CA",0,0
"90354731",0,0,2016,"3100","3","4","3","09",0,1,"B",,,,,,2100,12,"D","C","A","SR-49 (GRASS VALLEY HWY)","MASTERS CT",0,,"Y","2016-12-27",9220,"2016-12-15",1844,"013997",,"2","9","0","1",,"1","249","C","Y",,0,0,,,0,,,,"Y",2,"A","-",21802,"A","N","B","H","-","D","A","0","Y","A","01",0,1,0,0,0,0,0,0,0,"-","-","UNINCORPORATED","PLACER","CA",0,0
"90354910",0,0,2016,"3105","1","1","4","03",0,1,"A",,,,,,1800,12,"C","C","A","I-80 (E/B)","DOULGAS BOULEVARD O/C",1056,"E","N","2016-12-27",9220,"2016-12-19",1730,"013794",,"2","5","0","1",,"2","281","-","Y",,0,0,,,0,,,,"Y",4,"A","-",22350,,"N","A","H","-","C","D","0","Y","A","01",0,0,1,0,0,0,0,0,0,"-","-","ROSEVILLE","PLACER","CA",0,0
"90354940",0,0,2016,"3104","1","1","4","03",0,1,"A",,,,,,2100,12,"C","C","A","I-80 W/B","SR-65",2112,"E","N","2016-12-27",9220,"2016-12-19",1810,"013856",,"2","4","0","1",,"2","281","-","Y",,0,0,,,0,,,,"Y",2,"A","-",22350,,"N","A","H","-","C","D","0","Y","A","01",0,0,1,0,0,0,0,0,0,"-","-","ROCKLIN","PLACER","CA",0,0
"90354956",0,0,2016,"3105","1","1","4","03",0,1,"A",,,,,,2100,12,"C","C","A","I-80 E/B TO TAYLOR ROAD","TAYLOR RD",37,"E","N","2016-12-27",9220,"2016-12-19",1810,"013465",,"2","5","0","1",,"2","281","-","Y",,0,0,,,0,,,,"Y",3,"A","-",22350,,"N","A","H","-","C","D","0","Y","A","07",0,0,1,0,0,0,0,0,0,"-","-","ROSEVILLE","PLACER","CA",-121.15214,38.45539
"90355923",0,0,2016,"3100","4","3","4","03",0,1,"B",,,,,,2400,12,"C","C","A","BELL ROAD W/B","QUARTZ DRIVE",20,"E","N","2016-12-28",9220,"2016-12-14",2150,"016685",,"2","9","0","2",,"2","056","-","N",,0,0,,,0,,,,"N",2,"A","-",22350,,"F","A","H","-","C","A","0","Y","A","07",0,0,1,0,0,0,0,0,0,"-","-","UNINCORPORATED","PLACER","CA",-121.09444,38.9416
"90355946",-121.0927166,38.9424965,2016,"3100","4","2","4","09",0,1,"B",,,,,,1800,12,"D","C","A","BELL ROAD","QUARTZ DR",440,"E","N","2016-12-28",9220,"2016-12-20",1614,"016685",,"2","9","0","2",,"2","056","-","N",,0,0,,,0,,,,"Y",2,"A","-",21804,"A","N","A","H","-","A","A","0","Y","A","07",0,0,1,0,0,0,0,0,0,"-","-","UNINCORPORATED","PLACER","CA",-121.0927,38.94277
"90355967",0,0,2016,"3105","1","2","4","03",0,3,"A",,,,,,1800,12,"C","C","A","I-80 (E/B) FROM RIVERSIDE AVENUE","RIVERSIDE AVENUE O/C",1056,"E","N","2016-12-28",9220,"2016-12-20",1755,"013794",,"2","5","0","1",,"2","281","-","Y",,0,0,,,0,,,,"Y",2,"A","-",22350,,"N","A","H","-","C","D","0","Y","A","01",0,0,3,0,0,0,0,0,0,"-","-","ROSEVILLE","PLACER","CA",0,0
"90355972",0,0,2016,"3105","1","2","4","03",0,2,"A",,,,,,1800,12,"C","C","A","I-80 (E/B)","ROSEVILLE PARKWAY O/C",600,"W","N","2016-12-28",9220,"2016-12-20",1710,"013794",,"2","5","0","1",,"2","281","-","Y",,0,0,,,0,,,,"N",2,"A","-",22350,,"N","A","H","-","B","D","0","Y","A","07",0,0,2,0,0,0,0,0,0,"-","-","ROSEVILLE","PLACER","CA",0,0
"90356144",0,0,2016,"3104","1","3","3","01",0,1,"A",,,,,"Y",2100,12,"B","C","A","I-80 (W/B)","SIERRA COLLEGE BOULEVARD O/C",1584,"W","N","2016-12-28",9220,"2016-12-21",1935,"013794",,"2","4","0","1",,"2","281","-","Y",,0,0,,,0,,,,"Y",3,"A","-",23152,"A","M","A","H","-","D","D","0","Y","A","01",0,1,0,0,0,0,0,0,0,"-","-","ROCKLIN","PLACER","CA",0,0
"90356168",0,0,2016,"3100","1","3","4","03",0,2,"A",,,,,,1800,12,"C","C","A","I-80 E/B","BELL ROAD",1320,"W","N","2016-12-28",9220,"2016-12-21",1720,"016685",,"2","9","0","1",,"2","283","-","Y",,0,0,,,0,,,,"N",3,"A","-",22350,,"M","A","H","-","C","D","0","Y","A","01",0,0,2,0,0,0,0,0,0,"-","-","UNINCORPORATED","PLACER","CA",-121.04646,38.94434
"90356493",0,0,2016,"3105","1","4","4","03",0,1,"A",,,,,,1500,12,"C","C","A","I-80 E/B","EAST ROSEVILLE PKY",267,"E","N","2016-12-28",9220,"2016-12-22",1236,"015168",,"1","5","0","1",,"2","281","-","Y",,0,0,,,0,,,,"Y",3,"A","-",22350,,"N","A","H","-","A","D","0","Y","A","07",0,0,1,0,0,0,0,0,0,"-","-","ROSEVILLE","PLACER","CA",-121.25828,38.76327
"90356737",-121.2192988,38.9062905,2016,"3100","5","6","3","01",0,1,"B",,,,,"Y",1500,12,"E","I","A","FOWLER ROAD","VIRGINIA TOWN ROAD",3168,"N","N","2016-12-28",9220,"2016-12-24",1250,"013676",,"1","9","0","3",,"2","070","-","N",,0,0,,,0,,,,"Y",1,"A","-",23152,"A","N","A","H","-","A","D","0","Y","A","07",0,1,0,0,0,0,0,0,0,"-","-","UNINCORPORATED","PLACER","CA",-121.21513,38.90773
"90357175",-121.2649446,38.7771238,2016,"3105","3","4","4","03",0,1,"C",,,,,,1800,12,"C","C","A","SR-65 NB","GALLERIA BLVD",300,"S","N","2016-12-29",9220,"2016-12-08",1540,"014611",,"2","5","0","1",,"1","265","-","Y",,0,0,,,0,,,,"N",3,"A","-",22350,,"N","B","H","-","A","D","0","Y","A","01",0,0,1,0,0,0,0,0,0,"-","-","ROSEVILLE","PLACER","CA",0,0
"90357373",0,0,2016,"3100","1","6","3","08",0,1,"A",,,,,"Y",2100,12,"E","I","A","I-80 W/B","WEIMAR CROSS RD",125,"W","N","2016-12-29",9220,"2016-12-17",2028,"013997",,"2","9","0","1",,"2","283","-","Y",,0,0,,,0,,,,"Y",1,"A","-",22107,,"N","A","H","-","D","D","0","Y","D","22",0,1,0,0,0,0,0,0,0,"-","-","UNINCORPORATED","PLACER","CA",0,0
"90357443",-121.3069432,38.839035,2016,"3100","4","5","4","01",0,2,"A",,,,,"Y",2400,12,"D","C","A","INDUSTRIAL AVENUE","ATHENS AVENUE",0,,"Y","2016-12-29",9220,"2016-12-23",2245,"012239",,"3","9","0","2",,"2","015","-","N",,0,0,,,0,,,,"Y",2,"A","-",23152,"A","N","A","H","-","C","A","0","Y","D","22",0,0,2,0,0,0,0,0,0,"-","-","UNINCORPORATED","PLACER","CA",-121.30689,38.83843
"90357507",0,0,2016,"3105","1","7","4","01",0,2,"A",,,,,"Y",600,12,"C","C","A","I-80 E/B","RIVERSIDE AV O/C",900,"E","N","2016-12-29",9220,"2016-12-25",335,"012239",,"3","5","0","1",,"2","281","-","Y",,0,0,,,0,,,,"Y",2,"A","-",23152,"A","N","A","H","-","D","D","0","Y","A","01",0,0,2,0,0,0,0,0,0,"-","-","ROSEVILLE","PLACER","CA",-121.58878,38.36555
"90357579",0,0,2016,"3100","4","1","3","01",0,1,"A",,,,,"Y",1500,12,"E","I","A","DRY CREEK ROAD E/B","CHRISTIAN VALLEY ROAD",1056,"W","N","2016-12-29",9220,"2016-12-26",1400,"016685",,"2","9","0","2",,"2","058","-","N",,0,0,,,0,,,,"Y",1,"A","-",23152,"A","M","A","H","-","A","D","0","Y","D","22",0,1,0,0,0,0,0,0,0,"-","-","UNINCORPORATED","PLACER","CA",-121.02316,38.57259
"90357714",0,0,2016,"3100","3","4","4","01",0,1,"C",,,,,"Y",2100,12,"C","C","A","SR-49 S/B","KEMPER RD.",30,"N","N","2016-12-29",9220,"2016-12-08",1850,"016682",,"2","9","0","1",,"1","249","-","Y",,0,0,,,0,,,,"N",2,"A","-",23152,"A","M","B","H","-","C","A","0","Y","A","01",0,0,1,0,0,0,0,0,0,"-","-","UNINCORPORATED","PLACER","CA",-121.09111,38.93257
"90357851",-120.2109955,39.1835233,2016,"3100","5","5","3","17",0,1,"B",,,,,,1500,12,"A","C","A","ALPINE MEADOWS ROAD","SR-89 SOUTH",5280,"W","N","2016-12-29",9222,"2016-12-23",1420,"017907",,"2","9","0","3",,"2","010","D","N",,0,0,,,0,,,,"Y",3,"A","-",21662,"A","N","C","H","-","A","D","0","Y","A","07",0,1,0,0,0,0,0,0,0,"-","-","UNINCORPORATED","PLACER","CA",-120.20507,39.18667
"90357881",0,0,2016,"3100","1","1","3","08",0,2,"A",,,,,,1500,12,"E","I","A","I-80 W/B ","GOLD RUN OVER CROSSING",4224,"W","N","2016-12-29",9221,"2016-12-26",1340,"017669",,"1","9","0","1",,"2","384","-","Y",,0,0,,,0,,,,"Y",1,"A","-",22107,,"N","A","H","-","A","D","0","Y","A","07",0,2,0,0,0,0,0,0,0,"-","-","UNINCORPORATED","PLACER","CA",-120.86985,39.17126
"90358418",0,0,2016,"3100","3","7","2","01",0,1,"A",,,,,"Y",1800,10,"E","I","A","SR-65 S/B","TWELVE BRIDGES DR",75,"N","N","2016-12-30",9220,"2016-10-09",1620,"016668",,"2","9","0","1",,"1","265","-","Y",,0,0,,,0,,,,"Y",1,"A","-",23152,"A","N","A","H","-","A","D","0","Y","A","01",1,0,0,0,0,0,0,0,0,"-","-","UNINCORPORATED","PLACER","CA",0,0
"90359124",-121.0216531,39.0012851,2016,"3100","4","2","4","01",0,1,"A",,,,,,1800,11,"A","C","A","PLACER HILLS ROAD","COMBIE ROAD",0,,"Y","2017-01-02",9220,"2016-11-22",1605,"013299",,"2","9","1","2",,"2","051","-","N",,0,0,,,0,,,,"Y",2,"A","-",23152,"A","N","A","H","-","A","D","0","Y","A","01",0,0,1,0,0,0,0,0,0,"-","-","UNINCORPORATED","PLACER","CA",0,0
"90359137",0,0,2016,"3100","3","4","2","11",0,1,"C","Y",,,,,1800,12,"G","B","D","SR-65 N/B","RIOSA ROAD",0,,"Y","2017-01-02",9220,"2016-12-08",1724,"014611",,"2","9","0","1",,"1","267","-","Y",,0,0,,,0,,,,"N",2,"A","-",21954,"A","N","B","H","-","C","A","0","Y","N","60",1,0,0,0,1,0,0,0,0,"-","-","UNINCORPORATED","PLACER","CA",0,0
"90359150",0,0,2016,"3104","1","4","4","03",0,1,"C",,,,,,1500,12,"E","I","A","I-80 W/B","ROCKLIN RD",39,"E","N","2017-01-02",9220,"2016-12-15",1245,"016668",,"1","4","0","1",,"2","281","-","Y",,0,0,,,0,,,,"Y",1,"A","-",22350,,"N","B","H","-","A","D","0","Y","A","01",0,0,1,0,0,0,0,0,0,"-","-","ROCKLIN","PLACER","CA",-121.22545,38.78638
"90359174",-121.4184522,38.8971143,2016,"3100","5","5","3","08",0,1,"B",,,,,,1800,12,"E","I","A","NICOLAUS RD","WESTLAND RD",1500,"E","N","2017-01-02",9220,"2016-12-23",1545,"014611",,"2","9","0","3",,"2","010","C","N",,0,0,,,0,,,,"Y",1,"A","-",22107,,"N","B","H","-","A","D","0","Y","A","01",0,1,0,0,0,0,0,0,0,"-","-","UNINCORPORATED","PLACER","CA",0,0
"90359194",-121.0942631,38.9424851,2016,"3100","4","6","4","12",0,2,"A",,,,,"Y",2100,12,"A","C","A","BELL RD","QUARTZ DR",0,,"Y","2017-01-02",9220,"2016-12-24",1935,"013997",,"2","9","0","2",,"2","056","-","N",,0,0,,,0,,,,"Y",2,"A","-",21453,"A","N","A","H","-","C","A","0","Y","A","08",0,0,2,0,0,0,0,0,0,"-","-","UNINCORPORATED","PLACER","CA",0,0
"90359223",0,0,2016,"3100","1","4","4","04",0,1,"A",,,,,,1200,12,"C","C","A","I-80 E/B","ROCK SPRINGS ROAD U/C",100,"E","N","2017-01-02",9220,"2016-12-29",1110,"013676",,"1","9","0","1",,"2","282","-","Y",,0,0,,,0,,,,"Y",2,"A","-",21703,,"N","A","H","-","A","D","0","Y","A","07",0,0,1,0,0,0,0,0,0,"-","-","UNINCORPORATED","PLACER","CA",-121.16414,38.83744
"90359227",-121.1883269,38.7440463,2016,"3100","4","4","4","08",0,1,"A",,,,,,2100,12,"A","C","A","DOUGLAS BLVD. EASTBOUND","BARTON RD",250,"E","N","2017-01-02",9220,"2016-12-29",1835,"014438",,"2","9","0","2",,"2","022","-","N",,0,0,,,0,,,,"Y",2,"A","-",22107,,"F","A","H","-","C","D","0","Y","A","07",0,0,1,0,0,0,0,0,0,"-","-","UNINCORPORATED","PLACER","CA",0,0
"90359230",-120.9039815,39.0006695,2016,"3100","4","4","4","18",0,1,"A",,,"Y",,,1200,12,"E","J","A","FORESTHILL RD","MCKEON PONDEROSA WAY",528,"E","N","2017-01-02",9220,"2016-12-29",1035,"016668",,"1","9","0","2",,"2","064","-","N",,0,0,,,0,,,,"Y",2,"C","-",0,,"N","A","H","-","A","D","0","Y","-","-",0,0,1,0,0,0,0,0,1,"-","-","UNINCORPORATED","PLACER","CA",-121.90231,39.0058
"90359740",-120.1591976,39.1179942,2016,"3100","3","5","3","03",0,5,"D",,,,,,1200,12,"A","C","A","SR-89 SOUTH","ELIZABETH DRIVE",1056,"N","N","2017-01-03",9222,"2016-12-23",904,"017288",,"1","9","0","1",,"1","011","-","Y",,0,0,,,0,,,,"Y",2,"A","-",22350,,"N","C","H","-","A","A","0","Y","A","01",0,1,4,0,0,0,0,0,0,"-","-","UNINCORPORATED","PLACER","CA",-120.15837,39.11737
"90359880",0,0,2016,"3100","5","1","4","22",0,1,"A",,,"Y",,,1800,12,"E","J","A","MT. WATSON ROAD","SR-267",24816,"W","N","2017-01-03",9222,"2016-12-26",1530,"018315",,"2","9","0","3",,"2","010","-","N",,0,0,,,0,,,,"Y",1,"B","-",0,,"N","C","H","-","A","D","0","Y","C","06",0,0,1,0,0,0,0,0,1,"-","-","UNINCORPORATED","PLACER","CA",0,0
"90360209",0,0,2016,"3100","5","4","4","03",0,1,"A",,,,,,1200,12,"E","J","A","GRANLIBAKKEN ROAD","KIMBERLY DRIVE",1056,"W","N","2017-01-03",9222,"2016-12-29",1015,"017091",,"1","9","0","3",,"2","010","-","N",,0,0,,,0,,,,"Y",1,"A","-",22350,,"N","B","H","-","A","D","0","Y","A","07",0,0,1,0,0,0,0,0,0,"-","-","UNINCORPORATED","PLACER","CA",-120.15229,39.15805
"90360542",0,0,2016,"3100","1","5","4","05",0,2,"C",,,,,,2100,12,"C","C","A","I-80 W/B","WHITMORE STATION ENTRANCE",3168,"E","N","2017-01-04",9221,"2016-12-16",2035,"019671",,"2","9","0","1",,"2","386","-","Y",,0,0,,,0,,,,"Y",3,"A","-",21651,"C","M","B","H","-","D","D","0","Y","-","99",0,0,2,0,0,0,0,0,0,"-","-","UNINCORPORATED","PLACER","CA",-120.72827,39.2649
"90360796",-121.247153,38.8865151,2016,"3100","3","4","4","09",0,1,"C",,,,,,2100,12,"B","C","A","SR-193","STAGECOACH LN",0,,"Y","2017-02-16",9220,"2016-12-15",2005,"016682",,"2","9","0","1",,"2","193","-","Y",,0,0,,,0,,,,"Y",2,"A","-",21802,"A","N","B","H","-","D","A","0","Y","A","01",0,0,1,0,0,0,0,0,0,"-","-","UNINCORPORATED","PLACER","CA",-121.24512,38.88643
"90360927",0,0,2016,"3100","1","2","3","07",0,2,"A",,,,,,1500,12,"E","I","A","I-80 W/B","UNION PACIFIC RAILROAD OVER CROSSING",2640,"E","N","2017-01-04",9221,"2016-12-27",1310,"017669",,"1","9","0","1",,"2","384","-","Y",,0,0,,,0,,,,"Y",2,"A","-",21658,"A","N","A","H","-","A","D","0","Y","A","07",0,2,0,0,0,0,0,0,0,"-","-","UNINCORPORATED","PLACER","CA",-120.93123,39.13433
"90361143",0,0,2016,"3105","3","5","3","03",0,2,"C",,,,,,1800,12,"C","C","A","SR-65 S/B TO GALLERIA BOULEVARD","GALLERIA BLVD.",53,"N","N","2017-01-04",9220,"2016-12-23",1640,"016682",,"2","5","0","1",,"1","265","-","Y",,0,0,,,0,,,,"N",2,"A","-",22350,,"N","B","H","-","A","D","0","Y","A","01",0,1,1,0,0,0,0,0,0,"-","-","ROSEVILLE","PLACER","CA",-121.26726,38.77758
"90361337",-121.3646457,38.7301981,2016,"3100","4","6","4","03",0,3,"A",,,,,,1800,12,"C","C","A","WALERGA RD","PFE RD",500,"N","N","2017-01-04",9220,"2016-12-31",1720,"016031",,"2","9","0","2",,"1","013","-","N",,0,0,,,0,,,,"Y",4,"A","-",22350,,"N","A","H","-","D","A","0","Y","A","01",0,0,3,0,0,0,0,0,0,"-","-","UNINCORPORATED","PLACER","CA",0,0
"90361524",0,0,2016,"3105","S","2","4","03",0,2,"A",,,,,,1800,12,"C","C","A","I-80 E/B","EUREKA RD.",75,"W","N","2017-01-04",9220,"2016-12-20",1717,"013856",,"2","5","0","1",,"2","001","-","Y",,0,0,,,0,,,,"Y",3,"A","-",22350,,"N","A","H","-","C","D","0","Y","D","22",0,0,2,0,0,0,0,0,0,"-","-","ROSEVILLE","PLACER","CA",0,0
"90361543",-121.1232249,38.8730511,2016,"3100","5","2","1","08",1,0,"A",,,,,,300,10,"E","I","A","INDIAN HILL RD.","NEWCASTLE RD.",2112,"E","N","2017-02-24",9220,"2016-10-04",230,"013466",,"3","9","0","3",,"2","070","-","N",,0,0,,,0,,,,"Y",1,"A","-",22107,,"N","A","H","-","D","A","0","Y","A","07",0,0,0,0,0,0,0,0,0,"-","-","UNINCORPORATED","PLACER","CA",0,0
"90361901",0,0,2016,"3105","1","2","2","01",0,1,"A",,,"Y",,"Y",1800,9,"C","C","A","I-80 (E/B)","TAYLOR ROAD O/C",103,"W","N","2017-01-05",9220,"2016-09-20",1659,"013794",,"2","5","0","1",,"2","281","-","Y",,0,0,,,0,,,,"Y",2,"A","-",23152,"A","N","A","H","-","A","D","0","Y","C","02",1,0,0,0,0,0,0,0,1,"-","-","ROSEVILLE","PLACER","CA",0,0
"90362305",0,0,2016,"3100","1","5","3","03",0,1,"A",,,,,,1800,12,"E","I","A","I-80 W/B ","SR-174 O/C",0,,"N","2017-01-05",9221,"2016-12-30",1645,"017979",,"2","9","0","1",,"2","384","-","Y",,0,0,,,0,,,,"N",1,"A","-",22350,,"N","A","H","-","D","A","0","Y","A","01",0,1,0,0,0,0,0,0,0,"-","-","UNINCORPORATED","PLACER","CA",0,0
"90362346",-120.671423,39.3038951,2016,"3100","3","4","4","03",0,1,"B",,,,,,1800,12,"D","C","A","BOWMAN LAKE RD","SR-20",0,,"Y","2017-01-05",9221,"2016-12-29",1615,"019671",,"2","9","0","1",,"1","320","-","Y",,0,0,,,0,,,,"N",2,"A","-",22350,,"N","B","B","-","A","D","0","Y","A","07",0,0,1,0,0,0,0,0,0,"-","-","UNINCORPORATED","PLACER","CA",-120.67135,39.30408
"90362909",-121.1291998,38.9344302,2016,"3100","4","5","2","01",0,1,"B",,,,,"Y",1800,12,"E","I","A","MOUNT VERNON RD","SHANLEY RD",1320,"W","N","2017-01-06",9220,"2016-12-23",1615,"013465",,"2","9","0","2",,"2","042","C","N",,0,0,,,0,,,,"Y",1,"A","-",23152,"A","N","B","H","-","A","D","0","Y","A","01",1,0,0,0,0,0,0,0,0,"-","-","UNINCORPORATED","PLACER","CA",-121.74456,38.56408
"90364196",0,0,2016,"3100","3","3","4","03",0,1,"A",,,,,,1500,12,"C","C","A","SR-267","HIGHLAND VIEW RD",2640,"S","N","2017-01-09",9222,"2016-12-28",1420,"015590",,"2","9","0","1",,"1","016","-","Y",,0,0,,,0,,,,"Y",3,"A","-",22350,,"N","A","H","-","A","D","0","Y","A","07",0,0,1,0,0,0,0,0,0,"-","-","UNINCORPORATED","PLACER","CA",-120.1019,39.27543
"90365304",0,0,2016,"3105","1","1","4","07",0,1,"A",,,,,,1500,12,"B","C","A","I-80 E/B","TAYLOR RD",130,"W","N","2017-01-10",9220,"2016-12-26",1255,"016031",,"1","5","0","1",,"2","281","-","Y",,0,0,,,0,,,,"Y",2,"A","-",21658,"A","N","A","H","-","A","D","0","Y","A","07",0,0,1,0,0,0,0,0,0,"-","-","ROSEVILLE","PLACER","CA",0,0
"90365475",-121.0250945,38.9816614,2016,"3100","4","4","2","08",0,1,"A",,,,,"Y",2100,12,"E","I","A","PLACER HILLS RD","PINEWOOD WAY",528,"N","N","2017-01-10",9220,"2016-12-22",1830,"013997",,"2","9","0","2",,"2","051","-","N",,0,0,,,0,,,,"Y",1,"A","-",22107,,"N","A","H","-","D","D","0","Y","A","07",1,0,0,0,0,0,0,0,0,"-","-","UNINCORPORATED","PLACER","CA",0,0
"90365690",0,0,2016,"3100","1","2","4","07",0,3,"A",,,,,,2100,12,"B","C","A","I-80 W/B","OPHIR RD.",2112,"W","N","2017-01-24",9220,"2016-12-27",1820,"013856",,"2","9","0","1",,"2","282","-","Y",,0,0,,,0,,,,"Y",2,"A","-",21658,"A","N","A","H","-","D","D","0","Y","D","22",0,0,3,0,0,0,0,0,0,"-","-","UNINCORPORATED","PLACER","CA",0,0
"90366669",0,0,2016,"3104","1","5","4","03",0,1,"B",,,,,,1200,12,"C","C","A","I-80 W/B","SR-65",1056,"E","N","2017-01-11",9220,"2016-12-09",1113,"014282",,"1","4","0","1",,"2","281","-","Y",,0,0,,,0,,,,"Y",3,"A","-",22350,,"N","B","H","-","A","D","0","Y","A","01",0,0,1,0,0,0,0,0,0,"-","-","ROCKLIN","PLACER","CA",-121.24118,38.77459
"90367219",0,0,2016,"3100","5","6","4","03",0,1,"B","Y",,,,,1500,12,"A","E","E","DONNER PASS RD"," HAMPSHIRE ROCKS RD UC",300,"E","N","2017-01-11",9221,"2016-12-24",1430,"019671",,"2","9","0","3",,"2","070","-","N",,0,0,,,0,,,,"N",4,"A","-",22350,,"N","C","C","-","A","D","0","Y","A","01",0,0,1,0,1,0,0,0,0,"-","-","UNINCORPORATED","PLACER","CA",-120.49822,39.3128
"90370327",0,0,2016,"3105","1","4","4","08",0,1,"B",,,,,,1200,12,"B","C","A","I-80 E/B FROM RIVERSIDE AVE","RIVERSIDE AVE",528,"E","N","2017-01-17",9220,"2016-12-08",1140,"014282",,"1","5","0","1",,"2","281","C","Y",,0,0,,,0,,,,"N",2,"A","-",22107,,"N","B","H","-","A","D","0","Y","A","01",0,0,1,0,0,0,0,0,0,"-","-","ROSEVILLE","PLACER","CA",-121.28879,38.72494
"90371108",0,0,2016,"3105","3","5","4","07",0,2,"A",,,,,,2100,12,"B","C","A","SR-65 N/B","BLUE OAKS BLVD",350,"S","N","2017-02-13",9220,"2016-12-30",1944,"014611",,"2","5","0","1",,"1","265","-","Y",,0,0,,,0,,,,"Y",2,"A","-",21658,"A","N","A","H","-","C","D","0","Y","A","01",0,0,2,0,0,0,0,0,0,"-","-","ROSEVILLE","PLACER","CA",0,0
"90371446",0,0,2016,"3105","1","4","4","03",0,1,"A",,,,,,2100,12,"C","C","A","I-80 W/B FROM DOUGLAS BLVD.","DOUGLAS BLVD.",278,"E","N","2017-01-18",9220,"2016-12-29",1950,"016682",,"2","5","0","1",,"2","281","-","Y",,0,0,,,0,,,,"Y",2,"A","-",22350,,"N","A","H","-","D","B","0","Y","A","01",0,0,1,0,0,0,0,0,0,"-","-","ROSEVILLE","PLACER","CA",-121.27145,38.74506
"90371698",0,0,2016,"3105","1","7","1","08",1,0,"B",,,,,,300,12,"E","I","A","I-80 E/B TO RIVERSIDE AVENUE","RIVERSIDE AVENUE",166,"E","N","2017-01-18",9220,"2016-12-11",130,"012239",,"3","5","0","1",,"2","281","-","Y",,0,0,,,0,,,,"Y",1,"A","-",22107,,"N","B","H","-","C","D","0","Y","A","01",0,0,0,0,0,0,0,0,0,"-","-","ROSEVILLE","PLACER","CA",-121.23467,38.32424
"90380097",-121.0029294,39.0383381,2016,"3100","4","5","1","01",1,0,"B",,,,,"Y",2400,12,"E","I","A","PLACER HILLS ROAD","GOLD RIDGE LANE",165,"W","N","2017-02-01",9220,"2016-12-23",2140,"013997",,"2","9","0","2",,"2","051","-","N",,0,0,,,0,,,,"Y",1,"A","-",23152,"F","N","B","H","-","D","D","0","Y","A","01",0,0,0,0,0,0,0,0,0,"-","-","UNINCORPORATED","PLACER","CA",0,0
"90382292",0,0,2016,"3100","4","7","1","03",1,0,"B",,,,,,1500,11,"E","I","A","FORESTHILL ROAD","BELLA VISTA CIRCLE",1002,"W","N","2017-01-31",9220,"2016-11-20",1215,"013299",,"1","9","0","2",,"2","064","-","N",,0,0,,,0,,,,"Y",1,"A","-",22350,,"N","B","H","-","A","D","0","Y","A","01",0,0,0,0,0,0,0,0,0,"-","-","UNINCORPORATED","PLACER","CA",0,0
"90384050",0,0,2016,"3100","1","4","1","05",1,1,"B",,,,,,2400,10,"A","C","A","I-80 W/B","LONG RAVINE U/C",18,"E","N","2017-02-01",9221,"2016-10-13",2105,"017320",,"2","9","0","1",,"2","384","-","Y",,0,0,,,0,,,,"Y",2,"A","-",21651,"B","N","A","H","-","D","A","0","Y","A","01",0,1,0,0,0,0,0,0,0,"-","-","UNINCORPORATED","PLACER","CA",-120.94084,39.1223
"90390381",0,0,2016,"3100","3","4","1","03",2,0,"B",,,,,,1500,12,"A","C","A","SR-49 (GRASS VALLEY HWY) ","SOUTH FORK DRY CREEK BRIDGE",2,"S","N","2017-02-10",9220,"2016-12-15",1315,"014466",,"1","9","0","1",,"1","249","C","Y",,0,0,,,0,,,,"Y",2,"A","-",22350,,"N","B","H","-","A","D","0","Y","A","01",0,0,0,0,0,0,0,0,0,"-","-","UNINCORPORATED","PLACER","CA",0,0
"90396887",-121.3759131,38.979605,2016,"3100","3","1","4","09",0,1,"B",,,,,,900,11,"A","C","A","SR-65","RIOSA RD",0,,"Y","2017-02-21",9220,"2016-11-28",835,"013257",,"1","9","0","1",,"1","267","-","Y",,0,0,,,0,,,,"Y",2,"A","-",21801,"A","N","B","H","-","A","A","0","Y","D","22",0,0,1,0,0,0,0,0,0,"-","-","UNINCORPORATED","PLACER","CA",0,0